run,stage,session_id,sequence,sim_time_s,sim_dt_s,device_timestamp_us,mcu_execution_us,round_trip_us,flight_state,fault_flags,phase,north_m,east_m,down_m,north_mps,east_mps,down_mps,roll_rad,pitch_rad,yaw_rad,motor_1_rad_s,motor_2_rad_s,motor_3_rad_s,motor_4_rad_s
1,grounded,2909152613,1,0.010000,0.010000,358435000,1474,24917,0,0,grounded,0.000000,0.000000,0.000000,0.000000,0.000000,0.000000,0.000000,0.000000,0.000000,0.000000,0.000000,0.000000,0.000000
1,grounded,2909152613,2,0.020000,0.010000,358458000,285,22465,0,0,grounded,0.000000,0.000000,0.000000,0.000000,0.000000,0.000000,0.000000,0.000000,0.000000,0.000000,0.000000,0.000000,0.000000
1,grounded,2909152613,3,0.030000,0.010000,358481000,284,22560,0,0,grounded,0.000000,0.000000,0.000000,0.000000,0.000000,0.000000,0.000000,0.000000,0.000000,0.000000,0.000000,0.000000,0.000000
1,takeoff,2909152613,4,0.040000,0.010000,358504000,669,22997,1,0,taking_off,0.000000,0.000000,0.000000,0.000000,0.000000,0.000000,0.000000,0.000000,0.000000,0.000000,0.000000,0.000000,0.000000
1,takeoff,2909152613,5,0.050000,0.010000,358527000,669,23467,1,0,taking_off,0.000000,0.000000,0.000000,0.000000,0.000000,0.000000,0.000000,0.000000,0.000000,0.000000,0.000000,0.000000,0.000000
1,takeoff,2909152613,6,0.060000,0.010000,358551000,669,23388,1,0,taking_off,0.000000,0.000000,0.000000,0.000000,0.000000,0.000000,0.000000,0.000000,0.000000,0.000000,0.000000,0.000000,0.000000
1,takeoff,2909152613,7,0.070000,0.010000,358574000,774,23471,1,0,taking_off,0.000000,0.000000,-0.000070,0.000000,0.000000,-0.014000,0.000000,0.000000,0.000000,648.266418,648.266418,648.266418,648.266418
1,takeoff,2909152613,8,0.080000,0.010000,358597000,774,23296,1,0,taking_off,0.000000,0.000000,-0.000280,0.000000,0.000000,-0.028000,0.000000,0.000000,0.000000,648.266418,648.266418,648.266418,648.266418
1,takeoff,2909152613,9,0.090000,0.010000,358621000,774,23347,1,0,taking_off,0.000000,0.000000,-0.000630,0.000000,0.000000,-0.042000,0.000000,0.000000,0.000000,648.266418,648.266418,648.266418,648.266418
1,takeoff,2909152613,10,0.100000,0.010000,358644000,774,23438,1,0,taking_off,0.000000,0.000000,-0.001120,0.000000,0.000000,-0.056000,0.000000,0.000000,0.000000,648.266418,648.266418,648.266418,648.266418
1,takeoff,2909152613,11,0.110000,0.010000,358668000,771,23259,1,0,taking_off,0.000000,0.000000,-0.001744,0.000000,0.000000,-0.068880,0.000000,0.000000,0.000000,645.018921,645.018921,645.018921,645.018921
1,takeoff,2909152613,12,0.120000,0.010000,358691000,771,23303,1,0,taking_off,0.000000,0.000000,-0.002498,0.000000,0.000000,-0.081760,0.000000,0.000000,0.000000,645.018921,645.018921,645.018921,645.018921
1,takeoff,2909152613,13,0.130000,0.010000,358715000,771,23417,1,0,taking_off,0.000000,0.000000,-0.003380,0.000000,0.000000,-0.094640,0.000000,0.000000,0.000000,645.018921,645.018921,645.018921,645.018921
1,takeoff,2909152613,14,0.140000,0.010000,358738000,771,23468,1,0,taking_off,0.000000,0.000000,-0.004390,0.000000,0.000000,-0.107520,0.000000,0.000000,0.000000,645.018921,645.018921,645.018921,645.018921
1,takeoff,2909152613,15,0.150000,0.010000,358762000,766,23450,1,0,taking_off,0.000000,0.000000,-0.005525,0.000000,0.000000,-0.119370,0.000000,0.000000,0.000000,642.016663,642.016663,642.016663,642.016663
1,takeoff,2909152613,16,0.160000,0.010000,358785000,766,23532,1,0,taking_off,0.000000,0.000000,-0.006778,0.000000,0.000000,-0.131219,0.000000,0.000000,0.000000,642.016663,642.016663,642.016663,642.016663
1,takeoff,2909152613,17,0.170000,0.010000,358809000,766,23331,1,0,taking_off,0.000000,0.000000,-0.008149,0.000000,0.000000,-0.143069,0.000000,0.000000,0.000000,642.016663,642.016663,642.016663,642.016663
1,takeoff,2909152613,18,0.180000,0.010000,358832000,766,23414,1,0,taking_off,0.000000,0.000000,-0.009639,0.000000,0.000000,-0.154918,0.000000,0.000000,0.000000,642.016663,642.016663,642.016663,642.016663
1,takeoff,2909152613,19,0.190000,0.010000,358856000,773,23493,1,0,taking_off,0.000000,0.000000,-0.011243,0.000000,0.000000,-0.165820,0.000000,0.000000,0.000000,639.242126,639.242126,639.242126,639.242126
1,takeoff,2909152613,20,0.200000,0.010000,358879000,773,23284,1,0,taking_off,0.000000,0.000000,-0.012956,0.000000,0.000000,-0.176722,0.000000,0.000000,0.000000,639.242126,639.242126,639.242126,639.242126
1,takeoff,2909152613,21,0.210000,0.010000,358902000,773,23286,1,0,taking_off,0.000000,0.000000,-0.014777,0.000000,0.000000,-0.187623,0.000000,0.000000,0.000000,639.242126,639.242126,639.242126,639.242126
1,takeoff,2909152613,22,0.220000,0.010000,358926000,773,23412,1,0,taking_off,0.000000,0.000000,-0.016708,0.000000,0.000000,-0.198525,0.000000,0.000000,0.000000,639.242126,639.242126,639.242126,639.242126
1,takeoff,2909152613,23,0.230000,0.010000,358949000,772,23272,1,0,taking_off,0.000000,0.000000,-0.018743,0.000000,0.000000,-0.208554,0.000000,0.000000,0.000000,636.678894,636.678894,636.678894,636.678894
1,takeoff,2909152613,24,0.240000,0.010000,358973000,772,23224,1,0,taking_off,0.000000,0.000000,-0.020879,0.000000,0.000000,-0.218584,0.000000,0.000000,0.000000,636.678894,636.678894,636.678894,636.678894
1,takeoff,2909152613,25,0.250000,0.010000,358996000,772,23198,1,0,taking_off,0.000000,0.000000,-0.023115,0.000000,0.000000,-0.228613,0.000000,0.000000,0.000000,636.678894,636.678894,636.678894,636.678894
1,takeoff,2909152613,26,0.260000,0.010000,359019000,772,23358,1,0,taking_off,0.000000,0.000000,-0.025451,0.000000,0.000000,-0.238643,0.000000,0.000000,0.000000,636.678894,636.678894,636.678894,636.678894
1,takeoff,2909152613,27,0.270000,0.010000,359043000,767,23154,1,0,taking_off,0.000000,0.000000,-0.027884,0.000000,0.000000,-0.247870,0.000000,0.000000,0.000000,634.311523,634.311523,634.311523,634.311523
1,takeoff,2909152613,28,0.280000,0.010000,359066000,767,23410,1,0,taking_off,0.000000,0.000000,-0.030409,0.000000,0.000000,-0.257097,0.000000,0.000000,0.000000,634.311523,634.311523,634.311523,634.311523
1,takeoff,2909152613,29,0.290000,0.010000,359090000,767,23418,1,0,taking_off,0.000000,0.000000,-0.033026,0.000000,0.000000,-0.266324,0.000000,0.000000,0.000000,634.311523,634.311523,634.311523,634.311523
1,takeoff,2909152613,30,0.300000,0.010000,359113000,767,23081,1,0,taking_off,0.000000,0.000000,-0.035735,0.000000,0.000000,-0.275551,0.000000,0.000000,0.000000,634.311523,634.311523,634.311523,634.311523
1,takeoff,2909152613,31,0.310000,0.010000,359136000,769,23359,1,0,taking_off,0.000000,0.000000,-0.038533,0.000000,0.000000,-0.284040,0.000000,0.000000,0.000000,632.125793,632.125793,632.125793,632.125793
1,takeoff,2909152613,32,0.320000,0.010000,359160000,769,23449,1,0,taking_off,0.000000,0.000000,-0.041416,0.000000,0.000000,-0.292529,0.000000,0.000000,0.000000,632.125793,632.125793,632.125793,632.125793
1,takeoff,2909152613,33,0.330000,0.010000,359183000,769,23333,1,0,taking_off,0.000000,0.000000,-0.044384,0.000000,0.000000,-0.301018,0.000000,0.000000,0.000000,632.125793,632.125793,632.125793,632.125793
1,takeoff,2909152613,34,0.340000,0.010000,359207000,769,23447,1,0,taking_off,0.000000,0.000000,-0.047436,0.000000,0.000000,-0.309507,0.000000,0.000000,0.000000,632.125793,632.125793,632.125793,632.125793
1,takeoff,2909152613,35,0.350000,0.010000,359230000,768,23444,1,0,taking_off,0.000000,0.000000,-0.050571,0.000000,0.000000,-0.317317,0.000000,0.000000,0.000000,630.108154,630.108154,630.108154,630.108154
1,takeoff,2909152613,36,0.360000,0.010000,359254000,768,23389,1,0,taking_off,0.000000,0.000000,-0.053783,0.000000,0.000000,-0.325127,0.000000,0.000000,0.000000,630.108154,630.108154,630.108154,630.108154
1,takeoff,2909152613,37,0.370000,0.010000,359277000,768,23569,1,0,taking_off,0.000000,0.000000,-0.057073,0.000000,0.000000,-0.332937,0.000000,0.000000,0.000000,630.108154,630.108154,630.108154,630.108154
1,takeoff,2909152613,38,0.380000,0.010000,359301000,768,23496,1,0,taking_off,0.000000,0.000000,-0.060442,0.000000,0.000000,-0.340747,0.000000,0.000000,0.000000,630.108154,630.108154,630.108154,630.108154
1,takeoff,2909152613,39,0.390000,0.010000,359324000,772,23116,1,0,taking_off,0.000000,0.000000,-0.063885,0.000000,0.000000,-0.347932,0.000000,0.000000,0.000000,628.246277,628.246277,628.246277,628.246277
1,takeoff,2909152613,40,0.400000,0.010000,359347000,772,23236,1,0,taking_off,0.000000,0.000000,-0.067400,0.000000,0.000000,-0.355117,0.000000,0.000000,0.000000,628.246277,628.246277,628.246277,628.246277
1,takeoff,2909152613,41,0.410000,0.010000,359371000,772,23473,1,0,taking_off,0.000000,0.000000,-0.070987,0.000000,0.000000,-0.362302,0.000000,0.000000,0.000000,628.246277,628.246277,628.246277,628.246277
1,takeoff,2909152613,42,0.420000,0.010000,359395000,772,24219,1,0,taking_off,0.000000,0.000000,-0.074646,0.000000,0.000000,-0.369487,0.000000,0.000000,0.000000,628.246277,628.246277,628.246277,628.246277
1,takeoff,2909152613,43,0.430000,0.010000,359419000,770,23281,1,0,taking_off,0.000000,0.000000,-0.078374,0.000000,0.000000,-0.376097,0.000000,0.000000,0.000000,626.528442,626.528442,626.528442,626.528442
1,takeoff,2909152613,44,0.440000,0.010000,359442000,770,23326,1,0,taking_off,0.000000,0.000000,-0.082168,0.000000,0.000000,-0.382708,0.000000,0.000000,0.000000,626.528442,626.528442,626.528442,626.528442
1,takeoff,2909152613,45,0.450000,0.010000,359466000,770,23435,1,0,taking_off,0.000000,0.000000,-0.086028,0.000000,0.000000,-0.389318,0.000000,0.000000,0.000000,626.528442,626.528442,626.528442,626.528442
1,takeoff,2909152613,46,0.460000,0.010000,359489000,770,23336,1,0,taking_off,0.000000,0.000000,-0.089955,0.000000,0.000000,-0.395928,0.000000,0.000000,0.000000,626.528442,626.528442,626.528442,626.528442
1,takeoff,2909152613,47,0.470000,0.010000,359512000,770,23349,1,0,taking_off,0.000000,0.000000,-0.093944,0.000000,0.000000,-0.402010,0.000000,0.000000,0.000000,624.943787,624.943787,624.943787,624.943787
1,takeoff,2909152613,48,0.480000,0.010000,359536000,770,23230,1,0,taking_off,0.000000,0.000000,-0.097995,0.000000,0.000000,-0.408091,0.000000,0.000000,0.000000,624.943787,624.943787,624.943787,624.943787
1,takeoff,2909152613,49,0.490000,0.010000,359559000,770,23262,1,0,taking_off,0.000000,0.000000,-0.102106,0.000000,0.000000,-0.414172,0.000000,0.000000,0.000000,624.943787,624.943787,624.943787,624.943787
1,takeoff,2909152613,50,0.500000,0.010000,359583000,770,23404,1,0,taking_off,0.000000,0.000000,-0.106278,0.000000,0.000000,-0.420254,0.000000,0.000000,0.000000,624.943787,624.943787,624.943787,624.943787
1,takeoff,2909152613,51,0.510000,0.010000,359606000,773,23311,1,0,taking_off,0.000000,0.000000,-0.110509,0.000000,0.000000,-0.425849,0.000000,0.000000,0.000000,623.482422,623.482422,623.482422,623.482422
1,takeoff,2909152613,52,0.520000,0.010000,359629000,773,23217,1,0,taking_off,0.000000,0.000000,-0.114795,0.000000,0.000000,-0.431444,0.000000,0.000000,0.000000,623.482422,623.482422,623.482422,623.482422
1,takeoff,2909152613,53,0.530000,0.010000,359653000,773,23212,1,0,taking_off,0.000000,0.000000,-0.119138,0.000000,0.000000,-0.437039,0.000000,0.000000,0.000000,623.482422,623.482422,623.482422,623.482422
1,takeoff,2909152613,54,0.540000,0.010000,359676000,773,23088,1,0,taking_off,0.000000,0.000000,-0.123536,0.000000,0.000000,-0.442634,0.000000,0.000000,0.000000,623.482422,623.482422,623.482422,623.482422
1,takeoff,2909152613,55,0.550000,0.010000,359699000,772,23260,1,0,taking_off,0.000000,0.000000,-0.127988,0.000000,0.000000,-0.447781,0.000000,0.000000,0.000000,622.134888,622.134888,622.134888,622.134888
1,takeoff,2909152613,56,0.560000,0.010000,359723000,772,23265,1,0,taking_off,0.000000,0.000000,-0.132492,0.000000,0.000000,-0.452928,0.000000,0.000000,0.000000,622.134888,622.134888,622.134888,622.134888
1,takeoff,2909152613,57,0.570000,0.010000,359746000,772,23340,1,0,taking_off,0.000000,0.000000,-0.137047,0.000000,0.000000,-0.458075,0.000000,0.000000,0.000000,622.134888,622.134888,622.134888,622.134888
1,takeoff,2909152613,58,0.580000,0.010000,359769000,772,23378,1,0,taking_off,0.000000,0.000000,-0.141653,0.000000,0.000000,-0.463223,0.000000,0.000000,0.000000,622.134888,622.134888,622.134888,622.134888
1,takeoff,2909152613,59,0.590000,0.010000,359793000,767,23233,1,0,taking_off,0.000000,0.000000,-0.146309,0.000000,0.000000,-0.467958,0.000000,0.000000,0.000000,620.892639,620.892639,620.892639,620.892639
1,takeoff,2909152613,60,0.600000,0.010000,359816000,767,23351,1,0,taking_off,0.000000,0.000000,-0.151012,0.000000,0.000000,-0.472694,0.000000,0.000000,0.000000,620.892639,620.892639,620.892639,620.892639
1,takeoff,2909152613,61,0.610000,0.010000,359840000,767,23341,1,0,taking_off,0.000000,0.000000,-0.155763,0.000000,0.000000,-0.477429,0.000000,0.000000,0.000000,620.892639,620.892639,620.892639,620.892639
1,takeoff,2909152613,62,0.620000,0.010000,359863000,767,23218,1,0,taking_off,0.000000,0.000000,-0.160561,0.000000,0.000000,-0.482165,0.000000,0.000000,0.000000,620.892639,620.892639,620.892639,620.892639
1,takeoff,2909152613,63,0.630000,0.010000,359886000,773,23183,1,0,taking_off,0.000000,0.000000,-0.165404,0.000000,0.000000,-0.486522,0.000000,0.000000,0.000000,619.747498,619.747498,619.747498,619.747498
1,takeoff,2909152613,64,0.640000,0.010000,359909000,773,23261,1,0,taking_off,0.000000,0.000000,-0.170291,0.000000,0.000000,-0.490878,0.000000,0.000000,0.000000,619.747498,619.747498,619.747498,619.747498
1,takeoff,2909152613,65,0.650000,0.010000,359933000,773,23360,1,0,taking_off,0.000000,0.000000,-0.175222,0.000000,0.000000,-0.495235,0.000000,0.000000,0.000000,619.747498,619.747498,619.747498,619.747498
1,takeoff,2909152613,66,0.660000,0.010000,359956000,773,23312,1,0,taking_off,0.000000,0.000000,-0.180196,0.000000,0.000000,-0.499592,0.000000,0.000000,0.000000,619.747498,619.747498,619.747498,619.747498
1,takeoff,2909152613,67,0.670000,0.010000,359980000,769,23137,1,0,taking_off,0.000000,0.000000,-0.185212,0.000000,0.000000,-0.503600,0.000000,0.000000,0.000000,618.692139,618.692139,618.692139,618.692139
1,takeoff,2909152613,68,0.680000,0.010000,360003000,769,23054,1,0,taking_off,0.000000,0.000000,-0.190268,0.000000,0.000000,-0.507608,0.000000,0.000000,0.000000,618.692139,618.692139,618.692139,618.692139
1,takeoff,2909152613,69,0.690000,0.010000,360026000,769,23021,1,0,taking_off,0.000000,0.000000,-0.195364,0.000000,0.000000,-0.511616,0.000000,0.000000,0.000000,618.692139,618.692139,618.692139,618.692139
1,takeoff,2909152613,70,0.700000,0.010000,360049000,769,23090,1,0,taking_off,0.000000,0.000000,-0.200500,0.000000,0.000000,-0.515624,0.000000,0.000000,0.000000,618.692139,618.692139,618.692139,618.692139
1,takeoff,2909152613,71,0.710000,0.010000,360072000,769,23190,1,0,taking_off,0.000000,0.000000,-0.205675,0.000000,0.000000,-0.519312,0.000000,0.000000,0.000000,617.719666,617.719666,617.719666,617.719666
1,takeoff,2909152613,72,0.720000,0.010000,360095000,769,23201,1,0,taking_off,0.000000,0.000000,-0.210886,0.000000,0.000000,-0.522999,0.000000,0.000000,0.000000,617.719666,617.719666,617.719666,617.719666
1,takeoff,2909152613,73,0.730000,0.010000,360118000,769,23152,1,0,taking_off,0.000000,0.000000,-0.216135,0.000000,0.000000,-0.526687,0.000000,0.000000,0.000000,617.719666,617.719666,617.719666,617.719666
1,takeoff,2909152613,74,0.740000,0.010000,360142000,769,23088,1,0,taking_off,0.000000,0.000000,-0.221420,0.000000,0.000000,-0.530374,0.000000,0.000000,0.000000,617.719666,617.719666,617.719666,617.719666
1,takeoff,2909152613,75,0.750000,0.010000,360165000,770,22923,1,0,taking_off,0.000000,0.000000,-0.226741,0.000000,0.000000,-0.533767,0.000000,0.000000,0.000000,616.823547,616.823547,616.823547,616.823547
1,takeoff,2909152613,76,0.760000,0.010000,360188000,770,23265,1,0,taking_off,0.000000,0.000000,-0.232096,0.000000,0.000000,-0.537159,0.000000,0.000000,0.000000,616.823547,616.823547,616.823547,616.823547
1,takeoff,2909152613,77,0.770000,0.010000,360211000,770,23145,1,0,taking_off,0.000000,0.000000,-0.237484,0.000000,0.000000,-0.540552,0.000000,0.000000,0.000000,616.823547,616.823547,616.823547,616.823547
1,takeoff,2909152613,78,0.780000,0.010000,360234000,770,23146,1,0,taking_off,0.000000,0.000000,-0.242907,0.000000,0.000000,-0.543944,0.000000,0.000000,0.000000,616.823547,616.823547,616.823547,616.823547
1,takeoff,2909152613,79,0.790000,0.010000,360257000,771,23143,1,0,taking_off,0.000000,0.000000,-0.248362,0.000000,0.000000,-0.547066,0.000000,0.000000,0.000000,615.997986,615.997986,615.997986,615.997986
1,takeoff,2909152613,80,0.800000,0.010000,360281000,771,23268,1,0,taking_off,0.000000,0.000000,-0.253848,0.000000,0.000000,-0.550187,0.000000,0.000000,0.000000,615.997986,615.997986,615.997986,615.997986
1,takeoff,2909152613,81,0.810000,0.010000,360304000,771,23330,1,0,taking_off,0.000000,0.000000,-0.259365,0.000000,0.000000,-0.553308,0.000000,0.000000,0.000000,615.997986,615.997986,615.997986,615.997986
1,takeoff,2909152613,82,0.820000,0.010000,360328000,771,23331,1,0,taking_off,0.000000,0.000000,-0.264914,0.000000,0.000000,-0.556429,0.000000,0.000000,0.000000,615.997986,615.997986,615.997986,615.997986
1,takeoff,2909152613,83,0.830000,0.010000,360351000,773,23669,1,0,taking_off,0.000000,0.000000,-0.270493,0.000000,0.000000,-0.559300,0.000000,0.000000,0.000000,615.237549,615.237549,615.237549,615.237549
1,takeoff,2909152613,84,0.840000,0.010000,360375000,773,23608,1,0,taking_off,0.000000,0.000000,-0.276100,0.000000,0.000000,-0.562172,0.000000,0.000000,0.000000,615.237549,615.237549,615.237549,615.237549
1,takeoff,2909152613,85,0.850000,0.010000,360398000,773,23156,1,0,taking_off,0.000000,0.000000,-0.281736,0.000000,0.000000,-0.565043,0.000000,0.000000,0.000000,615.237549,615.237549,615.237549,615.237549
1,takeoff,2909152613,86,0.860000,0.010000,360421000,773,23177,1,0,taking_off,0.000000,0.000000,-0.287401,0.000000,0.000000,-0.567915,0.000000,0.000000,0.000000,615.237549,615.237549,615.237549,615.237549
1,takeoff,2909152613,87,0.870000,0.010000,360445000,769,23279,1,0,taking_off,0.000000,0.000000,-0.293093,0.000000,0.000000,-0.570556,0.000000,0.000000,0.000000,614.537048,614.537048,614.537048,614.537048
1,takeoff,2909152613,88,0.880000,0.010000,360468000,769,23430,1,0,taking_off,0.000000,0.000000,-0.298812,0.000000,0.000000,-0.573198,0.000000,0.000000,0.000000,614.537048,614.537048,614.537048,614.537048
1,takeoff,2909152613,89,0.890000,0.010000,360492000,769,23353,1,0,taking_off,0.000000,0.000000,-0.304557,0.000000,0.000000,-0.575840,0.000000,0.000000,0.000000,614.537048,614.537048,614.537048,614.537048
1,takeoff,2909152613,90,0.900000,0.010000,360515000,769,23193,1,0,taking_off,0.000000,0.000000,-0.310329,0.000000,0.000000,-0.578481,0.000000,0.000000,0.000000,614.537048,614.537048,614.537048,614.537048
1,takeoff,2909152613,91,0.910000,0.010000,360539000,770,23311,1,0,taking_off,0.000000,0.000000,-0.316126,0.000000,0.000000,-0.580912,0.000000,0.000000,0.000000,613.891907,613.891907,613.891907,613.891907
1,takeoff,2909152613,92,0.920000,0.010000,360562000,770,23543,1,0,taking_off,0.000000,0.000000,-0.321947,0.000000,0.000000,-0.583342,0.000000,0.000000,0.000000,613.891907,613.891907,613.891907,613.891907
1,takeoff,2909152613,93,0.930000,0.010000,360586000,770,23579,1,0,taking_off,0.000000,0.000000,-0.327793,0.000000,0.000000,-0.585773,0.000000,0.000000,0.000000,613.891907,613.891907,613.891907,613.891907
1,takeoff,2909152613,94,0.940000,0.010000,360609000,770,23486,1,0,taking_off,0.000000,0.000000,-0.333663,0.000000,0.000000,-0.588203,0.000000,0.000000,0.000000,613.891907,613.891907,613.891907,613.891907
1,takeoff,2909152613,95,0.950000,0.010000,360633000,772,23378,1,0,taking_off,0.000000,0.000000,-0.339556,0.000000,0.000000,-0.590439,0.000000,0.000000,0.000000,613.297791,613.297791,613.297791,613.297791
1,takeoff,2909152613,96,0.960000,0.010000,360656000,772,23240,1,0,taking_off,0.000000,0.000000,-0.345471,0.000000,0.000000,-0.592675,0.000000,0.000000,0.000000,613.297791,613.297791,613.297791,613.297791
1,takeoff,2909152613,97,0.970000,0.010000,360680000,772,23169,1,0,taking_off,0.000000,0.000000,-0.351409,0.000000,0.000000,-0.594911,0.000000,0.000000,0.000000,613.297791,613.297791,613.297791,613.297791
1,takeoff,2909152613,98,0.980000,0.010000,360703000,772,23204,1,0,taking_off,0.000000,0.000000,-0.357370,0.000000,0.000000,-0.597147,0.000000,0.000000,0.000000,613.297791,613.297791,613.297791,613.297791
1,takeoff,2909152613,99,0.990000,0.010000,360726000,773,23201,1,0,taking_off,0.000000,0.000000,-0.363351,0.000000,0.000000,-0.599204,0.000000,0.000000,0.000000,612.750671,612.750671,612.750671,612.750671
1,takeoff,2909152613,100,1.000000,0.010000,360749000,773,23315,1,0,taking_off,0.000000,0.000000,-0.369354,0.000000,0.000000,-0.601261,0.000000,0.000000,0.000000,612.750671,612.750671,612.750671,612.750671
1,takeoff,2909152613,101,1.010000,0.010000,360773000,773,23186,1,0,taking_off,0.000000,0.000000,-0.375377,0.000000,0.000000,-0.603318,0.000000,0.000000,0.000000,612.750671,612.750671,612.750671,612.750671
1,takeoff,2909152613,102,1.020000,0.010000,360796000,773,23074,1,0,taking_off,0.000000,0.000000,-0.381420,0.000000,0.000000,-0.605375,0.000000,0.000000,0.000000,612.750671,612.750671,612.750671,612.750671
1,takeoff,2909152613,103,1.030000,0.010000,360819000,769,23225,1,0,taking_off,0.000000,0.000000,-0.387483,0.000000,0.000000,-0.607268,0.000000,0.000000,0.000000,612.246887,612.246887,612.246887,612.246887
1,takeoff,2909152613,104,1.040000,0.010000,360842000,769,23145,1,0,taking_off,0.000000,0.000000,-0.393565,0.000000,0.000000,-0.609160,0.000000,0.000000,0.000000,612.246887,612.246887,612.246887,612.246887
1,takeoff,2909152613,105,1.050000,0.010000,360866000,769,23353,1,0,taking_off,0.000000,0.000000,-0.399666,0.000000,0.000000,-0.611053,0.000000,0.000000,0.000000,612.246887,612.246887,612.246887,612.246887
1,takeoff,2909152613,106,1.060000,0.010000,360889000,769,23509,1,0,taking_off,0.000000,0.000000,-0.405786,0.000000,0.000000,-0.612945,0.000000,0.000000,0.000000,612.246887,612.246887,612.246887,612.246887
1,takeoff,2909152613,107,1.070000,0.010000,360913000,766,23345,1,0,taking_off,0.000000,0.000000,-0.411925,0.000000,0.000000,-0.614686,0.000000,0.000000,0.000000,611.783020,611.783020,611.783020,611.783020
1,takeoff,2909152613,108,1.080000,0.010000,360936000,766,23332,1,0,taking_off,0.000000,0.000000,-0.418080,0.000000,0.000000,-0.616427,0.000000,0.000000,0.000000,611.783020,611.783020,611.783020,611.783020
1,takeoff,2909152613,109,1.090000,0.010000,360959000,766,23423,1,0,taking_off,0.000000,0.000000,-0.424253,0.000000,0.000000,-0.618168,0.000000,0.000000,0.000000,611.783020,611.783020,611.783020,611.783020
1,takeoff,2909152613,110,1.100000,0.010000,360983000,766,23411,1,0,taking_off,0.000000,0.000000,-0.430443,0.000000,0.000000,-0.619909,0.000000,0.000000,0.000000,611.783020,611.783020,611.783020,611.783020
1,takeoff,2909152613,111,1.110000,0.010000,361006000,770,23175,1,0,taking_off,0.000000,0.000000,-0.436651,0.000000,0.000000,-0.621511,0.000000,0.000000,0.000000,611.356018,611.356018,611.356018,611.356018
1,takeoff,2909152613,112,1.120000,0.010000,361030000,770,23423,1,0,taking_off,0.000000,0.000000,-0.442874,0.000000,0.000000,-0.623113,0.000000,0.000000,0.000000,611.356018,611.356018,611.356018,611.356018
1,takeoff,2909152613,113,1.130000,0.010000,361053000,770,23269,1,0,taking_off,0.000000,0.000000,-0.449113,0.000000,0.000000,-0.624715,0.000000,0.000000,0.000000,611.356018,611.356018,611.356018,611.356018
1,takeoff,2909152613,114,1.140000,0.010000,361076000,770,23125,1,0,taking_off,0.000000,0.000000,-0.455368,0.000000,0.000000,-0.626317,0.000000,0.000000,0.000000,611.356018,611.356018,611.356018,611.356018
1,takeoff,2909152613,115,1.150000,0.010000,361100000,769,23160,1,0,taking_off,0.000000,0.000000,-0.461639,0.000000,0.000000,-0.627790,0.000000,0.000000,0.000000,610.962891,610.962891,610.962891,610.962891
1,takeoff,2909152613,116,1.160000,0.010000,361123000,769,23437,1,0,taking_off,0.000000,0.000000,-0.467924,0.000000,0.000000,-0.629264,0.000000,0.000000,0.000000,610.962891,610.962891,610.962891,610.962891
1,takeoff,2909152613,117,1.170000,0.010000,361146000,769,23395,1,0,taking_off,0.000000,0.000000,-0.474224,0.000000,0.000000,-0.630738,0.000000,0.000000,0.000000,610.962891,610.962891,610.962891,610.962891
1,takeoff,2909152613,118,1.180000,0.010000,361170000,769,23580,1,0,taking_off,0.000000,0.000000,-0.480539,0.000000,0.000000,-0.632211,0.000000,0.000000,0.000000,610.962891,610.962891,610.962891,610.962891
1,takeoff,2909152613,119,1.190000,0.010000,361194000,772,23378,1,0,taking_off,0.000000,0.000000,-0.486867,0.000000,0.000000,-0.633567,0.000000,0.000000,0.000000,610.600952,610.600952,610.600952,610.600952
1,takeoff,2909152613,120,1.200000,0.010000,361217000,772,23320,1,0,taking_off,0.000000,0.000000,-0.493210,0.000000,0.000000,-0.634923,0.000000,0.000000,0.000000,610.600952,610.600952,610.600952,610.600952
1,takeoff,2909152613,121,1.210000,0.010000,361241000,772,23320,1,0,taking_off,0.000000,0.000000,-0.499566,0.000000,0.000000,-0.636279,0.000000,0.000000,0.000000,610.600952,610.600952,610.600952,610.600952
1,takeoff,2909152613,122,1.220000,0.010000,361264000,772,23284,1,0,taking_off,0.000000,0.000000,-0.505935,0.000000,0.000000,-0.637634,0.000000,0.000000,0.000000,610.600952,610.600952,610.600952,610.600952
1,takeoff,2909152613,123,1.230000,0.010000,361287000,774,23425,1,0,taking_off,0.000000,0.000000,-0.512318,0.000000,0.000000,-0.638882,0.000000,0.000000,0.000000,610.267822,610.267822,610.267822,610.267822
1,takeoff,2909152613,124,1.240000,0.010000,361311000,774,23253,1,0,taking_off,0.000000,0.000000,-0.518713,0.000000,0.000000,-0.640129,0.000000,0.000000,0.000000,610.267822,610.267822,610.267822,610.267822
1,takeoff,2909152613,125,1.250000,0.010000,361334000,774,23342,1,0,taking_off,0.000000,0.000000,-0.525121,0.000000,0.000000,-0.641376,0.000000,0.000000,0.000000,610.267822,610.267822,610.267822,610.267822
1,takeoff,2909152613,126,1.260000,0.010000,361358000,774,23281,1,0,taking_off,0.000000,0.000000,-0.531541,0.000000,0.000000,-0.642624,0.000000,0.000000,0.000000,610.267822,610.267822,610.267822,610.267822
1,takeoff,2909152613,127,1.270000,0.010000,361381000,773,23197,1,0,taking_off,0.000000,0.000000,-0.537973,0.000000,0.000000,-0.643771,0.000000,0.000000,0.000000,609.961182,609.961182,609.961182,609.961182
1,takeoff,2909152613,128,1.280000,0.010000,361404000,773,23179,1,0,taking_off,0.000000,0.000000,-0.544416,0.000000,0.000000,-0.644919,0.000000,0.000000,0.000000,609.961182,609.961182,609.961182,609.961182
1,takeoff,2909152613,129,1.290000,0.010000,361428000,773,23409,1,0,taking_off,0.000000,0.000000,-0.550871,0.000000,0.000000,-0.646066,0.000000,0.000000,0.000000,609.961182,609.961182,609.961182,609.961182
1,takeoff,2909152613,130,1.300000,0.010000,361451000,773,23243,1,0,taking_off,0.000000,0.000000,-0.557337,0.000000,0.000000,-0.647214,0.000000,0.000000,0.000000,609.961182,609.961182,609.961182,609.961182
1,takeoff,2909152613,131,1.310000,0.010000,361474000,767,23130,1,0,taking_off,0.000000,0.000000,-0.563815,0.000000,0.000000,-0.648270,0.000000,0.000000,0.000000,609.678894,609.678894,609.678894,609.678894
1,takeoff,2909152613,132,1.320000,0.010000,361497000,767,22979,1,0,taking_off,0.000000,0.000000,-0.570303,0.000000,0.000000,-0.649325,0.000000,0.000000,0.000000,609.678894,609.678894,609.678894,609.678894
1,takeoff,2909152613,133,1.330000,0.010000,361521000,767,23082,1,0,taking_off,0.000000,0.000000,-0.576801,0.000000,0.000000,-0.650381,0.000000,0.000000,0.000000,609.678894,609.678894,609.678894,609.678894
1,takeoff,2909152613,134,1.340000,0.010000,361544000,767,23236,1,0,taking_off,0.000000,0.000000,-0.583310,0.000000,0.000000,-0.651437,0.000000,0.000000,0.000000,609.678894,609.678894,609.678894,609.678894
1,takeoff,2909152613,135,1.350000,0.010000,361567000,771,23387,1,0,taking_off,0.000000,0.000000,-0.589830,0.000000,0.000000,-0.652408,0.000000,0.000000,0.000000,609.419067,609.419067,609.419067,609.419067
1,takeoff,2909152613,136,1.360000,0.010000,361591000,771,23346,1,0,taking_off,0.000000,0.000000,-0.596359,0.000000,0.000000,-0.653379,0.000000,0.000000,0.000000,609.419067,609.419067,609.419067,609.419067
1,takeoff,2909152613,137,1.370000,0.010000,361614000,771,23141,1,0,taking_off,0.000000,0.000000,-0.602897,0.000000,0.000000,-0.654351,0.000000,0.000000,0.000000,609.419067,609.419067,609.419067,609.419067
1,takeoff,2909152613,138,1.380000,0.010000,361637000,771,23118,1,0,taking_off,0.000000,0.000000,-0.609446,0.000000,0.000000,-0.655322,0.000000,0.000000,0.000000,609.419067,609.419067,609.419067,609.419067
1,takeoff,2909152613,139,1.390000,0.010000,361660000,769,23236,1,0,taking_off,0.000000,0.000000,-0.616003,0.000000,0.000000,-0.656215,0.000000,0.000000,0.000000,609.179993,609.179993,609.179993,609.179993
1,takeoff,2909152613,140,1.400000,0.010000,361683000,769,23233,1,0,taking_off,0.000000,0.000000,-0.622570,0.000000,0.000000,-0.657109,0.000000,0.000000,0.000000,609.179993,609.179993,609.179993,609.179993
1,takeoff,2909152613,141,1.410000,0.010000,361707000,769,23201,1,0,taking_off,0.000000,0.000000,-0.629145,0.000000,0.000000,-0.658003,0.000000,0.000000,0.000000,609.179993,609.179993,609.179993,609.179993
1,takeoff,2909152613,142,1.420000,0.010000,361730000,769,23341,1,0,taking_off,0.000000,0.000000,-0.635730,0.000000,0.000000,-0.658896,0.000000,0.000000,0.000000,609.179993,609.179993,609.179993,609.179993
1,takeoff,2909152613,143,1.430000,0.010000,361753000,768,23258,1,0,taking_off,0.000000,0.000000,-0.642322,0.000000,0.000000,-0.659546,0.000000,0.000000,0.000000,608.431091,608.431091,608.431091,608.431091
1,takeoff,2909152613,144,1.440000,0.010000,361777000,768,23349,1,0,taking_off,0.000000,0.000000,-0.648921,0.000000,0.000000,-0.660197,0.000000,0.000000,0.000000,608.431091,608.431091,608.431091,608.431091
1,takeoff,2909152613,145,1.450000,0.010000,361800000,768,23228,1,0,taking_off,0.000000,0.000000,-0.655526,0.000000,0.000000,-0.660847,0.000000,0.000000,0.000000,608.431091,608.431091,608.431091,608.431091
1,takeoff,2909152613,146,1.460000,0.010000,361824000,768,23419,1,0,taking_off,0.000000,0.000000,-0.662138,0.000000,0.000000,-0.661498,0.000000,0.000000,0.000000,608.431091,608.431091,608.431091,608.431091
1,takeoff,2909152613,147,1.470000,0.010000,361847000,765,23255,1,0,taking_off,0.000000,0.000000,-0.668754,0.000000,0.000000,-0.661674,0.000000,0.000000,0.000000,606.966858,606.966858,606.966858,606.966858
1,takeoff,2909152613,148,1.480000,0.010000,361870000,765,23198,1,0,taking_off,0.000000,0.000000,-0.675371,0.000000,0.000000,-0.661849,0.000000,0.000000,0.000000,606.966858,606.966858,606.966858,606.966858
1,takeoff,2909152613,149,1.490000,0.010000,361894000,765,23259,1,0,taking_off,0.000000,0.000000,-0.681991,0.000000,0.000000,-0.662025,0.000000,0.000000,0.000000,606.966858,606.966858,606.966858,606.966858
1,takeoff,2909152613,150,1.500000,0.010000,361917000,765,23548,1,0,taking_off,0.000000,0.000000,-0.688612,0.000000,0.000000,-0.662201,0.000000,0.000000,0.000000,606.966858,606.966858,606.966858,606.966858
1,takeoff,2909152613,151,1.510000,0.010000,361941000,770,23407,1,0,taking_off,0.000000,0.000000,-0.695232,0.000000,0.000000,-0.661939,0.000000,0.000000,0.000000,605.613403,605.613403,605.613403,605.613403
1,takeoff,2909152613,152,1.520000,0.010000,361964000,770,23456,1,0,taking_off,0.000000,0.000000,-0.701851,0.000000,0.000000,-0.661677,0.000000,0.000000,0.000000,605.613403,605.613403,605.613403,605.613403
1,takeoff,2909152613,153,1.530000,0.010000,361988000,770,23466,1,0,taking_off,0.000000,0.000000,-0.708466,0.000000,0.000000,-0.661416,0.000000,0.000000,0.000000,605.613403,605.613403,605.613403,605.613403
1,takeoff,2909152613,154,1.540000,0.010000,362011000,770,23456,1,0,taking_off,0.000000,0.000000,-0.715079,0.000000,0.000000,-0.661154,0.000000,0.000000,0.000000,605.613403,605.613403,605.613403,605.613403
1,takeoff,2909152613,155,1.550000,0.010000,362035000,767,23727,1,0,taking_off,0.000000,0.000000,-0.721687,0.000000,0.000000,-0.660489,0.000000,0.000000,0.000000,604.365845,604.365845,604.365845,604.365845
1,takeoff,2909152613,156,1.560000,0.010000,362059000,767,23425,1,0,taking_off,0.000000,0.000000,-0.728289,0.000000,0.000000,-0.659825,0.000000,0.000000,0.000000,604.365845,604.365845,604.365845,604.365845
1,takeoff,2909152613,157,1.570000,0.010000,362082000,767,23223,1,0,taking_off,0.000000,0.000000,-0.734884,0.000000,0.000000,-0.659161,0.000000,0.000000,0.000000,604.365845,604.365845,604.365845,604.365845
1,takeoff,2909152613,158,1.580000,0.010000,362105000,767,23327,1,0,taking_off,0.000000,0.000000,-0.741472,0.000000,0.000000,-0.658496,0.000000,0.000000,0.000000,604.365845,604.365845,604.365845,604.365845
1,takeoff,2909152613,159,1.590000,0.010000,362129000,771,23284,1,0,taking_off,0.000000,0.000000,-0.748052,0.000000,0.000000,-0.657463,0.000000,0.000000,0.000000,603.219543,603.219543,603.219543,603.219543
1,takeoff,2909152613,160,1.600000,0.010000,362152000,771,23461,1,0,taking_off,0.000000,0.000000,-0.754621,0.000000,0.000000,-0.656429,0.000000,0.000000,0.000000,603.219543,603.219543,603.219543,603.219543
1,takeoff,2909152613,161,1.610000,0.010000,362176000,771,23352,1,0,taking_off,0.000000,0.000000,-0.761180,0.000000,0.000000,-0.655396,0.000000,0.000000,0.000000,603.219543,603.219543,603.219543,603.219543
1,takeoff,2909152613,162,1.620000,0.010000,362199000,771,23366,1,0,taking_off,0.000000,0.000000,-0.767729,0.000000,0.000000,-0.654363,0.000000,0.000000,0.000000,603.219543,603.219543,603.219543,603.219543
1,takeoff,2909152613,163,1.630000,0.010000,362223000,766,23509,1,0,taking_off,0.000000,0.000000,-0.774266,0.000000,0.000000,-0.652992,0.000000,0.000000,0.000000,602.169800,602.169800,602.169800,602.169800
1,takeoff,2909152613,164,1.640000,0.010000,362246000,766,23256,1,0,taking_off,0.000000,0.000000,-0.780789,0.000000,0.000000,-0.651621,0.000000,0.000000,0.000000,602.169800,602.169800,602.169800,602.169800
1,takeoff,2909152613,165,1.650000,0.010000,362270000,766,23322,1,0,taking_off,0.000000,0.000000,-0.787298,0.000000,0.000000,-0.650250,0.000000,0.000000,0.000000,602.169800,602.169800,602.169800,602.169800
1,takeoff,2909152613,166,1.660000,0.010000,362293000,766,23323,1,0,taking_off,0.000000,0.000000,-0.793794,0.000000,0.000000,-0.648879,0.000000,0.000000,0.000000,602.169800,602.169800,602.169800,602.169800
1,takeoff,2909152613,167,1.670000,0.010000,362316000,769,23192,1,0,taking_off,0.000000,0.000000,-0.800274,0.000000,0.000000,-0.647201,0.000000,0.000000,0.000000,601.211975,601.211975,601.211975,601.211975
1,takeoff,2909152613,168,1.680000,0.010000,362340000,769,23425,1,0,taking_off,0.000000,0.000000,-0.806738,0.000000,0.000000,-0.645522,0.000000,0.000000,0.000000,601.211975,601.211975,601.211975,601.211975
1,takeoff,2909152613,169,1.690000,0.010000,362363000,769,23295,1,0,taking_off,0.000000,0.000000,-0.813185,0.000000,0.000000,-0.643844,0.000000,0.000000,0.000000,601.211975,601.211975,601.211975,601.211975
1,takeoff,2909152613,170,1.700000,0.010000,362386000,769,23251,1,0,taking_off,0.000000,0.000000,-0.819615,0.000000,0.000000,-0.642166,0.000000,0.000000,0.000000,601.211975,601.211975,601.211975,601.211975
1,takeoff,2909152613,171,1.710000,0.010000,362410000,772,23002,1,0,taking_off,0.000000,0.000000,-0.826027,0.000000,0.000000,-0.640209,0.000000,0.000000,0.000000,600.341614,600.341614,600.341614,600.341614
1,takeoff,2909152613,172,1.720000,0.010000,362433000,772,23325,1,0,taking_off,0.000000,0.000000,-0.832419,0.000000,0.000000,-0.638251,0.000000,0.000000,0.000000,600.341614,600.341614,600.341614,600.341614
1,takeoff,2909152613,173,1.730000,0.010000,362456000,772,23417,1,0,taking_off,0.000000,0.000000,-0.838792,0.000000,0.000000,-0.636294,0.000000,0.000000,0.000000,600.341614,600.341614,600.341614,600.341614
1,takeoff,2909152613,174,1.740000,0.010000,362480000,772,23202,1,0,taking_off,0.000000,0.000000,-0.845145,0.000000,0.000000,-0.634337,0.000000,0.000000,0.000000,600.341614,600.341614,600.341614,600.341614
1,takeoff,2909152613,175,1.750000,0.010000,362503000,769,23491,1,0,taking_off,0.000000,0.000000,-0.851477,0.000000,0.000000,-0.632128,0.000000,0.000000,0.000000,599.554321,599.554321,599.554321,599.554321
1,takeoff,2909152613,176,1.760000,0.010000,362527000,769,23270,1,0,taking_off,0.000000,0.000000,-0.857787,0.000000,0.000000,-0.629919,0.000000,0.000000,0.000000,599.554321,599.554321,599.554321,599.554321
1,takeoff,2909152613,177,1.770000,0.010000,362550000,769,23420,1,0,taking_off,0.000000,0.000000,-0.864076,0.000000,0.000000,-0.627710,0.000000,0.000000,0.000000,599.554321,599.554321,599.554321,599.554321
1,takeoff,2909152613,178,1.780000,0.010000,362573000,769,23156,1,0,taking_off,0.000000,0.000000,-0.870342,0.000000,0.000000,-0.625501,0.000000,0.000000,0.000000,599.554321,599.554321,599.554321,599.554321
1,takeoff,2909152613,179,1.790000,0.010000,362597000,779,23258,1,0,taking_off,0.000000,0.000000,-0.876584,0.000000,0.000000,-0.623065,0.000000,0.000000,0.000000,598.845825,598.845825,598.845825,598.845825
1,takeoff,2909152613,180,1.800000,0.010000,362620000,779,23185,1,0,taking_off,0.000000,0.000000,-0.882803,0.000000,0.000000,-0.620630,0.000000,0.000000,0.000000,598.845825,598.845825,598.845825,598.845825
1,takeoff,2909152613,181,1.810000,0.010000,362643000,779,23407,1,0,taking_off,0.000000,0.000000,-0.888997,0.000000,0.000000,-0.618194,0.000000,0.000000,0.000000,598.845825,598.845825,598.845825,598.845825
1,takeoff,2909152613,182,1.820000,0.010000,362667000,779,23187,1,0,taking_off,0.000000,0.000000,-0.895167,0.000000,0.000000,-0.615759,0.000000,0.000000,0.000000,598.845825,598.845825,598.845825,598.845825
1,takeoff,2909152613,183,1.830000,0.010000,362690000,769,23192,1,0,taking_off,0.000000,0.000000,-0.901311,0.000000,0.000000,-0.613121,0.000000,0.000000,0.000000,598.211853,598.211853,598.211853,598.211853
1,takeoff,2909152613,184,1.840000,0.010000,362713000,769,23327,1,0,taking_off,0.000000,0.000000,-0.907429,0.000000,0.000000,-0.610483,0.000000,0.000000,0.000000,598.211853,598.211853,598.211853,598.211853
1,takeoff,2909152613,185,1.850000,0.010000,362737000,769,23206,1,0,taking_off,0.000000,0.000000,-0.913521,0.000000,0.000000,-0.607845,0.000000,0.000000,0.000000,598.211853,598.211853,598.211853,598.211853
1,takeoff,2909152613,186,1.860000,0.010000,362760000,769,23156,1,0,taking_off,0.000000,0.000000,-0.919586,0.000000,0.000000,-0.605208,0.000000,0.000000,0.000000,598.211853,598.211853,598.211853,598.211853
1,takeoff,2909152613,187,1.870000,0.010000,362783000,772,23218,1,0,taking_off,0.000000,0.000000,-0.925624,0.000000,0.000000,-0.602390,0.000000,0.000000,0.000000,597.648438,597.648438,597.648438,597.648438
1,takeoff,2909152613,188,1.880000,0.010000,362806000,772,23138,1,0,taking_off,0.000000,0.000000,-0.931634,0.000000,0.000000,-0.599573,0.000000,0.000000,0.000000,597.648438,597.648438,597.648438,597.648438
1,takeoff,2909152613,189,1.890000,0.010000,362829000,772,23025,1,0,taking_off,0.000000,0.000000,-0.937616,0.000000,0.000000,-0.596755,0.000000,0.000000,0.000000,597.648438,597.648438,597.648438,597.648438
1,takeoff,2909152613,190,1.900000,0.010000,362853000,772,23055,1,0,taking_off,0.000000,0.000000,-0.943569,0.000000,0.000000,-0.593937,0.000000,0.000000,0.000000,597.648438,597.648438,597.648438,597.648438
1,takeoff,2909152613,191,1.910000,0.010000,362876000,765,23176,1,0,taking_off,0.000000,0.000000,-0.949494,0.000000,0.000000,-0.590962,0.000000,0.000000,0.000000,597.151489,597.151489,597.151489,597.151489
1,takeoff,2909152613,192,1.920000,0.010000,362899000,765,23096,1,0,taking_off,0.000000,0.000000,-0.955388,0.000000,0.000000,-0.587986,0.000000,0.000000,0.000000,597.151489,597.151489,597.151489,597.151489
1,takeoff,2909152613,193,1.930000,0.010000,362922000,765,23164,1,0,taking_off,0.000000,0.000000,-0.961253,0.000000,0.000000,-0.585010,0.000000,0.000000,0.000000,597.151489,597.151489,597.151489,597.151489
1,takeoff,2909152613,194,1.940000,0.010000,362945000,765,23271,1,0,taking_off,0.000000,0.000000,-0.967088,0.000000,0.000000,-0.582034,0.000000,0.000000,0.000000,597.151489,597.151489,597.151489,597.151489
1,takeoff,2909152613,195,1.950000,0.010000,362969000,770,23205,1,0,taking_off,0.000000,0.000000,-0.972893,0.000000,0.000000,-0.578920,0.000000,0.000000,0.000000,596.717285,596.717285,596.717285,596.717285
1,takeoff,2909152613,196,1.960000,0.010000,362992000,770,23114,1,0,taking_off,0.000000,0.000000,-0.978667,0.000000,0.000000,-0.575806,0.000000,0.000000,0.000000,596.717285,596.717285,596.717285,596.717285
1,takeoff,2909152613,197,1.970000,0.010000,363015000,770,23417,1,0,taking_off,0.000000,0.000000,-0.984409,0.000000,0.000000,-0.572692,0.000000,0.000000,0.000000,596.717285,596.717285,596.717285,596.717285
1,takeoff,2909152613,198,1.980000,0.010000,363039000,770,23484,1,0,taking_off,0.000000,0.000000,-0.990121,0.000000,0.000000,-0.569578,0.000000,0.000000,0.000000,596.717285,596.717285,596.717285,596.717285
1,takeoff,2909152613,199,1.990000,0.010000,363062000,775,23566,1,0,taking_off,0.000000,0.000000,-0.995800,0.000000,0.000000,-0.566344,0.000000,0.000000,0.000000,596.342041,596.342041,596.342041,596.342041
1,takeoff,2909152613,200,2.000000,0.010000,363086000,775,23331,1,0,taking_off,0.000000,0.000000,-1.001448,0.000000,0.000000,-0.563111,0.000000,0.000000,0.000000,596.342041,596.342041,596.342041,596.342041
1,takeoff,2909152613,201,2.010000,0.010000,363109000,775,23253,1,0,taking_off,0.000000,0.000000,-1.007063,0.000000,0.000000,-0.559877,0.000000,0.000000,0.000000,596.342041,596.342041,596.342041,596.342041
1,takeoff,2909152613,202,2.020000,0.010000,363133000,775,23192,1,0,taking_off,0.000000,0.000000,-1.012645,0.000000,0.000000,-0.556644,0.000000,0.000000,0.000000,596.342041,596.342041,596.342041,596.342041
1,takeoff,2909152613,203,2.030000,0.010000,363156000,769,23666,1,0,taking_off,0.000000,0.000000,-1.018195,0.000000,0.000000,-0.553309,0.000000,0.000000,0.000000,596.022156,596.022156,596.022156,596.022156
1,takeoff,2909152613,204,2.040000,0.010000,363180000,769,23261,1,0,taking_off,0.000000,0.000000,-1.023711,0.000000,0.000000,-0.549973,0.000000,0.000000,0.000000,596.022156,596.022156,596.022156,596.022156
1,takeoff,2909152613,205,2.050000,0.010000,363203000,769,23642,1,0,taking_off,0.000000,0.000000,-1.029194,0.000000,0.000000,-0.546638,0.000000,0.000000,0.000000,596.022156,596.022156,596.022156,596.022156
1,takeoff,2909152613,206,2.060000,0.010000,363227000,769,23505,1,0,taking_off,0.000000,0.000000,-1.034644,0.000000,0.000000,-0.543303,0.000000,0.000000,0.000000,596.022156,596.022156,596.022156,596.022156
1,takeoff,2909152613,207,2.070000,0.010000,363250000,768,23512,1,0,taking_off,0.000000,0.000000,-1.040060,0.000000,0.000000,-0.539883,0.000000,0.000000,0.000000,595.754150,595.754150,595.754150,595.754150
1,takeoff,2909152613,208,2.080000,0.010000,363274000,768,23269,1,0,taking_off,0.000000,0.000000,-1.045442,0.000000,0.000000,-0.536462,0.000000,0.000000,0.000000,595.754150,595.754150,595.754150,595.754150
1,takeoff,2909152613,209,2.090000,0.010000,363297000,768,23207,1,0,taking_off,0.000000,0.000000,-1.050789,0.000000,0.000000,-0.533042,0.000000,0.000000,0.000000,595.754150,595.754150,595.754150,595.754150
1,takeoff,2909152613,210,2.100000,0.010000,363321000,768,23398,1,0,taking_off,0.000000,0.000000,-1.056103,0.000000,0.000000,-0.529622,0.000000,0.000000,0.000000,595.754150,595.754150,595.754150,595.754150
1,takeoff,2909152613,211,2.110000,0.010000,363344000,764,23482,1,0,taking_off,0.000000,0.000000,-1.061381,0.000000,0.000000,-0.526131,0.000000,0.000000,0.000000,595.534729,595.534729,595.534729,595.534729
1,takeoff,2909152613,212,2.120000,0.010000,363368000,764,23271,1,0,taking_off,0.000000,0.000000,-1.066625,0.000000,0.000000,-0.522641,0.000000,0.000000,0.000000,595.534729,595.534729,595.534729,595.534729
1,takeoff,2909152613,213,2.130000,0.010000,363391000,764,23431,1,0,taking_off,0.000000,0.000000,-1.071834,0.000000,0.000000,-0.519151,0.000000,0.000000,0.000000,595.534729,595.534729,595.534729,595.534729
1,takeoff,2909152613,214,2.140000,0.010000,363414000,764,23244,1,0,taking_off,0.000000,0.000000,-1.077008,0.000000,0.000000,-0.515661,0.000000,0.000000,0.000000,595.534729,595.534729,595.534729,595.534729
1,takeoff,2909152613,215,2.150000,0.010000,363438000,765,23257,1,0,taking_off,0.000000,0.000000,-1.082147,0.000000,0.000000,-0.512116,0.000000,0.000000,0.000000,595.360657,595.360657,595.360657,595.360657
1,takeoff,2909152613,216,2.160000,0.010000,363461000,765,23347,1,0,taking_off,0.000000,0.000000,-1.087251,0.000000,0.000000,-0.508571,0.000000,0.000000,0.000000,595.360657,595.360657,595.360657,595.360657
1,takeoff,2909152613,217,2.170000,0.010000,363485000,765,23361,1,0,taking_off,0.000000,0.000000,-1.092318,0.000000,0.000000,-0.505025,0.000000,0.000000,0.000000,595.360657,595.360657,595.360657,595.360657
1,takeoff,2909152613,218,2.180000,0.010000,363508000,765,23249,1,0,taking_off,0.000000,0.000000,-1.097351,0.000000,0.000000,-0.501480,0.000000,0.000000,0.000000,595.360657,595.360657,595.360657,595.360657
1,takeoff,2909152613,219,2.190000,0.010000,363532000,771,23334,1,0,taking_off,0.000000,0.000000,-1.102348,0.000000,0.000000,-0.497893,0.000000,0.000000,0.000000,595.228821,595.228821,595.228821,595.228821
1,takeoff,2909152613,220,2.200000,0.010000,363555000,771,23320,1,0,taking_off,0.000000,0.000000,-1.107309,0.000000,0.000000,-0.494305,0.000000,0.000000,0.000000,595.228821,595.228821,595.228821,595.228821
1,takeoff,2909152613,221,2.210000,0.010000,363578000,771,23028,1,0,taking_off,0.000000,0.000000,-1.112234,0.000000,0.000000,-0.490718,0.000000,0.000000,0.000000,595.228821,595.228821,595.228821,595.228821
1,takeoff,2909152613,222,2.220000,0.010000,363601000,771,22961,1,0,taking_off,0.000000,0.000000,-1.117123,0.000000,0.000000,-0.487131,0.000000,0.000000,0.000000,595.228821,595.228821,595.228821,595.228821
1,takeoff,2909152613,223,2.230000,0.010000,363624000,768,23042,1,0,taking_off,0.000000,0.000000,-1.121976,0.000000,0.000000,-0.483514,0.000000,0.000000,0.000000,595.136230,595.136230,595.136230,595.136230
1,takeoff,2909152613,224,2.240000,0.010000,363647000,768,23410,1,0,taking_off,0.000000,0.000000,-1.126794,0.000000,0.000000,-0.479898,0.000000,0.000000,0.000000,595.136230,595.136230,595.136230,595.136230
1,takeoff,2909152613,225,2.250000,0.010000,363671000,768,23399,1,0,taking_off,0.000000,0.000000,-1.131574,0.000000,0.000000,-0.476281,0.000000,0.000000,0.000000,595.136230,595.136230,595.136230,595.136230
1,takeoff,2909152613,226,2.260000,0.010000,363694000,768,23286,1,0,taking_off,0.000000,0.000000,-1.136319,0.000000,0.000000,-0.472665,0.000000,0.000000,0.000000,595.136230,595.136230,595.136230,595.136230
1,takeoff,2909152613,227,2.270000,0.010000,363718000,766,23433,1,0,taking_off,0.000000,0.000000,-1.141028,0.000000,0.000000,-0.469030,0.000000,0.000000,0.000000,595.080139,595.080139,595.080139,595.080139
1,takeoff,2909152613,228,2.280000,0.010000,363741000,766,23219,1,0,taking_off,0.000000,0.000000,-1.145700,0.000000,0.000000,-0.465396,0.000000,0.000000,0.000000,595.080139,595.080139,595.080139,595.080139
1,takeoff,2909152613,229,2.290000,0.010000,363765000,766,23291,1,0,taking_off,0.000000,0.000000,-1.150336,0.000000,0.000000,-0.461761,0.000000,0.000000,0.000000,595.080139,595.080139,595.080139,595.080139
1,takeoff,2909152613,230,2.300000,0.010000,363788000,766,23093,1,0,taking_off,0.000000,0.000000,-1.154935,0.000000,0.000000,-0.458127,0.000000,0.000000,0.000000,595.080139,595.080139,595.080139,595.080139
1,takeoff,2909152613,231,2.310000,0.010000,363811000,771,23453,1,0,taking_off,0.000000,0.000000,-1.159498,0.000000,0.000000,-0.454486,0.000000,0.000000,0.000000,595.057800,595.057800,595.057800,595.057800
1,takeoff,2909152613,232,2.320000,0.010000,363835000,771,23292,1,0,taking_off,0.000000,0.000000,-1.164025,0.000000,0.000000,-0.450844,0.000000,0.000000,0.000000,595.057800,595.057800,595.057800,595.057800
1,takeoff,2909152613,233,2.330000,0.010000,363858000,771,23230,1,0,taking_off,0.000000,0.000000,-1.168515,0.000000,0.000000,-0.447203,0.000000,0.000000,0.000000,595.057800,595.057800,595.057800,595.057800
1,takeoff,2909152613,234,2.340000,0.010000,363881000,771,23296,1,0,taking_off,0.000000,0.000000,-1.172969,0.000000,0.000000,-0.443561,0.000000,0.000000,0.000000,595.057800,595.057800,595.057800,595.057800
1,takeoff,2909152613,235,2.350000,0.010000,363905000,772,23525,1,0,taking_off,0.000000,0.000000,-1.177386,0.000000,0.000000,-0.439922,0.000000,0.000000,0.000000,595.066528,595.066528,595.066528,595.066528
1,takeoff,2909152613,236,2.360000,0.010000,363928000,772,23292,1,0,taking_off,0.000000,0.000000,-1.181767,0.000000,0.000000,-0.436284,0.000000,0.000000,0.000000,595.066528,595.066528,595.066528,595.066528
1,takeoff,2909152613,237,2.370000,0.010000,363952000,772,23432,1,0,taking_off,0.000000,0.000000,-1.186112,0.000000,0.000000,-0.432645,0.000000,0.000000,0.000000,595.066528,595.066528,595.066528,595.066528
1,takeoff,2909152613,238,2.380000,0.010000,363975000,772,23263,1,0,taking_off,0.000000,0.000000,-1.190420,0.000000,0.000000,-0.429006,0.000000,0.000000,0.000000,595.066528,595.066528,595.066528,595.066528
1,takeoff,2909152613,239,2.390000,0.010000,363998000,770,23119,1,0,taking_off,0.000000,0.000000,-1.194692,0.000000,0.000000,-0.425379,0.000000,0.000000,0.000000,595.103943,595.103943,595.103943,595.103943
1,takeoff,2909152613,240,2.400000,0.010000,364022000,770,23430,1,0,taking_off,0.000000,0.000000,-1.198928,0.000000,0.000000,-0.421752,0.000000,0.000000,0.000000,595.103943,595.103943,595.103943,595.103943
1,takeoff,2909152613,241,2.410000,0.010000,364045000,770,23358,1,0,taking_off,0.000000,0.000000,-1.203127,0.000000,0.000000,-0.418126,0.000000,0.000000,0.000000,595.103943,595.103943,595.103943,595.103943
1,takeoff,2909152613,242,2.420000,0.010000,364069000,770,23056,1,0,taking_off,0.000000,0.000000,-1.207290,0.000000,0.000000,-0.414499,0.000000,0.000000,0.000000,595.103943,595.103943,595.103943,595.103943
1,takeoff,2909152613,243,2.430000,0.010000,364092000,772,23231,1,0,taking_off,0.000000,0.000000,-1.211417,0.000000,0.000000,-0.410892,0.000000,0.000000,0.000000,595.167664,595.167664,595.167664,595.167664
1,takeoff,2909152613,244,2.440000,0.010000,364115000,772,23157,1,0,taking_off,0.000000,0.000000,-1.215508,0.000000,0.000000,-0.407286,0.000000,0.000000,0.000000,595.167664,595.167664,595.167664,595.167664
1,takeoff,2909152613,245,2.450000,0.010000,364138000,772,23538,1,0,taking_off,0.000000,0.000000,-1.219563,0.000000,0.000000,-0.403679,0.000000,0.000000,0.000000,595.167664,595.167664,595.167664,595.167664
1,takeoff,2909152613,246,2.460000,0.010000,364162000,772,23450,1,0,taking_off,0.000000,0.000000,-1.223582,0.000000,0.000000,-0.400072,0.000000,0.000000,0.000000,595.167664,595.167664,595.167664,595.167664
1,takeoff,2909152613,247,2.470000,0.010000,364185000,776,23233,1,0,taking_off,0.000000,0.000000,-1.227564,0.000000,0.000000,-0.396494,0.000000,0.000000,0.000000,595.255432,595.255432,595.255432,595.255432
1,takeoff,2909152613,248,2.480000,0.010000,364209000,776,23400,1,0,taking_off,0.000000,0.000000,-1.231511,0.000000,0.000000,-0.392915,0.000000,0.000000,0.000000,595.255432,595.255432,595.255432,595.255432
1,takeoff,2909152613,249,2.490000,0.010000,364232000,776,23367,1,0,taking_off,0.000000,0.000000,-1.235423,0.000000,0.000000,-0.389336,0.000000,0.000000,0.000000,595.255432,595.255432,595.255432,595.255432
1,takeoff,2909152613,250,2.500000,0.010000,364256000,776,23344,1,0,taking_off,0.000000,0.000000,-1.239298,0.000000,0.000000,-0.385757,0.000000,0.000000,0.000000,595.255432,595.255432,595.255432,595.255432
1,takeoff,2909152613,251,2.510000,0.010000,364279000,777,23413,1,0,taking_off,0.000000,0.000000,-1.243138,0.000000,0.000000,-0.382213,0.000000,0.000000,0.000000,595.365173,595.365173,595.365173,595.365173
1,takeoff,2909152613,252,2.520000,0.010000,364302000,777,23186,1,0,taking_off,0.000000,0.000000,-1.246942,0.000000,0.000000,-0.378669,0.000000,0.000000,0.000000,595.365173,595.365173,595.365173,595.365173
1,takeoff,2909152613,253,2.530000,0.010000,364326000,777,23214,1,0,taking_off,0.000000,0.000000,-1.250711,0.000000,0.000000,-0.375126,0.000000,0.000000,0.000000,595.365173,595.365173,595.365173,595.365173
1,takeoff,2909152613,254,2.540000,0.010000,364349000,777,23380,1,0,taking_off,0.000000,0.000000,-1.254445,0.000000,0.000000,-0.371582,0.000000,0.000000,0.000000,595.365173,595.365173,595.365173,595.365173
1,takeoff,2909152613,255,2.550000,0.010000,364373000,775,23328,1,0,taking_off,0.000000,0.000000,-1.258143,0.000000,0.000000,-0.368079,0.000000,0.000000,0.000000,595.494812,595.494812,595.494812,595.494812
1,takeoff,2909152613,256,2.560000,0.010000,364396000,775,23403,1,0,taking_off,0.000000,0.000000,-1.261807,0.000000,0.000000,-0.364576,0.000000,0.000000,0.000000,595.494812,595.494812,595.494812,595.494812
1,takeoff,2909152613,257,2.570000,0.010000,364420000,775,23432,1,0,taking_off,0.000000,0.000000,-1.265435,0.000000,0.000000,-0.361073,0.000000,0.000000,0.000000,595.494812,595.494812,595.494812,595.494812
1,takeoff,2909152613,258,2.580000,0.010000,364443000,775,23508,1,0,taking_off,0.000000,0.000000,-1.269028,0.000000,0.000000,-0.357571,0.000000,0.000000,0.000000,595.494812,595.494812,595.494812,595.494812
1,takeoff,2909152613,259,2.590000,0.010000,364467000,775,23235,1,0,taking_off,0.000000,0.000000,-1.272586,0.000000,0.000000,-0.354115,0.000000,0.000000,0.000000,595.642456,595.642456,595.642456,595.642456
1,takeoff,2909152613,260,2.600000,0.010000,364490000,775,23264,1,0,taking_off,0.000000,0.000000,-1.276110,0.000000,0.000000,-0.350659,0.000000,0.000000,0.000000,595.642456,595.642456,595.642456,595.642456
1,takeoff,2909152613,261,2.610000,0.010000,364513000,775,23075,1,0,taking_off,0.000000,0.000000,-1.279600,0.000000,0.000000,-0.347203,0.000000,0.000000,0.000000,595.642456,595.642456,595.642456,595.642456
1,takeoff,2909152613,262,2.620000,0.010000,364536000,775,23302,1,0,taking_off,0.000000,0.000000,-1.283054,0.000000,0.000000,-0.343747,0.000000,0.000000,0.000000,595.642456,595.642456,595.642456,595.642456
1,takeoff,2909152613,263,2.630000,0.010000,364560000,772,23191,1,0,taking_off,0.000000,0.000000,-1.286475,0.000000,0.000000,-0.340343,0.000000,0.000000,0.000000,595.806274,595.806274,595.806274,595.806274
1,takeoff,2909152613,264,2.640000,0.010000,364583000,772,23442,1,0,taking_off,0.000000,0.000000,-1.289861,0.000000,0.000000,-0.336940,0.000000,0.000000,0.000000,595.806274,595.806274,595.806274,595.806274
1,takeoff,2909152613,265,2.650000,0.010000,364606000,772,23226,1,0,taking_off,0.000000,0.000000,-1.293214,0.000000,0.000000,-0.333536,0.000000,0.000000,0.000000,595.806274,595.806274,595.806274,595.806274
1,takeoff,2909152613,266,2.660000,0.010000,364630000,772,23485,1,0,taking_off,0.000000,0.000000,-1.296532,0.000000,0.000000,-0.330132,0.000000,0.000000,0.000000,595.806274,595.806274,595.806274,595.806274
1,takeoff,2909152613,267,2.670000,0.010000,364654000,769,23420,1,0,taking_off,0.000000,0.000000,-1.299817,0.000000,0.000000,-0.326785,0.000000,0.000000,0.000000,595.984497,595.984497,595.984497,595.984497
1,takeoff,2909152613,268,2.680000,0.010000,364677000,769,23314,1,0,taking_off,0.000000,0.000000,-1.303068,0.000000,0.000000,-0.323438,0.000000,0.000000,0.000000,595.984497,595.984497,595.984497,595.984497
1,takeoff,2909152613,269,2.690000,0.010000,364700000,769,23476,1,0,taking_off,0.000000,0.000000,-1.306285,0.000000,0.000000,-0.320091,0.000000,0.000000,0.000000,595.984497,595.984497,595.984497,595.984497
1,takeoff,2909152613,270,2.700000,0.010000,364724000,769,23591,1,0,taking_off,0.000000,0.000000,-1.309469,0.000000,0.000000,-0.316743,0.000000,0.000000,0.000000,595.984497,595.984497,595.984497,595.984497
1,takeoff,2909152613,271,2.710000,0.010000,364748000,772,23524,1,0,taking_off,0.000000,0.000000,-1.312620,0.000000,0.000000,-0.313457,0.000000,0.000000,0.000000,596.175659,596.175659,596.175659,596.175659
1,takeoff,2909152613,272,2.720000,0.010000,364771000,772,23367,1,0,taking_off,0.000000,0.000000,-1.315739,0.000000,0.000000,-0.310171,0.000000,0.000000,0.000000,596.175659,596.175659,596.175659,596.175659
1,takeoff,2909152613,273,2.730000,0.010000,364795000,772,23174,1,0,taking_off,0.000000,0.000000,-1.318824,0.000000,0.000000,-0.306884,0.000000,0.000000,0.000000,596.175659,596.175659,596.175659,596.175659
1,takeoff,2909152613,274,2.740000,0.010000,364818000,772,23395,1,0,taking_off,0.000000,0.000000,-1.321876,0.000000,0.000000,-0.303598,0.000000,0.000000,0.000000,596.175659,596.175659,596.175659,596.175659
1,takeoff,2909152613,275,2.750000,0.010000,364841000,768,23206,1,0,taking_off,0.000000,0.000000,-1.324896,0.000000,0.000000,-0.300376,0.000000,0.000000,0.000000,596.378235,596.378235,596.378235,596.378235
1,takeoff,2909152613,276,2.760000,0.010000,364865000,768,23479,1,0,taking_off,0.000000,0.000000,-1.327884,0.000000,0.000000,-0.297154,0.000000,0.000000,0.000000,596.378235,596.378235,596.378235,596.378235
1,takeoff,2909152613,277,2.770000,0.010000,364888000,768,23437,1,0,taking_off,0.000000,0.000000,-1.330839,0.000000,0.000000,-0.293932,0.000000,0.000000,0.000000,596.378235,596.378235,596.378235,596.378235
1,takeoff,2909152613,278,2.780000,0.010000,364912000,768,23255,1,0,taking_off,0.000000,0.000000,-1.333762,0.000000,0.000000,-0.290710,0.000000,0.000000,0.000000,596.378235,596.378235,596.378235,596.378235
1,takeoff,2909152613,279,2.790000,0.010000,364935000,767,23506,1,0,taking_off,0.000000,0.000000,-1.336654,0.000000,0.000000,-0.287556,0.000000,0.000000,0.000000,596.590637,596.590637,596.590637,596.590637
1,takeoff,2909152613,280,2.800000,0.010000,364959000,767,23229,1,0,taking_off,0.000000,0.000000,-1.339514,0.000000,0.000000,-0.284401,0.000000,0.000000,0.000000,596.590637,596.590637,596.590637,596.590637
1,takeoff,2909152613,281,2.810000,0.010000,364982000,767,23381,1,0,taking_off,0.000000,0.000000,-1.342342,0.000000,0.000000,-0.281247,0.000000,0.000000,0.000000,596.590637,596.590637,596.590637,596.590637
1,takeoff,2909152613,282,2.820000,0.010000,365005000,767,23205,1,0,taking_off,0.000000,0.000000,-1.345138,0.000000,0.000000,-0.278092,0.000000,0.000000,0.000000,596.590637,596.590637,596.590637,596.590637
1,takeoff,2909152613,283,2.830000,0.010000,365029000,768,23402,1,0,taking_off,0.000000,0.000000,-1.347904,0.000000,0.000000,-0.275008,0.000000,0.000000,0.000000,596.811646,596.811646,596.811646,596.811646
1,takeoff,2909152613,284,2.840000,0.010000,365052000,768,23371,1,0,taking_off,0.000000,0.000000,-1.350639,0.000000,0.000000,-0.271924,0.000000,0.000000,0.000000,596.811646,596.811646,596.811646,596.811646
1,takeoff,2909152613,285,2.850000,0.010000,365076000,768,23597,1,0,taking_off,0.000000,0.000000,-1.353342,0.000000,0.000000,-0.268840,0.000000,0.000000,0.000000,596.811646,596.811646,596.811646,596.811646
1,takeoff,2909152613,286,2.860000,0.010000,365099000,768,23359,1,0,taking_off,0.000000,0.000000,-1.356015,0.000000,0.000000,-0.265756,0.000000,0.000000,0.000000,596.811646,596.811646,596.811646,596.811646
1,takeoff,2909152613,287,2.870000,0.010000,365123000,773,23304,1,0,taking_off,0.000000,0.000000,-1.358658,0.000000,0.000000,-0.262745,0.000000,0.000000,0.000000,597.039978,597.039978,597.039978,597.039978
1,takeoff,2909152613,288,2.880000,0.010000,365146000,773,23584,1,0,taking_off,0.000000,0.000000,-1.361270,0.000000,0.000000,-0.259733,0.000000,0.000000,0.000000,597.039978,597.039978,597.039978,597.039978
1,takeoff,2909152613,289,2.890000,0.010000,365170000,773,23253,1,0,taking_off,0.000000,0.000000,-1.363853,0.000000,0.000000,-0.256722,0.000000,0.000000,0.000000,597.039978,597.039978,597.039978,597.039978
1,takeoff,2909152613,290,2.900000,0.010000,365193000,773,23326,1,0,taking_off,0.000000,0.000000,-1.366405,0.000000,0.000000,-0.253711,0.000000,0.000000,0.000000,597.039978,597.039978,597.039978,597.039978
1,takeoff,2909152613,291,2.910000,0.010000,365217000,772,23240,1,0,taking_off,0.000000,0.000000,-1.368927,0.000000,0.000000,-0.250774,0.000000,0.000000,0.000000,597.274475,597.274475,597.274475,597.274475
1,takeoff,2909152613,292,2.920000,0.010000,365240000,772,23184,1,0,taking_off,0.000000,0.000000,-1.371420,0.000000,0.000000,-0.247837,0.000000,0.000000,0.000000,597.274475,597.274475,597.274475,597.274475
1,takeoff,2909152613,293,2.930000,0.010000,365263000,772,23422,1,0,taking_off,0.000000,0.000000,-1.373884,0.000000,0.000000,-0.244901,0.000000,0.000000,0.000000,597.274475,597.274475,597.274475,597.274475
1,takeoff,2909152613,294,2.940000,0.010000,365287000,772,23432,1,0,taking_off,0.000000,0.000000,-1.376318,0.000000,0.000000,-0.241964,0.000000,0.000000,0.000000,597.274475,597.274475,597.274475,597.274475
1,takeoff,2909152613,295,2.950000,0.010000,365310000,771,23360,1,0,taking_off,0.000000,0.000000,-1.378724,0.000000,0.000000,-0.239103,0.000000,0.000000,0.000000,597.514038,597.514038,597.514038,597.514038
1,takeoff,2909152613,296,2.960000,0.010000,365334000,771,23261,1,0,taking_off,0.000000,0.000000,-1.381100,0.000000,0.000000,-0.236243,0.000000,0.000000,0.000000,597.514038,597.514038,597.514038,597.514038
1,takeoff,2909152613,297,2.970000,0.010000,365357000,771,23300,1,0,taking_off,0.000000,0.000000,-1.383448,0.000000,0.000000,-0.233383,0.000000,0.000000,0.000000,597.514038,597.514038,597.514038,597.514038
1,takeoff,2909152613,298,2.980000,0.010000,365380000,771,23254,1,0,taking_off,0.000000,0.000000,-1.385768,0.000000,0.000000,-0.230522,0.000000,0.000000,0.000000,597.514038,597.514038,597.514038,597.514038
1,takeoff,2909152613,299,2.990000,0.010000,365404000,776,23162,1,0,taking_off,0.000000,0.000000,-1.388059,0.000000,0.000000,-0.227740,0.000000,0.000000,0.000000,597.757568,597.757568,597.757568,597.757568
1,takeoff,2909152613,300,3.000000,0.010000,365427000,776,23440,1,0,taking_off,0.000000,0.000000,-1.390323,0.000000,0.000000,-0.224957,0.000000,0.000000,0.000000,597.757568,597.757568,597.757568,597.757568
1,takeoff,2909152613,301,3.010000,0.010000,365450000,776,23285,1,0,taking_off,0.000000,0.000000,-1.392558,0.000000,0.000000,-0.222174,0.000000,0.000000,0.000000,597.757568,597.757568,597.757568,597.757568
1,takeoff,2909152613,302,3.020000,0.010000,365474000,776,23127,1,0,taking_off,0.000000,0.000000,-1.394766,0.000000,0.000000,-0.219391,0.000000,0.000000,0.000000,597.757568,597.757568,597.757568,597.757568
1,takeoff,2909152613,303,3.030000,0.010000,365497000,767,23323,1,0,taking_off,0.000000,0.000000,-1.396947,0.000000,0.000000,-0.216687,0.000000,0.000000,0.000000,598.004211,598.004211,598.004211,598.004211
1,takeoff,2909152613,304,3.040000,0.010000,365520000,767,23293,1,0,taking_off,0.000000,0.000000,-1.399100,0.000000,0.000000,-0.213983,0.000000,0.000000,0.000000,598.004211,598.004211,598.004211,598.004211
1,takeoff,2909152613,305,3.050000,0.010000,365544000,767,23448,1,0,taking_off,0.000000,0.000000,-1.401226,0.000000,0.000000,-0.211279,0.000000,0.000000,0.000000,598.004211,598.004211,598.004211,598.004211
1,takeoff,2909152613,306,3.060000,0.010000,365567000,767,23476,1,0,taking_off,0.000000,0.000000,-1.403326,0.000000,0.000000,-0.208575,0.000000,0.000000,0.000000,598.004211,598.004211,598.004211,598.004211
1,takeoff,2909152613,307,3.070000,0.010000,365591000,768,23255,1,0,taking_off,0.000000,0.000000,-1.405398,0.000000,0.000000,-0.205950,0.000000,0.000000,0.000000,598.253052,598.253052,598.253052,598.253052
1,takeoff,2909152613,308,3.080000,0.010000,365614000,768,23480,1,0,taking_off,0.000000,0.000000,-1.407445,0.000000,0.000000,-0.203326,0.000000,0.000000,0.000000,598.253052,598.253052,598.253052,598.253052
1,takeoff,2909152613,309,3.090000,0.010000,365638000,768,23179,1,0,taking_off,0.000000,0.000000,-1.409465,0.000000,0.000000,-0.200701,0.000000,0.000000,0.000000,598.253052,598.253052,598.253052,598.253052
1,takeoff,2909152613,310,3.100000,0.010000,365661000,768,23276,1,0,taking_off,0.000000,0.000000,-1.411459,0.000000,0.000000,-0.198076,0.000000,0.000000,0.000000,598.253052,598.253052,598.253052,598.253052
1,takeoff,2909152613,311,3.110000,0.010000,365684000,771,23380,1,0,taking_off,0.000000,0.000000,-1.413427,0.000000,0.000000,-0.195531,0.000000,0.000000,0.000000,598.503235,598.503235,598.503235,598.503235
1,takeoff,2909152613,312,3.120000,0.010000,365708000,771,23565,1,0,taking_off,0.000000,0.000000,-1.415369,0.000000,0.000000,-0.192987,0.000000,0.000000,0.000000,598.503235,598.503235,598.503235,598.503235
1,takeoff,2909152613,313,3.130000,0.010000,365731000,771,23229,1,0,taking_off,0.000000,0.000000,-1.417286,0.000000,0.000000,-0.190442,0.000000,0.000000,0.000000,598.503235,598.503235,598.503235,598.503235
1,takeoff,2909152613,314,3.140000,0.010000,365755000,771,23415,1,0,taking_off,0.000000,0.000000,-1.419178,0.000000,0.000000,-0.187897,0.000000,0.000000,0.000000,598.503235,598.503235,598.503235,598.503235
1,takeoff,2909152613,315,3.150000,0.010000,365778000,768,23452,1,0,taking_off,0.000000,0.000000,-1.421045,0.000000,0.000000,-0.185432,0.000000,0.000000,0.000000,598.754089,598.754089,598.754089,598.754089
1,takeoff,2909152613,316,3.160000,0.010000,365802000,768,23574,1,0,taking_off,0.000000,0.000000,-1.422887,0.000000,0.000000,-0.182967,0.000000,0.000000,0.000000,598.754089,598.754089,598.754089,598.754089
1,takeoff,2909152613,317,3.170000,0.010000,365826000,768,23449,1,0,taking_off,0.000000,0.000000,-1.424704,0.000000,0.000000,-0.180502,0.000000,0.000000,0.000000,598.754089,598.754089,598.754089,598.754089
1,takeoff,2909152613,318,3.180000,0.010000,365849000,768,23493,1,0,taking_off,0.000000,0.000000,-1.426497,0.000000,0.000000,-0.178038,0.000000,0.000000,0.000000,598.754089,598.754089,598.754089,598.754089
1,takeoff,2909152613,319,3.190000,0.010000,365873000,768,23433,1,0,taking_off,0.000000,0.000000,-1.428265,0.000000,0.000000,-0.175653,0.000000,0.000000,0.000000,599.004761,599.004761,599.004761,599.004761
1,takeoff,2909152613,320,3.200000,0.010000,365896000,768,23160,1,0,taking_off,0.000000,0.000000,-1.430010,0.000000,0.000000,-0.173268,0.000000,0.000000,0.000000,599.004761,599.004761,599.004761,599.004761
1,takeoff,2909152613,321,3.210000,0.010000,365919000,768,23162,1,0,taking_off,0.000000,0.000000,-1.431731,0.000000,0.000000,-0.170884,0.000000,0.000000,0.000000,599.004761,599.004761,599.004761,599.004761
1,takeoff,2909152613,322,3.220000,0.010000,365943000,768,23188,1,0,taking_off,0.000000,0.000000,-1.433428,0.000000,0.000000,-0.168499,0.000000,0.000000,0.000000,599.004761,599.004761,599.004761,599.004761
1,takeoff,2909152613,323,3.230000,0.010000,365966000,771,23226,1,0,taking_off,0.000000,0.000000,-1.435101,0.000000,0.000000,-0.166194,0.000000,0.000000,0.000000,599.254761,599.254761,599.254761,599.254761
1,takeoff,2909152613,324,3.240000,0.010000,365989000,771,23449,1,0,taking_off,0.000000,0.000000,-1.436751,0.000000,0.000000,-0.163889,0.000000,0.000000,0.000000,599.254761,599.254761,599.254761,599.254761
1,takeoff,2909152613,325,3.250000,0.010000,366013000,771,23432,1,0,taking_off,0.000000,0.000000,-1.438379,0.000000,0.000000,-0.161584,0.000000,0.000000,0.000000,599.254761,599.254761,599.254761,599.254761
1,takeoff,2909152613,326,3.260000,0.010000,366036000,771,23392,1,0,taking_off,0.000000,0.000000,-1.439983,0.000000,0.000000,-0.159280,0.000000,0.000000,0.000000,599.254761,599.254761,599.254761,599.254761
1,takeoff,2909152613,327,3.270000,0.010000,366060000,773,23261,1,0,taking_off,0.000000,0.000000,-1.441565,0.000000,0.000000,-0.157054,0.000000,0.000000,0.000000,599.503479,599.503479,599.503479,599.503479
1,takeoff,2909152613,328,3.280000,0.010000,366083000,773,23281,1,0,taking_off,0.000000,0.000000,-1.443124,0.000000,0.000000,-0.154829,0.000000,0.000000,0.000000,599.503479,599.503479,599.503479,599.503479
1,takeoff,2909152613,329,3.290000,0.010000,366107000,773,23231,1,0,taking_off,0.000000,0.000000,-1.444661,0.000000,0.000000,-0.152604,0.000000,0.000000,0.000000,599.503479,599.503479,599.503479,599.503479
1,takeoff,2909152613,330,3.300000,0.010000,366130000,773,23294,1,0,taking_off,0.000000,0.000000,-1.446176,0.000000,0.000000,-0.150378,0.000000,0.000000,0.000000,599.503479,599.503479,599.503479,599.503479
1,takeoff,2909152613,331,3.310000,0.010000,366153000,769,23186,1,0,taking_off,0.000000,0.000000,-1.447669,0.000000,0.000000,-0.148232,0.000000,0.000000,0.000000,599.750305,599.750305,599.750305,599.750305
1,takeoff,2909152613,332,3.320000,0.010000,366177000,769,23419,1,0,taking_off,0.000000,0.000000,-1.449141,0.000000,0.000000,-0.146085,0.000000,0.000000,0.000000,599.750305,599.750305,599.750305,599.750305
1,takeoff,2909152613,333,3.330000,0.010000,366200000,769,23271,1,0,taking_off,0.000000,0.000000,-1.450591,0.000000,0.000000,-0.143939,0.000000,0.000000,0.000000,599.750305,599.750305,599.750305,599.750305
1,takeoff,2909152613,334,3.340000,0.010000,366223000,769,23500,1,0,taking_off,0.000000,0.000000,-1.452020,0.000000,0.000000,-0.141793,0.000000,0.000000,0.000000,599.750305,599.750305,599.750305,599.750305
1,takeoff,2909152613,335,3.350000,0.010000,366247000,773,23435,1,0,taking_off,0.000000,0.000000,-1.453427,0.000000,0.000000,-0.139725,0.000000,0.000000,0.000000,599.994812,599.994812,599.994812,599.994812
1,takeoff,2909152613,336,3.360000,0.010000,366270000,773,23254,1,0,taking_off,0.000000,0.000000,-1.454814,0.000000,0.000000,-0.137656,0.000000,0.000000,0.000000,599.994812,599.994812,599.994812,599.994812
1,takeoff,2909152613,337,3.370000,0.010000,366294000,773,23232,1,0,taking_off,0.000000,0.000000,-1.456180,0.000000,0.000000,-0.135588,0.000000,0.000000,0.000000,599.994812,599.994812,599.994812,599.994812
1,takeoff,2909152613,338,3.380000,0.010000,366317000,773,23205,1,0,taking_off,0.000000,0.000000,-1.457526,0.000000,0.000000,-0.133520,0.000000,0.000000,0.000000,599.994812,599.994812,599.994812,599.994812
1,takeoff,2909152613,339,3.390000,0.010000,366340000,770,23381,1,0,taking_off,0.000000,0.000000,-1.458851,0.000000,0.000000,-0.131529,0.000000,0.000000,0.000000,600.236450,600.236450,600.236450,600.236450
1,takeoff,2909152613,340,3.400000,0.010000,366364000,770,23235,1,0,taking_off,0.000000,0.000000,-1.460156,0.000000,0.000000,-0.129538,0.000000,0.000000,0.000000,600.236450,600.236450,600.236450,600.236450
1,takeoff,2909152613,341,3.410000,0.010000,366387000,770,23341,1,0,taking_off,0.000000,0.000000,-1.461442,0.000000,0.000000,-0.127548,0.000000,0.000000,0.000000,600.236450,600.236450,600.236450,600.236450
1,takeoff,2909152613,342,3.420000,0.010000,366411000,770,23307,1,0,taking_off,0.000000,0.000000,-1.462707,0.000000,0.000000,-0.125557,0.000000,0.000000,0.000000,600.236450,600.236450,600.236450,600.236450
1,takeoff,2909152613,343,3.430000,0.010000,366434000,769,23252,1,0,taking_off,0.000000,0.000000,-1.463953,0.000000,0.000000,-0.123642,0.000000,0.000000,0.000000,600.474976,600.474976,600.474976,600.474976
1,takeoff,2909152613,344,3.440000,0.010000,366457000,769,23399,1,0,taking_off,0.000000,0.000000,-1.465180,0.000000,0.000000,-0.121728,0.000000,0.000000,0.000000,600.474976,600.474976,600.474976,600.474976
1,takeoff,2909152613,345,3.450000,0.010000,366481000,769,23138,1,0,taking_off,0.000000,0.000000,-1.466388,0.000000,0.000000,-0.119813,0.000000,0.000000,0.000000,600.474976,600.474976,600.474976,600.474976
1,takeoff,2909152613,346,3.460000,0.010000,366504000,769,23069,1,0,taking_off,0.000000,0.000000,-1.467577,0.000000,0.000000,-0.117899,0.000000,0.000000,0.000000,600.474976,600.474976,600.474976,600.474976
1,takeoff,2909152613,347,3.470000,0.010000,366527000,772,23289,1,0,taking_off,0.000000,0.000000,-1.468746,0.000000,0.000000,-0.116060,0.000000,0.000000,0.000000,600.709900,600.709900,600.709900,600.709900
1,takeoff,2909152613,348,3.480000,0.010000,366551000,772,23544,1,0,taking_off,0.000000,0.000000,-1.469898,0.000000,0.000000,-0.114221,0.000000,0.000000,0.000000,600.709900,600.709900,600.709900,600.709900
1,takeoff,2909152613,349,3.490000,0.010000,366574000,772,23450,1,0,taking_off,0.000000,0.000000,-1.471031,0.000000,0.000000,-0.112381,0.000000,0.000000,0.000000,600.709900,600.709900,600.709900,600.709900
1,takeoff,2909152613,350,3.500000,0.010000,366597000,772,23224,1,0,taking_off,0.000000,0.000000,-1.472145,0.000000,0.000000,-0.110542,0.000000,0.000000,0.000000,600.709900,600.709900,600.709900,600.709900
1,takeoff,2909152613,351,3.510000,0.010000,366621000,767,23324,1,0,taking_off,0.000000,0.000000,-1.473242,0.000000,0.000000,-0.108777,0.000000,0.000000,0.000000,600.940918,600.940918,600.940918,600.940918
1,takeoff,2909152613,352,3.520000,0.010000,366644000,767,23239,1,0,taking_off,0.000000,0.000000,-1.474321,0.000000,0.000000,-0.107012,0.000000,0.000000,0.000000,600.940918,600.940918,600.940918,600.940918
1,takeoff,2909152613,353,3.530000,0.010000,366668000,767,23460,1,0,taking_off,0.000000,0.000000,-1.475382,0.000000,0.000000,-0.105247,0.000000,0.000000,0.000000,600.940918,600.940918,600.940918,600.940918
1,takeoff,2909152613,354,3.540000,0.010000,366691000,767,23496,1,0,taking_off,0.000000,0.000000,-1.476426,0.000000,0.000000,-0.103482,0.000000,0.000000,0.000000,600.940918,600.940918,600.940918,600.940918
1,takeoff,2909152613,355,3.550000,0.010000,366715000,770,23243,1,0,taking_off,0.000000,0.000000,-1.477452,0.000000,0.000000,-0.101789,0.000000,0.000000,0.000000,601.167786,601.167786,601.167786,601.167786
1,takeoff,2909152613,356,3.560000,0.010000,366738000,770,23517,1,0,taking_off,0.000000,0.000000,-1.478462,0.000000,0.000000,-0.100097,0.000000,0.000000,0.000000,601.167786,601.167786,601.167786,601.167786
1,takeoff,2909152613,357,3.570000,0.010000,366762000,770,23243,1,0,taking_off,0.000000,0.000000,-1.479454,0.000000,0.000000,-0.098404,0.000000,0.000000,0.000000,601.167786,601.167786,601.167786,601.167786
1,takeoff,2909152613,358,3.580000,0.010000,366785000,770,23476,1,0,flying,0.000000,0.000000,-1.480430,0.000000,0.000000,-0.096712,0.000000,0.000000,0.000000,601.167786,601.167786,601.167786,601.167786
1,joystick_flight,2909152613,359,3.590000,0.010000,366808000,814,23382,1,0,flying,0.000000,0.000000,-1.481387,0.000000,0.000000,-0.094777,0.000000,-0.000015,0.000000,599.154785,599.880127,600.946655,601.668030
1,joystick_flight,2909152613,360,3.600000,0.010000,366832000,884,23266,1,0,flying,0.000000,0.000000,-1.482325,0.000004,0.000000,-0.092843,0.000000,-0.000062,0.000001,599.180359,599.900085,600.926758,601.642517
1,joystick_flight,2909152613,361,3.610000,0.010000,366855000,887,23500,1,0,flying,0.000000,0.000000,-1.483244,0.000013,0.000000,-0.090909,0.000000,-0.000137,0.000002,599.206909,599.920654,600.906189,601.616150
1,joystick_flight,2909152613,362,3.620000,0.010000,366879000,890,23484,1,0,flying,0.000000,0.000000,-1.484143,0.000031,0.000000,-0.088975,0.000000,-0.000242,0.000004,599.234314,599.941711,600.885132,601.588867
1,joystick_flight,2909152613,363,3.630000,0.010000,366902000,888,23324,1,0,flying,0.000001,0.000000,-1.485024,0.000061,0.000000,-0.087195,0.000000,-0.000375,0.000007,599.383972,600.808899,600.985291,602.402893
1,joystick_flight,2909152613,364,3.640000,0.010000,366926000,888,23598,1,0,flying,0.000002,0.000000,-1.485887,0.000104,0.000000,-0.085416,0.000000,-0.000535,0.000010,599.415771,600.828064,600.966064,602.371338
1,joystick_flight,2909152613,365,3.650000,0.010000,366950000,888,23663,1,0,flying,0.000003,0.000000,-1.486733,0.000165,0.000000,-0.083636,0.000000,-0.000721,0.000015,599.448364,600.847473,600.946533,602.338989
1,joystick_flight,2909152613,366,3.660000,0.010000,366973000,894,23587,1,0,flying,0.000005,0.000000,-1.487560,0.000244,0.000000,-0.081857,0.000001,-0.000933,0.000021,599.481812,600.867126,600.926880,602.305786
1,joystick_flight,2909152613,367,3.670000,0.010000,366997000,891,23551,1,0,flying,0.000008,0.000000,-1.488370,0.000345,0.000000,-0.080220,0.000001,-0.001169,0.000027,599.599609,601.693481,600.989197,603.073486
1,joystick_flight,2909152613,368,3.680000,0.010000,367021000,890,23224,1,0,flying,0.000012,0.000000,-1.489164,0.000470,0.000000,-0.078582,0.000001,-0.001429,0.000036,599.637268,601.710510,600.972107,603.036194
1,joystick_flight,2909152613,369,3.690000,0.010000,367044000,890,23239,1,0,flying,0.000017,0.000000,-1.489942,0.000621,0.000000,-0.076945,0.000001,-0.001711,0.000046,599.675659,601.727356,600.955078,602.998108
1,joystick_flight,2909152613,370,3.700000,0.010000,367067000,891,23328,1,0,flying,0.000024,0.000000,-1.490703,0.000801,0.000001,-0.075308,0.000002,-0.002015,0.000057,599.714844,601.744141,600.938171,602.959290
1,joystick_flight,2909152613,371,3.710000,0.010000,367091000,890,23340,1,0,flying,0.000033,0.000000,-1.491449,0.001011,0.000001,-0.073801,0.000002,-0.002339,0.000070,599.804565,602.532532,600.966248,603.683472
1,joystick_flight,2909152613,372,3.720000,0.010000,367114000,892,23315,1,0,flying,0.000045,0.000000,-1.492179,0.001253,0.000001,-0.072295,0.000002,-0.002683,0.000085,599.847717,602.545959,600.952637,603.640747
1,joystick_flight,2909152613,373,3.730000,0.010000,367137000,890,23332,1,0,flying,0.000059,0.000000,-1.492895,0.001530,0.000001,-0.070788,0.000003,-0.003046,0.000102,599.891602,602.558899,600.939453,603.597290
1,joystick_flight,2909152613,374,3.740000,0.010000,367161000,892,23294,1,0,flying,0.000075,0.000000,-1.493595,0.001842,0.000002,-0.069282,0.000003,-0.003426,0.000121,599.936157,602.571472,600.926758,603.553162
1,joystick_flight,2909152613,375,3.750000,0.010000,367184000,892,23259,1,0,flying,0.000096,0.000000,-1.494281,0.002192,0.000002,-0.067895,0.000004,-0.003823,0.000142,600.001160,603.324341,600.924011,604.236450
1,joystick_flight,2909152613,376,3.760000,0.010000,367207000,893,23256,1,0,flying,0.000119,0.000000,-1.494953,0.002582,0.000002,-0.066509,0.000004,-0.004235,0.000165,600.049500,603.332886,600.915222,604.188660
1,joystick_flight,2909152613,377,3.770000,0.010000,367231000,891,23360,1,0,flying,0.000147,0.000000,-1.495611,0.003012,0.000003,-0.065122,0.000005,-0.004661,0.000191,600.098450,603.340759,600.907104,604.140198
1,joystick_flight,2909152613,378,3.780000,0.010000,367254000,895,23302,1,0,flying,0.000180,0.000000,-1.496256,0.003484,0.000004,-0.063736,0.000006,-0.005101,0.000219,600.148071,603.347839,600.899780,604.091125
1,joystick_flight,2909152613,379,3.790000,0.010000,367278000,891,23692,1,0,flying,0.000217,0.000000,-1.496886,0.003999,0.000004,-0.062460,0.000006,-0.005554,0.000249,600.191284,604.067383,600.869507,604.736023
1,joystick_flight,2909152613,380,3.800000,0.010000,367301000,891,23308,1,0,flying,0.000260,0.000000,-1.497505,0.004559,0.000005,-0.061183,0.000007,-0.006017,0.000283,600.244446,604.069946,600.866699,604.683472
1,joystick_flight,2909152613,381,3.810000,0.010000,367325000,892,23302,1,0,flying,0.000309,0.000000,-1.498110,0.005164,0.000006,-0.059907,0.000008,-0.006491,0.000319,600.298157,604.071472,600.864868,604.630371
1,joystick_flight,2909152613,382,3.820000,0.010000,367348000,889,23254,1,0,flying,0.000363,0.000000,-1.498703,0.005816,0.000007,-0.058630,0.000009,-0.006974,0.000358,600.352417,604.072021,600.864075,604.576782
1,joystick_flight,2909152613,383,3.830000,0.010000,367372000,888,23370,1,0,flying,0.000425,0.000000,-1.499283,0.006515,0.000008,-0.057455,0.000009,-0.007465,0.000399,600.376526,604.760254,600.809387,605.185791
1,joystick_flight,2909152613,384,3.840000,0.010000,367395000,888,23428,1,0,flying,0.000494,0.000001,-1.499852,0.007263,0.000009,-0.056279,0.000010,-0.007963,0.000444,600.434143,604.755676,600.813660,605.128906
1,joystick_flight,2909152613,385,3.850000,0.010000,367418000,891,23300,1,0,flying,0.000570,0.000001,-1.500409,0.008059,0.000011,-0.055103,0.000011,-0.008467,0.000492,600.492249,604.749878,600.819214,605.071472
1,joystick_flight,2909152613,386,3.860000,0.010000,367442000,895,24318,1,0,flying,0.000655,0.000001,-1.500954,0.008904,0.000012,-0.053927,0.000012,-0.008977,0.000543,600.550842,604.742859,600.825928,605.013611
1,joystick_flight,2909152613,387,3.870000,0.010000,367466000,892,23488,1,0,flying,0.000749,0.000001,-1.501488,0.009799,0.000014,-0.052844,0.000013,-0.009490,0.000598,600.558105,605.401489,600.749756,605.589111
1,joystick_flight,2909152613,388,3.880000,0.010000,367490000,892,23087,1,0,flying,0.000851,0.000001,-1.502011,0.010745,0.000016,-0.051761,0.000014,-0.010007,0.000655,600.619812,605.388855,600.762207,605.528198
1,joystick_flight,2909152613,389,3.890000,0.010000,367513000,893,23372,1,0,flying,0.000964,0.000001,-1.502523,0.011740,0.000018,-0.050677,0.000015,-0.010525,0.000717,600.682007,605.374817,600.776001,605.466858
1,joystick_flight,2909152613,390,3.900000,0.010000,367536000,895,23416,1,0,flying,0.001086,0.000001,-1.503024,0.012786,0.000020,-0.049593,0.000016,-0.011045,0.000781,600.744568,605.359375,600.791199,605.405090
1,joystick_flight,2909152613,391,3.910000,0.010000,367560000,892,23254,1,0,flying,0.001220,0.000002,-1.503515,0.013884,0.000023,-0.048595,0.000017,-0.011564,0.000849,600.737000,605.989929,600.696350,605.949402
1,joystick_flight,2909152613,392,3.920000,0.010000,367583000,893,23421,1,0,flying,0.001364,0.000002,-1.503996,0.015031,0.000025,-0.047597,0.000018,-0.012083,0.000921,600.802551,605.968445,600.717712,605.884766
1,joystick_flight,2909152613,393,3.930000,0.010000,367607000,892,23188,1,0,flying,0.001520,0.000002,-1.504467,0.016229,0.000028,-0.046597,0.000019,-0.012599,0.000997,600.868408,605.945374,600.740601,605.819824
1,joystick_flight,2909152613,394,3.940000,0.010000,367630000,893,23479,1,0,flying,0.001689,0.000002,-1.504928,0.017477,0.000032,-0.045597,0.000020,-0.013113,0.001076,600.934631,605.920776,600.765076,605.754456
1,joystick_flight,2909152613,395,3.950000,0.010000,367653000,893,23417,1,0,flying,0.001870,0.000003,-1.505380,0.018776,0.000035,-0.044677,0.000021,-0.013624,0.001159,600.914001,606.524719,600.654114,606.269775
1,joystick_flight,2909152613,396,3.960000,0.010000,367677000,894,23412,1,0,flying,0.002065,0.000003,-1.505822,0.020124,0.000039,-0.043756,0.000021,-0.014129,0.001246,600.982971,606.493713,600.685120,606.201782
1,joystick_flight,2909152613,397,3.970000,0.010000,367701000,894,23566,1,0,flying,0.002273,0.000004,-1.506255,0.021521,0.000043,-0.042834,0.000022,-0.014630,0.001337,601.052246,606.460999,600.717773,606.133423
1,joystick_flight,2909152613,398,3.980000,0.010000,367724000,893,23405,1,0,flying,0.002495,0.000004,-1.506678,0.022967,0.000047,-0.041911,0.000023,-0.015124,0.001432,601.121826,606.426636,600.752136,606.064758
1,joystick_flight,2909152613,399,3.990000,0.010000,367748000,890,23465,1,0,flying,0.002732,0.000004,-1.507093,0.024461,0.000051,-0.041061,0.000024,-0.015611,0.001531,601.089600,607.005188,600.627502,606.553284
1,joystick_flight,2909152613,400,4.000000,0.010000,367771000,891,23608,1,0,flying,0.002985,0.000005,-1.507500,0.026002,0.000056,-0.040211,0.000025,-0.016089,0.001635,601.161682,606.964111,600.668640,606.482117
1,joystick_flight,2909152613,401,4.010000,0.010000,367795000,890,23416,1,0,flying,0.003253,0.000006,-1.507898,0.027589,0.000061,-0.039360,0.000026,-0.016559,0.001742,601.234131,606.921265,600.711609,606.410645
1,joystick_flight,2909152613,402,4.020000,0.010000,367818000,888,23302,1,0,flying,0.003537,0.000006,-1.508287,0.029222,0.000067,-0.038508,0.000026,-0.017020,0.001854,601.306824,606.876709,600.756348,606.338867
1,joystick_flight,2909152613,403,4.030000,0.010000,367842000,893,23517,1,0,flying,0.003837,0.000007,-1.508668,0.030900,0.000072,-0.037723,0.000027,-0.017471,0.001969,601.264160,607.430969,600.620300,606.802673
1,joystick_flight,2909152613,404,4.040000,0.010000,367866000,890,23518,1,0,flying,0.004155,0.000008,-1.509041,0.032621,0.000079,-0.036938,0.000027,-0.017910,0.002090,601.339233,607.379517,600.672058,606.728577
1,joystick_flight,2909152613,405,4.050000,0.010000,367889000,892,23447,1,0,flying,0.004490,0.000008,-1.509407,0.034384,0.000085,-0.036151,0.000028,-0.018338,0.002214,601.414612,607.326233,600.725647,606.654175
1,joystick_flight,2909152613,406,4.060000,0.010000,367913000,891,23611,1,0,flying,0.004842,0.000009,-1.509764,0.036189,0.000092,-0.035365,0.000028,-0.018753,0.002343,601.490173,607.271179,600.781067,606.579468
1,joystick_flight,2909152613,407,4.070000,0.010000,367936000,890,23627,1,0,flying,0.005214,0.000010,-1.510114,0.038034,0.000099,-0.034640,0.000029,-0.019156,0.002476,601.438110,607.802124,600.635620,607.020447
1,joystick_flight,2909152613,408,4.080000,0.010000,367960000,888,23356,1,0,flying,0.005603,0.000011,-1.510457,0.039918,0.000107,-0.033914,0.000029,-0.019545,0.002614,601.515869,607.739990,600.698181,606.943604
1,joystick_flight,2909152613,409,4.090000,0.010000,367983000,892,23308,1,0,flying,0.006012,0.000012,-1.510793,0.041839,0.000115,-0.033188,0.000029,-0.019919,0.002756,601.593994,607.676086,600.762634,606.866455
1,joystick_flight,2909152613,410,4.100000,0.010000,368007000,890,23356,1,0,flying,0.006440,0.000014,-1.511121,0.043796,0.000123,-0.032461,0.000029,-0.020279,0.002903,601.672241,607.610413,600.828857,606.789062
1,joystick_flight,2909152613,411,4.110000,0.010000,368030000,894,23327,1,0,flying,0.006888,0.000015,-1.511442,0.045788,0.000132,-0.031791,0.000030,-0.020624,0.003054,601.611389,608.118896,600.675842,607.209045
1,joystick_flight,2909152613,412,4.120000,0.010000,368053000,892,23256,1,0,flying,0.007356,0.000016,-1.511757,0.047813,0.000141,-0.031121,0.000030,-0.020953,0.003210,601.691833,608.046082,600.749329,607.129517
1,joystick_flight,2909152613,413,4.130000,0.010000,368077000,890,23285,1,0,flying,0.007844,0.000018,-1.512065,0.049870,0.000151,-0.030450,0.000029,-0.021266,0.003370,601.772461,607.971497,600.824707,607.049744
1,joystick_flight,2909152613,414,4.140000,0.010000,368100000,895,23191,1,0,flying,0.008354,0.000019,-1.512366,0.051956,0.000161,-0.029779,0.000029,-0.021562,0.003535,601.853333,607.895142,600.901794,606.969727
1,joystick_flight,2909152613,415,4.150000,0.010000,368123000,893,23201,1,0,flying,0.008884,0.000021,-1.512660,0.054071,0.000171,-0.029160,0.000029,-0.021841,0.003705,601.784363,608.382019,600.742798,607.370422
1,joystick_flight,2909152613,416,4.160000,0.010000,368147000,893,23289,1,0,flying,0.009435,0.000023,-1.512949,0.056212,0.000182,-0.028541,0.000029,-0.022102,0.003879,601.867310,608.298584,600.827209,607.288391
1,joystick_flight,2909152613,417,4.170000,0.010000,368170000,892,23369,1,0,flying,0.010008,0.000025,-1.513231,0.058379,0.000194,-0.027921,0.000028,-0.022346,0.004058,601.950439,608.213440,600.913330,607.206055
1,joystick_flight,2909152613,418,4.180000,0.010000,368193000,892,23245,1,0,flying,0.010603,0.000027,-1.513507,0.060568,0.000205,-0.027301,0.000027,-0.022572,0.004241,602.033813,608.126587,601.001160,607.123413
1,joystick_flight,2909152613,419,4.190000,0.010000,368217000,891,23226,1,0,flying,0.011219,0.000029,-1.513778,0.062779,0.000218,-0.026730,0.000027,-0.022779,0.004429,601.957031,608.592468,600.837646,607.506531
1,joystick_flight,2909152613,420,4.200000,0.010000,368240000,889,23143,1,0,flying,0.011858,0.000031,-1.514042,0.065009,0.000230,-0.026159,0.000026,-0.022967,0.004622,602.042419,608.498657,600.932678,607.421936
1,joystick_flight,2909152613,421,4.210000,0.010000,368263000,889,23265,1,0,flying,0.012520,0.000033,-1.514301,0.067257,0.000243,-0.025587,0.000025,-0.023136,0.004819,602.127991,608.403198,601.029358,607.337097
1,joystick_flight,2909152613,422,4.220000,0.010000,368286000,891,23304,1,0,flying,0.013204,0.000036,-1.514554,0.069521,0.000257,-0.025014,0.000024,-0.023286,0.005021,602.213806,608.306152,601.127625,607.251953
1,joystick_flight,2909152613,423,4.230000,0.010000,368310000,893,23135,1,0,flying,0.013910,0.000038,-1.514801,0.071799,0.000271,-0.024488,0.000023,-0.023418,0.005227,602.129517,608.751770,600.960754,607.618896
1,joystick_flight,2909152613,424,4.240000,0.010000,368333000,888,23183,1,0,flying,0.014640,0.000041,-1.515043,0.074089,0.000285,-0.023960,0.000022,-0.023529,0.005438,602.217285,608.647888,601.066101,607.531799
1,joystick_flight,2909152613,425,4.250000,0.010000,368356000,890,23257,1,0,flying,0.015392,0.000044,-1.515280,0.076389,0.000300,-0.023433,0.000021,-0.023620,0.005654,602.305298,608.542480,601.172974,607.444397
1,joystick_flight,2909152613,426,4.260000,0.010000,368379000,890,23494,1,0,flying,0.016167,0.000047,-1.515512,0.078697,0.000315,-0.022905,0.000019,-0.023693,0.005874,602.393494,608.435608,601.281311,607.356750
1,joystick_flight,2909152613,427,4.270000,0.010000,368403000,888,23262,1,0,flying,0.016966,0.000050,-1.515739,0.081012,0.000331,-0.022420,0.000018,-0.023745,0.006099,602.301819,608.861633,601.112122,607.708923
1,joystick_flight,2909152613,428,4.280000,0.010000,368426000,891,23265,1,0,flying,0.017788,0.000054,-1.515961,0.083331,0.000347,-0.021934,0.000016,-0.023778,0.006329,602.392029,608.748169,601.227234,607.619324
1,joystick_flight,2909152613,429,4.290000,0.010000,368449000,891,23287,1,0,flying,0.018633,0.000057,-1.516177,0.085653,0.000364,-0.021448,0.000015,-0.023790,0.006563,602.482483,608.633301,601.343811,607.529358
1,joystick_flight,2909152613,430,4.300000,0.010000,368473000,891,23416,1,0,flying,0.019501,0.000061,-1.516389,0.087974,0.000380,-0.020963,0.000013,-0.023784,0.006802,602.573120,608.517090,601.461670,607.439148
1,joystick_flight,2909152613,431,4.310000,0.010000,368496000,889,23321,1,0,flying,0.020392,0.000065,-1.516597,0.090295,0.000398,-0.020516,0.000011,-0.023757,0.007045,602.474182,608.924133,601.291077,607.777893
1,joystick_flight,2909152613,432,4.320000,0.010000,368520000,892,23394,1,0,flying,0.021307,0.000069,-1.516800,0.092613,0.000415,-0.020069,0.000009,-0.023711,0.007292,602.566833,608.801697,601.415405,607.685730
1,joystick_flight,2909152613,433,4.330000,0.010000,368543000,892,23437,1,0,flying,0.022244,0.000073,-1.516998,0.094925,0.000433,-0.019622,0.000008,-0.023645,0.007544,602.659790,608.677917,601.541016,607.593140
1,joystick_flight,2909152613,434,4.340000,0.010000,368567000,892,23243,1,0,flying,0.023205,0.000078,-1.517192,0.097229,0.000452,-0.019176,0.000006,-0.023560,0.007801,602.752930,608.553040,601.667786,607.500305
1,joystick_flight,2909152613,435,4.350000,0.010000,368590000,893,23655,1,0,flying,0.024189,0.000082,-1.517382,0.099526,0.000470,-0.018765,0.000004,-0.023457,0.008062,602.646667,608.941833,601.496399,607.826904
1,joystick_flight,2909152613,436,4.360000,0.010000,368613000,888,23324,1,0,flying,0.025196,0.000087,-1.517568,0.101811,0.000489,-0.018355,0.000002,-0.023333,0.008327,602.741882,608.810974,601.629333,607.731995
1,joystick_flight,2909152613,437,4.370000,0.010000,368637000,891,23510,1,0,flying,0.026225,0.000092,-1.517749,0.104083,0.000509,-0.017945,-0.000000,-0.023191,0.008597,602.837402,608.679077,601.763306,607.636780
1,joystick_flight,2909152613,438,4.380000,0.010000,368661000,891,23483,1,0,flying,0.027277,0.000097,-1.517926,0.106340,0.000528,-0.017536,-0.000003,-0.023031,0.008871,602.933167,608.546143,601.898193,607.541260
1,joystick_flight,2909152613,439,4.390000,0.010000,368684000,892,23506,1,0,flying,0.028352,0.000103,-1.518100,0.108582,0.000548,-0.017159,-0.000005,-0.022852,0.009149,602.819641,608.917419,601.726624,607.856812
1,joystick_flight,2909152613,440,4.400000,0.010000,368708000,889,23440,1,0,flying,0.029449,0.000108,-1.518270,0.110805,0.000568,-0.016783,-0.000007,-0.022655,0.009431,602.917419,608.778992,601.867249,607.759216
1,joystick_flight,2909152613,441,4.410000,0.010000,368731000,894,23741,1,0,flying,0.030568,0.000114,-1.518436,0.113008,0.000588,-0.016408,-0.000009,-0.022441,0.009718,603.015564,608.639648,602.008789,607.661255
1,joystick_flight,2909152613,442,4.420000,0.010000,368755000,892,23487,1,0,flying,0.031709,0.000120,-1.518598,0.115190,0.000609,-0.016033,-0.000011,-0.022209,0.010009,603.114014,608.499512,602.151062,607.562927
1,joystick_flight,2909152613,443,4.430000,0.010000,368779000,893,23424,1,0,flying,0.032872,0.000126,-1.518756,0.117348,0.000630,-0.015688,-0.000013,-0.021961,0.010303,602.993225,608.854065,601.979675,607.868469
1,joystick_flight,2909152613,444,4.440000,0.010000,368802000,889,23566,1,0,flying,0.034056,0.000133,-1.518912,0.119482,0.000651,-0.015344,-0.000015,-0.021695,0.010602,603.093811,608.708801,602.127197,607.768066
1,joystick_flight,2909152613,445,4.450000,0.010000,368826000,893,23408,1,0,flying,0.035261,0.000139,-1.519063,0.121589,0.000672,-0.015001,-0.000017,-0.021413,0.010905,603.194641,608.562805,602.275452,607.667297
1,joystick_flight,2909152613,446,4.460000,0.010000,368849000,892,23530,1,0,flying,0.036487,0.000146,-1.519212,0.123667,0.000693,-0.014658,-0.000019,-0.021116,0.011212,603.295837,608.416260,602.424194,607.566162
1,joystick_flight,2909152613,447,4.470000,0.010000,368873000,893,23423,1,0,flying,0.037734,0.000153,-1.519357,0.125716,0.000714,-0.014343,-0.000021,-0.020804,0.011523,603.167786,608.754944,602.253235,607.862732
1,joystick_flight,2909152613,448,4.480000,0.010000,368896000,892,23254,1,0,flying,0.039002,0.000160,-1.519498,0.127734,0.000736,-0.014029,-0.000023,-0.020476,0.011837,603.271179,608.603699,602.406799,607.759399
1,joystick_flight,2909152613,449,4.490000,0.010000,368920000,890,23379,1,0,flying,0.040289,0.000168,-1.519637,0.129719,0.000757,-0.013716,-0.000025,-0.020133,0.012156,603.374878,608.452026,602.560791,607.655701
1,joystick_flight,2909152613,450,4.500000,0.010000,368943000,894,23488,1,0,flying,0.041596,0.000176,-1.519773,0.131670,0.000778,-0.013403,-0.000027,-0.019777,0.012478,603.478882,608.299927,602.715088,607.551636
1,joystick_flight,2909152613,451,4.510000,0.010000,368967000,890,23454,1,0,flying,0.042922,0.000183,-1.519905,0.133586,0.000800,-0.013117,-0.000029,-0.019408,0.012803,603.343750,608.623657,602.544800,607.840332
1,joystick_flight,2909152613,452,4.520000,0.010000,368991000,891,23553,1,0,flying,0.044267,0.000192,-1.520035,0.135465,0.000821,-0.012830,-0.000030,-0.019025,0.013133,603.450012,608.467407,602.703369,607.734009
1,joystick_flight,2909152613,453,4.530000,0.010000,369014000,890,23272,1,0,flying,0.045631,0.000200,-1.520162,0.137307,0.000843,-0.012545,-0.000032,-0.018630,0.013466,603.556641,608.310852,602.862183,607.627319
1,joystick_flight,2909152613,454,4.540000,0.010000,369037000,892,23229,1,0,flying,0.047013,0.000208,-1.520286,0.139108,0.000864,-0.012260,-0.000033,-0.018223,0.013802,603.663574,608.154175,603.021057,607.520264
1,joystick_flight,2909152613,455,4.550000,0.010000,369061000,893,23242,1,0,flying,0.048413,0.000217,-1.520407,0.140870,0.000886,-0.011999,-0.000034,-0.017805,0.014142,603.521362,608.463867,602.851501,607.801941
1,joystick_flight,2909152613,456,4.560000,0.010000,369084000,894,23345,1,0,flying,0.049831,0.000226,-1.520526,0.142591,0.000907,-0.011739,-0.000035,-0.017375,0.014485,603.630615,608.303467,603.014160,607.692566
1,joystick_flight,2909152613,457,4.570000,0.010000,369108000,891,23578,1,0,flying,0.051265,0.000235,-1.520642,0.144269,0.000928,-0.011479,-0.000036,-0.016936,0.014832,603.740234,608.143066,603.176819,607.582825
1,joystick_flight,2909152613,458,4.580000,0.010000,369131000,893,23269,1,0,flying,0.052716,0.000245,-1.520756,0.145904,0.000949,-0.011221,-0.000037,-0.016487,0.015181,603.850098,607.982666,603.339294,607.472778
1,joystick_flight,2909152613,459,4.590000,0.010000,369155000,891,23502,1,0,flying,0.054183,0.000254,-1.520867,0.147494,0.000970,-0.010983,-0.000038,-0.016029,0.015534,603.700989,608.279419,603.170410,607.748291
1,joystick_flight,2909152613,460,4.600000,0.010000,369178000,892,23318,1,0,flying,0.055666,0.000264,-1.520975,0.149040,0.000990,-0.010747,-0.000038,-0.015562,0.015890,603.813354,608.115906,603.336182,607.635864
1,joystick_flight,2909152613,461,4.610000,0.010000,369202000,892,23487,1,0,flying,0.057164,0.000274,-1.521082,0.150539,0.001011,-0.010511,-0.000038,-0.015087,0.016249,603.925964,607.952454,603.501709,607.523071
1,joystick_flight,2909152613,462,4.620000,0.010000,369225000,891,23646,1,0,flying,0.058676,0.000284,-1.521185,0.151991,0.001031,-0.010275,-0.000038,-0.014605,0.016611,604.038879,607.789307,603.666870,607.409912
1,joystick_flight,2909152613,463,4.630000,0.010000,369249000,889,23252,1,0,flying,0.060203,0.000295,-1.521287,0.153396,0.001051,-0.010060,-0.000038,-0.014117,0.016976,603.883118,608.074280,603.498535,607.680176
1,joystick_flight,2909152613,464,4.640000,0.010000,369272000,890,23323,1,0,flying,0.061744,0.000305,-1.521387,0.154754,0.001070,-0.009845,-0.000038,-0.013622,0.017344,603.998474,607.908447,603.666382,607.564636
1,joystick_flight,2909152613,465,4.650000,0.010000,369296000,891,23452,1,0,flying,0.063298,0.000316,-1.521484,0.156062,0.001089,-0.009631,-0.000037,-0.013122,0.017714,604.114197,607.742981,603.833801,607.448792
1,joystick_flight,2909152613,466,4.660000,0.010000,369319000,892,23311,1,0,flying,0.064865,0.000327,-1.521579,0.157321,0.001108,-0.009417,-0.000036,-0.012617,0.018087,604.230164,607.578003,604.000671,607.332642
1,joystick_flight,2909152613,467,4.670000,0.010000,369343000,893,23374,1,0,flying,0.066444,0.000338,-1.521672,0.158531,0.001127,-0.009221,-0.000035,-0.012108,0.018463,604.067932,607.852356,603.832825,607.598450
1,joystick_flight,2909152613,468,4.680000,0.010000,369366000,893,23574,1,0,flying,0.068036,0.000350,-1.521764,0.159691,0.001145,-0.009026,-0.000034,-0.011595,0.018841,604.186401,607.685181,604.001831,607.479797
1,joystick_flight,2909152613,469,4.690000,0.010000,369390000,894,23459,1,0,flying,0.069638,0.000361,-1.521853,0.160801,0.001163,-0.008831,-0.000032,-0.011079,0.019221,604.305115,607.518555,604.170166,607.360901
1,joystick_flight,2909152613,470,4.700000,0.010000,369413000,894,23668,1,0,flying,0.071251,0.000373,-1.521940,0.161860,0.001181,-0.008637,-0.000031,-0.010561,0.019604,604.424133,607.352600,604.337769,607.241760
1,joystick_flight,2909152613,471,4.710000,0.010000,369437000,892,23461,1,0,flying,0.072875,0.000385,-1.522026,0.162868,0.001198,-0.008459,-0.000029,-0.010042,0.019989,604.255676,607.617493,604.170105,607.503784
1,joystick_flight,2909152613,472,4.720000,0.010000,369461000,892,23673,1,0,flying,0.074509,0.000397,-1.522110,0.163825,0.001214,-0.008282,-0.000026,-0.009521,0.020377,604.377197,607.449890,604.339355,607.382202
1,joystick_flight,2909152613,473,4.730000,0.010000,369484000,891,23353,1,0,flying,0.076151,0.000409,-1.522191,0.164732,0.001230,-0.008105,-0.000024,-0.008999,0.020766,604.498962,607.282959,604.507690,607.260376
1,joystick_flight,2909152613,474,4.740000,0.010000,369508000,891,23364,1,0,flying,0.077803,0.000421,-1.522272,0.165587,0.001246,-0.007929,-0.000021,-0.008478,0.021158,604.620850,607.116943,604.675171,607.138306
1,joystick_flight,2909152613,475,4.750000,0.010000,369531000,894,23554,1,0,flying,0.079463,0.000434,-1.522350,0.166391,0.001262,-0.007767,-0.000017,-0.007958,0.021551,604.446594,607.373596,604.507324,607.397278
1,joystick_flight,2909152613,476,4.760000,0.010000,369555000,891,23324,1,0,flying,0.081131,0.000447,-1.522427,0.167145,0.001276,-0.007605,-0.000014,-0.007438,0.021947,604.571045,607.206360,604.675964,607.272766
1,joystick_flight,2909152613,477,4.770000,0.010000,369578000,892,23608,1,0,flying,0.082806,0.000459,-1.522502,0.167848,0.001291,-0.007444,-0.000010,-0.006921,0.022344,604.695679,607.040039,604.843506,607.148132
1,joystick_flight,2909152613,478,4.780000,0.010000,369602000,894,23507,1,0,flying,0.084488,0.000472,-1.522576,0.168500,0.001305,-0.007283,-0.000006,-0.006406,0.022743,604.820435,606.874756,605.009949,607.023315
1,joystick_flight,2909152613,479,4.790000,0.010000,369626000,892,23530,1,0,flying,0.086176,0.000486,-1.522648,0.169101,0.001318,-0.007136,-0.000002,-0.005878,0.023143,605.912048,607.626099,604.289856,606.058899
1,joystick_flight,2909152613,480,4.800000,0.010000,369649000,894,23647,1,0,flying,0.087869,0.000499,-1.522719,0.169650,0.001331,-0.006989,0.000003,-0.005324,0.023544,606.013245,607.440918,604.477356,605.956299
1,joystick_flight,2909152613,481,4.810000,0.010000,369673000,892,23575,1,0,flying,0.089568,0.000512,-1.522788,0.170143,0.001343,-0.006842,0.000008,-0.004744,0.023947,606.113647,607.256226,604.664246,605.854553
1,joystick_flight,2909152613,482,4.820000,0.010000,369697000,893,23561,1,0,flying,0.091272,0.000526,-1.522855,0.170578,0.001355,-0.006695,0.000013,-0.004140,0.024350,606.213257,607.072205,604.850342,605.753479
1,joystick_flight,2909152613,483,4.830000,0.010000,369720000,890,23524,1,0,flying,0.092980,0.000539,-1.522922,0.170953,0.001365,-0.006560,0.000018,-0.003512,0.024753,606.358276,606.937317,605.062378,605.677490
1,joystick_flight,2909152613,484,4.840000,0.010000,369744000,892,23610,1,0,flying,0.094691,0.000553,-1.522987,0.171265,0.001375,-0.006426,0.000023,-0.002864,0.025157,606.455933,606.754761,605.246887,605.578308
1,joystick_flight,2909152613,485,4.850000,0.010000,369768000,890,23442,1,0,flying,0.096405,0.000567,-1.523050,0.171512,0.001384,-0.006292,0.000029,-0.002195,0.025561,606.552734,606.573181,605.430298,605.479858
1,joystick_flight,2909152613,486,4.860000,0.010000,369791000,890,23451,1,0,flying,0.098121,0.000581,-1.523112,0.171694,0.001392,-0.006158,0.000035,-0.001508,0.025965,606.648682,606.392761,605.612488,605.382263
1,joystick_flight,2909152613,487,4.870000,0.010000,369815000,891,23459,1,0,flying,0.099839,0.000595,-1.523173,0.171807,0.001398,-0.006035,0.000041,-0.000803,0.026369,606.781799,606.253906,605.822021,605.311462
1,joystick_flight,2909152613,488,4.880000,0.010000,369838000,893,23422,1,0,flying,0.101557,0.000609,-1.523233,0.171850,0.001404,-0.005911,0.000047,-0.000083,0.026772,606.875916,606.075989,606.001465,605.215637
1,joystick_flight,2909152613,489,4.890000,0.010000,369862000,898,23351,1,0,flying,0.103275,0.000623,-1.523292,0.171822,0.001408,-0.005788,0.000054,0.000652,0.027175,606.969238,605.899536,606.179321,605.120605
1,joystick_flight,2909152613,490,4.900000,0.010000,369885000,894,23410,1,0,flying,0.104993,0.000637,-1.523349,0.171722,0.001411,-0.005665,0.000061,0.001400,0.027576,607.061646,605.724731,606.355469,605.026367
1,joystick_flight,2909152613,491,4.910000,0.010000,369909000,892,23350,1,0,flying,0.106709,0.000651,-1.523405,0.171548,0.001412,-0.005552,0.000068,0.002159,0.027977,607.182556,605.583557,606.561584,604.961914
1,joystick_flight,2909152613,492,4.920000,0.010000,369932000,889,23489,1,0,flying,0.108424,0.000665,-1.523460,0.171298,0.001412,-0.005438,0.000076,0.002929,0.028376,607.273315,605.412292,606.733948,604.869446
1,joystick_flight,2909152613,493,4.930000,0.010000,369955000,895,23397,1,0,flying,0.110135,0.000679,-1.523514,0.170973,0.001411,-0.005324,0.000083,0.003707,0.028774,607.363159,605.242920,606.904358,604.777771
1,joystick_flight,2909152613,494,4.940000,0.010000,369979000,890,23422,1,0,flying,0.111843,0.000693,-1.523566,0.170572,0.001408,-0.005210,0.000091,0.004493,0.029171,607.452148,605.075562,607.072571,604.687012
1,joystick_flight,2909152613,495,4.950000,0.010000,370002000,892,23193,1,0,flying,0.113546,0.000707,-1.523618,0.170093,0.001403,-0.005105,0.000100,0.005284,0.029565,607.560913,604.933899,607.274292,604.629761
1,joystick_flight,2909152613,496,4.960000,0.010000,370026000,891,23534,1,0,flying,0.115245,0.000721,-1.523669,0.169536,0.001397,-0.004999,0.000108,0.006080,0.029958,607.648315,604.770996,607.437805,604.540649
1,joystick_flight,2909152613,497,4.970000,0.010000,370049000,890,23468,1,0,flying,0.116937,0.000735,-1.523718,0.168901,0.001389,-0.004893,0.000117,0.006879,0.030348,607.734741,604.610474,607.598877,604.452454
1,joystick_flight,2909152613,498,4.980000,0.010000,370073000,889,23741,1,0,flying,0.118622,0.000749,-1.523766,0.168188,0.001379,-0.004786,0.000126,0.007681,0.030736,607.820312,604.452332,607.757507,604.365112
1,joystick_flight,2909152613,499,4.990000,0.010000,370097000,892,23356,1,0,flying,0.120300,0.000763,-1.523814,0.167396,0.001367,-0.004687,0.000136,0.008482,0.031121,607.917236,604.311890,607.953857,604.315918
1,joystick_flight,2909152613,500,5.000000,0.010000,370120000,893,23346,1,0,flying,0.121970,0.000776,-1.523860,0.166526,0.001354,-0.004587,0.000145,0.009283,0.031504,608.001282,604.159119,608.106812,604.230225
1,joystick_flight,2909152613,501,5.010000,0.010000,370143000,890,23302,1,0,flying,0.123631,0.000790,-1.523905,0.165578,0.001338,-0.004487,0.000155,0.010081,0.031884,608.084351,604.008972,608.257080,604.145447
1,joystick_flight,2909152613,502,5.020000,0.010000,370167000,891,23457,1,0,flying,0.125281,0.000803,-1.523950,0.164551,0.001321,-0.004386,0.000165,0.010877,0.032261,608.166504,603.861572,608.404480,604.061646
1,joystick_flight,2909152613,503,5.030000,0.010000,370190000,892,23191,1,0,flying,0.126921,0.000816,-1.523993,0.163447,0.001302,-0.004292,0.000176,0.011667,0.032634,608.251770,603.724182,608.594421,604.021057
1,joystick_flight,2909152613,504,5.040000,0.010000,370214000,893,23534,1,0,flying,0.128550,0.000829,-1.524036,0.162265,0.001281,-0.004197,0.000186,0.012452,0.033004,608.332458,603.582947,608.735474,603.938843
1,joystick_flight,2909152613,505,5.050000,0.010000,370237000,889,23338,1,0,flying,0.130166,0.000842,-1.524077,0.161007,0.001258,-0.004101,0.000197,0.013229,0.033371,608.412170,603.444641,608.873474,603.857605
1,joystick_flight,2909152613,506,5.060000,0.010000,370261000,891,23577,1,0,flying,0.131770,0.000854,-1.524118,0.159673,0.001233,-0.004004,0.000208,0.013998,0.033734,608.490906,603.309387,609.008362,603.777405
1,joystick_flight,2909152613,507,5.070000,0.010000,370284000,891,23278,1,0,flying,0.133360,0.000867,-1.524157,0.158264,0.001206,-0.003914,0.000219,0.014758,0.034093,608.564941,603.176758,609.190918,603.745911
1,joystick_flight,2909152613,508,5.080000,0.010000,370308000,890,23335,1,0,flying,0.134935,0.000878,-1.524196,0.156782,0.001177,-0.003823,0.000231,0.015507,0.034448,608.642273,603.048279,609.318787,603.667236
1,joystick_flight,2909152613,509,5.090000,0.010000,370331000,891,23376,1,0,flying,0.136495,0.000890,-1.524234,0.155226,0.001146,-0.003730,0.000242,0.016244,0.034799,608.718506,602.923035,609.443359,603.589661
1,joystick_flight,2909152613,510,5.100000,0.010000,370355000,893,23280,1,0,flying,0.138039,0.000901,-1.524271,0.153599,0.001114,-0.003637,0.000254,0.016968,0.035146,608.793701,602.801025,609.564636,603.513245
1,joystick_flight,2909152613,511,5.110000,0.010000,370378000,890,23284,1,0,flying,0.139567,0.000912,-1.524307,0.151902,0.001079,-0.003549,0.000265,0.017679,0.035488,608.856995,602.674744,609.738770,603.491028
1,joystick_flight,2909152613,512,5.120000,0.010000,370401000,893,23208,1,0,flying,0.141077,0.000923,-1.524342,0.150136,0.001043,-0.003461,0.000277,0.018374,0.035825,608.930786,602.560120,609.852417,603.416077
1,joystick_flight,2909152613,513,5.130000,0.010000,370424000,893,23187,1,0,flying,0.142569,0.000933,-1.524376,0.148302,0.001005,-0.003371,0.000289,0.019054,0.036158,609.003540,602.448914,609.962646,603.342346
1,joystick_flight,2909152613,514,5.140000,0.010000,370448000,894,23497,1,0,flying,0.144043,0.000943,-1.524409,0.146402,0.000965,-0.003280,0.000301,0.019717,0.036486,609.075073,602.341125,610.069397,603.269775
1,joystick_flight,2909152613,515,5.150000,0.010000,370471000,893,23124,1,0,flying,0.145497,0.000952,-1.524441,0.144439,0.000923,-0.003194,0.000313,0.020362,0.036809,609.128052,602.222717,610.234009,603.256897
1,joystick_flight,2909152613,516,5.160000,0.010000,370495000,892,23210,1,0,flying,0.146931,0.000961,-1.524473,0.142413,0.000879,-0.003108,0.000326,0.020988,0.037127,609.198181,602.122803,610.332703,603.185913
1,joystick_flight,2909152613,517,5.170000,0.010000,370518000,890,23360,1,0,flying,0.148345,0.000970,-1.524503,0.140326,0.000834,-0.003020,0.000338,0.021595,0.037440,609.267151,602.026428,610.427856,603.116211
1,joystick_flight,2909152613,518,5.180000,0.010000,370541000,888,23229,1,0,flying,0.149738,0.000978,-1.524533,0.138182,0.000787,-0.002931,0.000350,0.022182,0.037748,609.334900,601.933594,610.519409,603.047729
1,joystick_flight,2909152613,519,5.190000,0.010000,370565000,892,23331,1,0,flying,0.151109,0.000986,-1.524562,0.135980,0.000738,-0.002848,0.000362,0.022748,0.038049,609.378052,601.824280,610.673401,603.044006
1,joystick_flight,2909152613,520,5.200000,0.010000,370588000,894,23372,1,0,flying,0.152457,0.000993,-1.524590,0.133724,0.000688,-0.002763,0.000374,0.023292,0.038346,609.444336,601.739685,610.756653,602.977173
1,joystick_flight,2909152613,521,5.210000,0.010000,370612000,893,23293,1,0,flying,0.153783,0.001000,-1.524617,0.131416,0.000637,-0.002677,0.000386,0.023813,0.038636,609.509338,601.658691,610.836182,602.911682
1,joystick_flight,2909152613,522,5.220000,0.010000,370635000,894,23472,1,0,flying,0.155085,0.001006,-1.524644,0.129058,0.000584,-0.002590,0.000398,0.024312,0.038921,609.572998,601.581360,610.912048,602.847595
1,joystick_flight,2909152613,523,5.230000,0.010000,370659000,890,23587,1,0,flying,0.156364,0.001011,-1.524669,0.126652,0.000529,-0.002509,0.000410,0.024787,0.039200,609.606812,601.482300,611.054504,602.852661
1,joystick_flight,2909152613,524,5.240000,0.010000,370682000,889,23499,1,0,flying,0.157618,0.001016,-1.524694,0.124201,0.000473,-0.002426,0.000421,0.025238,0.039473,609.669006,601.413452,611.121887,602.790283
1,joystick_flight,2909152613,525,5.250000,0.010000,370706000,891,23603,1,0,flying,0.158848,0.001021,-1.524718,0.121707,0.000416,-0.002343,0.000433,0.025663,0.039740,609.729736,601.348206,611.185547,602.729370
1,joystick_flight,2909152613,526,5.260000,0.010000,370730000,892,23623,1,0,flying,0.160052,0.001025,-1.524741,0.119172,0.000358,-0.002258,0.000444,0.026064,0.040001,609.789124,601.286621,611.245544,602.669922
1,joystick_flight,2909152613,527,5.270000,0.010000,370753000,888,23505,1,0,flying,0.161231,0.001028,-1.524763,0.116599,0.000299,-0.002179,0.000455,0.026439,0.040256,609.813965,601.198730,611.375427,602.683289
1,joystick_flight,2909152613,528,5.280000,0.010000,370777000,892,23566,1,0,flying,0.162384,0.001031,-1.524784,0.113991,0.000239,-0.002099,0.000466,0.026788,0.040504,609.871704,601.145752,611.426758,602.625671
1,joystick_flight,2909152613,529,5.290000,0.010000,370801000,888,23498,1,0,flying,0.163511,0.001033,-1.524805,0.111350,0.000178,-0.002019,0.000477,0.027110,0.040746,609.927917,601.096375,611.474487,602.569580
1,joystick_flight,2909152613,530,5.300000,0.010000,370824000,888,23774,1,0,flying,0.164611,0.001034,-1.524825,0.108678,0.000116,-0.001937,0.000488,0.027406,0.040981,609.982666,601.050659,611.518555,602.515076
1,joystick_flight,2909152613,531,5.310000,0.010000,370848000,891,23520,1,0,flying,0.165684,0.001035,-1.524844,0.105979,0.000053,-0.001861,0.000498,0.027675,0.041210,609.998962,600.974670,611.634949,602.536133
1,joystick_flight,2909152613,532,5.320000,0.010000,370872000,889,23620,1,0,flying,0.166730,0.001035,-1.524862,0.103255,-0.000010,-0.001784,0.000508,0.027916,0.041432,610.051941,600.937500,611.670471,602.483582
1,joystick_flight,2909152613,533,5.330000,0.010000,370895000,890,23389,1,0,flying,0.167749,0.001035,-1.524879,0.100508,-0.000074,-0.001707,0.000517,0.028130,0.041647,610.103271,600.903992,611.702332,602.432617
1,joystick_flight,2909152613,534,5.340000,0.010000,370919000,888,23324,1,0,flying,0.168741,0.001034,-1.524896,0.097742,-0.000138,-0.001629,0.000527,0.028316,0.041856,610.153015,600.873962,611.730652,602.383423
1,joystick_flight,2909152613,535,5.350000,0.010000,370942000,889,23351,1,0,flying,0.169704,0.001032,-1.524912,0.094959,-0.000203,-0.001557,0.000536,0.028475,0.042058,610.161194,600.810364,611.832764,602.411499
1,joystick_flight,2909152613,536,5.360000,0.010000,370966000,893,23529,1,0,flying,0.170640,0.001030,-1.524927,0.092161,-0.000268,-0.001485,0.000544,0.028605,0.042253,610.208984,600.788879,611.852600,602.364380
1,joystick_flight,2909152613,537,5.370000,0.010000,370989000,893,23430,1,0,flying,0.171547,0.001027,-1.524942,0.089352,-0.000333,-0.001412,0.000552,0.028707,0.042441,610.255066,600.770874,611.869019,602.318970
1,joystick_flight,2909152613,538,5.380000,0.010000,371013000,890,23512,1,0,flying,0.172427,0.001023,-1.524955,0.086535,-0.000398,-0.001339,0.000560,0.028782,0.042622,610.299438,600.756287,611.881958,602.275330
1,joystick_flight,2909152613,539,5.390000,0.010000,371036000,893,23463,1,0,flying,0.173278,0.001019,-1.524969,0.083711,-0.000464,-0.001271,0.000568,0.028829,0.042796,610.299805,600.705383,611.968994,602.309692
1,joystick_flight,2909152613,540,5.400000,0.010000,371060000,892,23471,1,0,flying,0.174101,0.001014,-1.524981,0.080884,-0.000529,-0.001204,0.000575,0.028848,0.042963,610.342041,600.699097,611.973755,602.268311
1,joystick_flight,2909152613,541,5.410000,0.010000,371083000,892,23467,1,0,flying,0.174896,0.001008,-1.524993,0.078057,-0.000594,-0.001136,0.000581,0.028840,0.043123,610.382568,600.696167,611.975159,602.228760
1,joystick_flight,2909152613,542,5.420000,0.010000,371107000,889,23511,1,0,flying,0.175662,0.001002,-1.525004,0.075231,-0.000659,-0.001069,0.000587,0.028804,0.043276,610.421204,600.696594,611.973267,602.191162
1,joystick_flight,2909152613,543,5.430000,0.010000,371131000,894,23441,1,0,flying,0.176400,0.000995,-1.525014,0.072411,-0.000723,-0.001007,0.000593,0.028741,0.043422,610.414062,600.658569,612.044739,602.230957
1,joystick_flight,2909152613,544,5.440000,0.010000,371154000,892,23432,1,0,flying,0.177110,0.000987,-1.525024,0.069597,-0.000787,-0.000945,0.000598,0.028650,0.043560,610.450378,600.666931,612.034973,602.195679
1,joystick_flight,2909152613,545,5.450000,0.010000,371177000,892,23514,1,0,flying,0.177792,0.000979,-1.525033,0.066794,-0.000851,-0.000883,0.000603,0.028533,0.043692,610.484863,600.678467,612.022034,602.162415
1,joystick_flight,2909152613,546,5.460000,0.010000,371201000,892,23397,1,0,flying,0.178446,0.000970,-1.525041,0.064004,-0.000913,-0.000822,0.000607,0.028390,0.043816,610.517334,600.693176,612.005981,602.131104
1,joystick_flight,2909152613,547,5.470000,0.010000,371225000,890,23711,1,0,flying,0.179072,0.000961,-1.525049,0.061229,-0.000976,-0.000767,0.000611,0.028220,0.043933,610.503113,600.668030,612.061523,602.175598
1,joystick_flight,2909152613,548,5.480000,0.010000,371248000,885,23441,1,0,flying,0.179671,0.000951,-1.525057,0.058472,-0.001037,-0.000711,0.000614,0.028025,0.044043,610.533142,600.690247,612.037964,602.146851
1,joystick_flight,2909152613,549,5.490000,0.010000,371272000,888,23456,1,0,flying,0.180242,0.000940,-1.525064,0.055735,-0.001097,-0.000657,0.000617,0.027803,0.044146,610.561157,600.715515,612.011475,602.120178
1,joystick_flight,2909152613,550,5.500000,0.010000,371295000,887,23401,1,0,flying,0.180786,0.000929,-1.525070,0.053021,-0.001157,-0.000603,0.000619,0.027558,0.044241,610.587219,600.743652,611.982117,602.095520
1,joystick_flight,2909152613,551,5.510000,0.010000,371319000,893,23287,1,0,flying,0.181302,0.000917,-1.525076,0.050332,-0.001215,-0.000554,0.000621,0.027287,0.044330,610.566101,600.731323,612.021545,602.143921
1,joystick_flight,2909152613,552,5.520000,0.010000,371342000,893,23255,1,0,flying,0.181792,0.000905,-1.525081,0.047671,-0.001272,-0.000505,0.000622,0.026993,0.044411,610.589478,600.766541,611.985168,602.122009
1,joystick_flight,2909152613,553,5.530000,0.010000,371366000,890,24264,1,0,flying,0.182256,0.000892,-1.525086,0.045040,-0.001328,-0.000458,0.000623,0.026675,0.044485,610.610779,600.804565,611.946045,602.102234
1,joystick_flight,2909152613,554,5.540000,0.010000,371390000,891,23617,1,0,flying,0.182693,0.000878,-1.525090,0.042441,-0.001383,-0.000412,0.000623,0.026334,0.044552,610.629944,600.845276,611.904297,602.084595
1,joystick_flight,2909152613,555,5.550000,0.010000,371414000,893,23346,1,0,flying,0.183105,0.000864,-1.525094,0.039876,-0.001436,-0.000370,0.000623,0.025971,0.044611,610.602417,600.845459,611.927612,602.136230
1,joystick_flight,2909152613,556,5.560000,0.010000,371437000,893,23705,1,0,flying,0.183491,0.000849,-1.525098,0.037349,-0.001488,-0.000329,0.000622,0.025585,0.044664,610.618713,600.892761,611.879395,602.121521
1,joystick_flight,2909152613,557,5.570000,0.010000,371461000,889,23476,1,0,flying,0.183852,0.000834,-1.525101,0.034860,-0.001538,-0.000289,0.000620,0.025179,0.044710,610.632935,600.942505,611.828735,602.108948
1,joystick_flight,2909152613,558,5.580000,0.010000,371485000,890,23594,1,0,flying,0.184188,0.000819,-1.525103,0.032411,-0.001587,-0.000250,0.000619,0.024752,0.044748,610.644897,600.994751,611.775635,602.098572
1,landing,2909152613,559,5.590000,0.010000,371508000,889,23355,1,0,landing,0.184502,0.000802,-1.525056,0.030251,-0.001629,0.009781,0.000616,0.024306,0.044779,579.090881,568.954773,580.326172,570.164978
1,landing,2909152613,560,5.600000,0.010000,371532000,893,23538,1,0,landing,0.184793,0.000786,-1.524908,0.028131,-0.001670,0.019812,0.000613,0.023840,0.044804,579.100342,569.016235,580.264038,570.157288
1,landing,2909152613,561,5.610000,0.010000,371555000,887,23504,1,0,landing,0.185064,0.000769,-1.524659,0.026053,-0.001709,0.029841,0.000610,0.023355,0.044821,579.107483,569.080139,580.199524,570.151917
1,landing,2909152613,562,5.620000,0.010000,371579000,892,23521,1,0,landing,0.185315,0.000752,-1.524311,0.024018,-0.001747,0.039870,0.000606,0.022853,0.044832,579.112305,569.146240,580.132812,570.148865
1,landing,2909152613,563,5.630000,0.010000,371602000,890,23365,1,0,landing,0.185545,0.000734,-1.523866,0.022010,-0.001783,0.049095,0.000602,0.022334,0.044836,581.660217,571.805542,582.698303,572.827148
1,landing,2909152613,564,5.640000,0.010000,371626000,887,23363,1,0,landing,0.185755,0.000716,-1.523329,0.020048,-0.001818,0.058319,0.000597,0.021799,0.044833,581.661499,571.876892,582.626465,572.827698
1,landing,2909152613,565,5.650000,0.010000,371649000,890,23491,1,0,landing,0.185946,0.000698,-1.522700,0.018135,-0.001851,0.067543,0.000592,0.021248,0.044823,581.660461,571.950317,582.552673,572.830566
1,landing,2909152613,566,5.660000,0.010000,371673000,891,23472,1,0,landing,0.186118,0.000679,-1.521978,0.016272,-0.001882,0.076765,0.000586,0.020683,0.044806,581.657043,572.025696,582.476868,572.835754
1,landing,2909152613,567,5.670000,0.010000,371697000,889,23570,1,0,landing,0.186271,0.000660,-1.521168,0.014444,-0.001912,0.085248,0.000580,0.020105,0.044783,583.982300,574.473816,584.812683,575.296082
1,landing,2909152613,568,5.680000,0.010000,371720000,891,23486,1,0,landing,0.186407,0.000641,-1.520273,0.012669,-0.001939,0.093730,0.000574,0.019513,0.044753,583.975281,574.553650,584.732544,575.304871
1,landing,2909152613,569,5.690000,0.010000,371744000,892,23456,1,0,landing,0.186525,0.000621,-1.519293,0.010947,-0.001965,0.102212,0.000567,0.018909,0.044717,583.965942,574.635315,584.650696,575.316040
1,landing,2909152613,570,5.700000,0.010000,371767000,890,23496,1,0,landing,0.186626,0.000602,-1.518229,0.009279,-0.001989,0.110692,0.000560,0.018295,0.044674,583.954224,574.718567,584.567200,575.329529
1,landing,2909152613,571,5.710000,0.010000,371791000,891,23548,1,0,landing,0.186711,0.000582,-1.517083,0.007655,-0.002012,0.118493,0.000552,0.017670,0.044625,586.076477,576.974365,586.693115,577.590820
1,landing,2909152613,572,5.720000,0.010000,371815000,889,23383,1,0,landing,0.186779,0.000561,-1.515859,0.006088,-0.002032,0.126292,0.000544,0.017035,0.044569,586.061096,577.061462,586.605957,577.607971
1,landing,2909152613,573,5.730000,0.010000,371838000,890,23320,1,0,landing,0.186833,0.000541,-1.514557,0.004579,-0.002051,0.134091,0.000536,0.016392,0.044507,586.043396,577.149902,586.517395,577.627441
1,landing,2909152613,574,5.740000,0.010000,371861000,888,23298,1,0,landing,0.186871,0.000520,-1.513177,0.003127,-0.002067,0.141889,0.000527,0.015742,0.044439,586.023376,577.239807,586.427490,577.649231
1,landing,2909152613,575,5.750000,0.010000,371885000,892,23421,1,0,landing,0.186895,0.000500,-1.511722,0.001726,-0.002082,0.149062,0.000518,0.015084,0.044365,587.960449,579.320251,588.361694,579.728699
1,landing,2909152613,576,5.760000,0.010000,371908000,895,23427,1,0,landing,0.186906,0.000479,-1.510196,0.000384,-0.002095,0.156234,0.000509,0.014421,0.044285,587.936707,579.413147,588.268860,579.754150
1,landing,2909152613,577,5.770000,0.010000,371932000,888,23490,1,0,landing,0.186903,0.000458,-1.508598,-0.000898,-0.002106,0.163405,0.000499,0.013752,0.044199,587.910706,579.507202,588.174866,579.781860
1,landing,2909152613,578,5.780000,0.010000,371955000,890,23753,1,0,landing,0.186888,0.000437,-1.506928,-0.002118,-0.002114,0.170576,0.000490,0.013080,0.044108,587.882446,579.602356,588.079834,579.811829
1,landing,2909152613,579,5.790000,0.010000,371979000,889,23529,1,0,landing,0.186861,0.000415,-1.505189,-0.003284,-0.002122,0.177172,0.000480,0.012404,0.044010,589.650513,581.522583,589.838928,581.724976
1,landing,2909152613,580,5.800000,0.010000,372003000,893,23816,1,0,landing,0.186823,0.000394,-1.503384,-0.004389,-0.002127,0.183767,0.000469,0.011725,0.043907,589.618591,581.620056,589.741638,581.758606
1,landing,2909152613,581,5.810000,0.010000,372027000,892,23724,1,0,landing,0.186773,0.000373,-1.501514,-0.005431,-0.002130,0.190361,0.000459,0.011045,0.043798,589.584351,581.718445,589.643494,581.794373
1,landing,2909152613,582,5.820000,0.010000,372050000,889,23377,1,0,landing,0.186714,0.000352,-1.499577,-0.006411,-0.002131,0.196955,0.000449,0.010364,0.043684,589.547974,581.817566,589.544556,581.832397
1,landing,2909152613,583,5.830000,0.010000,372074000,893,23534,1,0,landing,0.186645,0.000330,-1.497577,-0.007334,-0.002131,0.203021,0.000438,0.009683,0.043564,591.161926,583.591431,591.143921,583.593628
1,landing,2909152613,584,5.840000,0.010000,372098000,891,23476,1,0,landing,0.186568,0.000309,-1.495517,-0.008195,-0.002128,0.209086,0.000427,0.009003,0.043439,591.121887,583.692200,591.043396,583.635193
1,landing,2909152613,585,5.850000,0.010000,372121000,892,23499,1,0,landing,0.186482,0.000288,-1.493396,-0.008993,-0.002124,0.215150,0.000416,0.008324,0.043309,591.079773,583.793579,590.942322,583.678833
1,landing,2909152613,586,5.860000,0.010000,372145000,894,23589,1,0,landing,0.186388,0.000267,-1.491214,-0.009729,-0.002118,0.221214,0.000405,0.007649,0.043174,591.035461,583.895508,590.840759,583.724548
1,landing,2909152613,587,5.870000,0.010000,372168000,892,23476,1,0,landing,0.186287,0.000245,-1.488974,-0.010406,-0.002110,0.226792,0.000394,0.006976,0.043034,592.508728,585.535278,592.294373,585.346802
1,landing,2909152613,588,5.880000,0.010000,372192000,891,23388,1,0,landing,0.186180,0.000224,-1.486678,-0.011021,-0.002101,0.232370,0.000382,0.006307,0.042889,592.460876,585.638184,592.191833,585.395996
1,landing,2909152613,589,5.890000,0.010000,372215000,893,23338,1,0,landing,0.186067,0.000203,-1.484326,-0.011575,-0.002090,0.237947,0.000371,0.005643,0.042740,592.411072,585.741455,592.088989,585.447144
1,landing,2909152613,590,5.900000,0.010000,372239000,896,23516,1,0,landing,0.185949,0.000183,-1.481919,-0.012067,-0.002077,0.243524,0.000360,0.004985,0.042585,592.359253,585.844910,591.985901,585.500305
1,landing,2909152613,591,5.910000,0.010000,372262000,890,23334,1,0,landing,0.185826,0.000162,-1.479458,-0.012501,-0.002063,0.248655,0.000348,0.004333,0.042426,593.703979,587.361816,593.306824,586.995361
1,landing,2909152613,592,5.920000,0.010000,372286000,892,23335,1,0,landing,0.185699,0.000141,-1.476946,-0.012875,-0.002047,0.253785,0.000337,0.003687,0.042263,593.648743,587.465698,593.203369,587.051819
1,landing,2909152613,593,5.930000,0.010000,372309000,895,23409,1,0,landing,0.185569,0.000121,-1.474382,-0.013189,-0.002029,0.258915,0.000325,0.003050,0.042095,593.591614,587.569641,593.099854,587.110107
1,landing,2909152613,594,5.940000,0.010000,372332000,893,23640,1,0,landing,0.185435,0.000101,-1.471768,-0.013444,-0.002010,0.264045,0.000314,0.002421,0.041924,593.532654,587.673645,592.996338,587.170166
1,landing,2909152613,595,5.950000,0.010000,372356000,892,23686,1,0,landing,0.185300,0.000081,-1.469104,-0.013642,-0.001989,0.268764,0.000303,0.001801,0.041748,594.760071,589.077576,594.196411,588.548828
1,landing,2909152613,596,5.960000,0.010000,372380000,894,23379,1,0,landing,0.185163,0.000061,-1.466392,-0.013783,-0.001968,0.273483,0.000292,0.001191,0.041568,594.697815,589.181335,594.093079,588.612061
1,landing,2909152613,597,5.970000,0.010000,372404000,891,23466,1,0,landing,0.185024,0.000041,-1.463634,-0.013867,-0.001944,0.278203,0.000280,0.000591,0.041384,594.633911,589.285034,593.989929,588.677002
1,landing,2909152613,598,5.980000,0.010000,372427000,892,23545,1,0,landing,0.184886,0.000022,-1.460828,-0.013895,-0.001920,0.282922,0.000269,0.000002,0.041197,594.568237,589.388489,593.887024,588.743591
1,landing,2909152613,599,5.990000,0.010000,372451000,892,23536,1,0,landing,0.184747,0.000003,-1.457977,-0.013869,-0.001894,0.287263,0.000258,-0.000575,0.041006,595.688538,590.688416,594.977234,590.015625
1,landing,2909152613,600,6.000000,0.010000,372475000,892,23486,1,0,landing,0.184608,-0.000016,-1.455083,-0.013790,-0.001867,0.291605,0.000248,-0.001141,0.040812,595.619873,590.791138,594.875061,590.085083
1,landing,2909152613,601,6.010000,0.010000,372498000,893,23414,1,0,landing,0.184471,-0.000034,-1.452145,-0.013658,-0.001839,0.295946,0.000237,-0.001693,0.040614,595.549683,590.893555,594.773193,590.156128
1,landing,2909152613,602,6.020000,0.010000,372521000,892,23291,1,0,landing,0.184335,-0.000053,-1.449164,-0.013475,-0.001810,0.300288,0.000226,-0.002233,0.040413,595.477966,590.995544,594.671814,590.228577
1,landing,2909152613,603,6.030000,0.010000,372545000,892,23690,1,0,landing,0.184202,-0.000071,-1.446141,-0.013241,-0.001780,0.304283,0.000216,-0.002758,0.040209,596.500366,592.199524,595.662354,591.402832
1,landing,2909152613,604,6.040000,0.010000,372569000,896,23450,1,0,landing,0.184071,-0.000088,-1.443078,-0.012958,-0.001748,0.308277,0.000206,-0.003270,0.040001,596.425842,592.300354,595.562134,591.477966
1,landing,2909152613,605,6.050000,0.010000,372592000,891,23373,1,0,landing,0.183943,-0.000105,-1.439976,-0.012628,-0.001716,0.312272,0.000196,-0.003767,0.039792,596.350037,592.400574,595.462463,591.554382
1,landing,2909152613,606,6.060000,0.010000,372616000,894,23439,1,0,landing,0.183818,-0.000122,-1.436833,-0.012252,-0.001683,0.316267,0.000186,-0.004248,0.039579,596.272888,592.500244,595.363403,591.632080
1,landing,2909152613,607,6.070000,0.010000,372639000,891,23601,1,0,landing,0.183698,-0.000139,-1.433652,-0.011830,-0.001650,0.319943,0.000176,-0.004715,0.039363,597.205872,593.615601,596.263611,592.716736
1,landing,2909152613,608,6.080000,0.010000,372663000,888,23531,1,0,landing,0.183582,-0.000155,-1.430434,-0.011365,-0.001615,0.323619,0.000167,-0.005165,0.039146,597.126221,593.713623,596.166138,592.796814
1,landing,2909152613,609,6.090000,0.010000,372686000,891,23225,1,0,landing,0.183471,-0.000171,-1.427180,-0.010858,-0.001580,0.327295,0.000158,-0.005599,0.038926,597.045471,593.810974,596.069397,592.877930
1,landing,2909152613,610,6.100000,0.010000,372710000,893,23393,1,0,landing,0.183365,-0.000187,-1.423888,-0.010310,-0.001544,0.330971,0.000149,-0.006017,0.038703,596.963623,593.907532,595.973389,592.960083
1,landing,2909152613,611,6.110000,0.010000,372733000,891,23447,1,0,landing,0.183265,-0.000202,-1.420562,-0.009722,-0.001508,0.334353,0.000140,-0.006418,0.038479,597.814819,594.940613,596.791809,593.962463
1,landing,2909152613,612,6.120000,0.010000,372757000,892,23435,1,0,landing,0.183171,-0.000217,-1.417201,-0.009097,-0.001471,0.337736,0.000131,-0.006801,0.038252,597.730835,595.035217,596.697815,594.046692
1,landing,2909152613,613,6.130000,0.010000,372780000,890,23552,1,0,landing,0.183083,-0.000232,-1.413807,-0.008437,-0.001434,0.341119,0.000123,-0.007167,0.038024,597.645874,595.128967,596.604736,594.131775
1,landing,2909152613,614,6.140000,0.010000,372804000,893,23388,1,0,landing,0.183002,-0.000246,-1.410379,-0.007742,-0.001396,0.344502,0.000115,-0.007516,0.037794,597.560120,595.221802,596.512451,594.217651
1,landing,2909152613,615,6.150000,0.010000,372827000,891,23227,1,0,landing,0.182928,-0.000260,-1.406918,-0.007014,-0.001358,0.347615,0.000107,-0.007847,0.037562,598.336609,596.178467,597.256897,595.144409
1,landing,2909152613,616,6.160000,0.010000,372851000,892,23524,1,0,landing,0.182862,-0.000273,-1.403427,-0.006255,-0.001320,0.350728,0.000100,-0.008159,0.037329,598.249023,596.268982,597.166992,595.231934
1,landing,2909152613,617,6.170000,0.010000,372874000,891,23604,1,0,landing,0.182803,-0.000286,-1.399904,-0.005467,-0.001281,0.353841,0.000093,-0.008453,0.037095,598.160767,596.358521,597.078064,595.320129
1,landing,2909152613,618,6.180000,0.010000,372898000,891,23586,1,0,landing,0.182752,-0.000299,-1.396350,-0.004652,-0.001243,0.356954,0.000086,-0.008729,0.036859,598.071899,596.447083,596.990173,595.408936
1,landing,2909152613,619,6.190000,0.010000,372922000,897,23506,1,0,landing,0.182710,-0.000311,-1.392766,-0.003809,-0.001204,0.359819,0.000079,-0.008987,0.036622,598.780029,597.332642,597.667847,596.266052
1,landing,2909152613,620,6.200000,0.010000,372945000,892,23699,1,0,landing,0.182676,-0.000323,-1.389153,-0.002943,-0.001165,0.362684,0.000073,-0.009226,0.036385,598.689819,597.418579,597.582520,596.356140
1,landing,2909152613,621,6.210000,0.010000,372969000,893,23600,1,0,landing,0.182651,-0.000334,-1.385512,-0.002055,-0.001126,0.365549,0.000067,-0.009446,0.036146,598.599060,597.503418,597.498291,596.446533
1,landing,2909152613,622,6.220000,0.010000,372993000,890,23323,1,0,landing,0.182635,-0.000345,-1.381842,-0.001146,-0.001087,0.368414,0.000061,-0.009648,0.035907,598.507996,597.587158,597.415161,596.537354
1,landing,2909152613,623,6.230000,0.010000,373016000,892,23489,1,0,landing,0.182629,-0.000356,-1.378145,-0.000217,-0.001048,0.371051,0.000055,-0.009831,0.035667,599.153687,598.406311,598.032654,597.330322
1,landing,2909152613,624,6.240000,0.010000,373040000,892,23546,1,0,landing,0.182631,-0.000366,-1.374421,0.000728,-0.001010,0.373687,0.000050,-0.009995,0.035427,599.061584,598.487244,597.952332,597.421936
1,landing,2909152613,625,6.250000,0.010000,373063000,894,23440,1,0,landing,0.182643,-0.000376,-1.370671,0.001688,-0.000971,0.376323,0.000045,-0.010141,0.035186,598.969360,598.567017,597.873169,597.513794
1,landing,2909152613,626,6.260000,0.010000,373087000,890,23605,1,0,landing,0.182665,-0.000386,-1.366895,0.002661,-0.000933,0.378960,0.000040,-0.010268,0.034946,598.876892,598.645569,597.795227,597.605713
1,landing,2909152613,627,6.270000,0.010000,373111000,889,23343,1,0,landing,0.182696,-0.000395,-1.363093,0.003648,-0.000895,0.381386,0.000036,-0.010377,0.034705,599.465576,599.402588,598.358643,598.339417
1,landing,2909152613,628,6.280000,0.010000,373134000,889,23469,1,0,landing,0.182738,-0.000404,-1.359267,0.004644,-0.000857,0.383812,0.000032,-0.010467,0.034464,599.372620,599.478210,598.283691,598.431763
1,landing,2909152613,629,6.290000,0.010000,373158000,891,23621,1,0,landing,0.182789,-0.000412,-1.355417,0.005648,-0.000820,0.386238,0.000028,-0.010539,0.034223,599.279724,599.552551,598.209900,598.524048
1,landing,2909152613,630,6.300000,0.010000,373181000,887,23663,1,0,landing,0.182851,-0.000420,-1.351542,0.006658,-0.000783,0.388664,0.000024,-0.010592,0.033983,599.186890,599.625671,598.137390,598.616211
1,landing,2909152613,631,6.310000,0.010000,373205000,888,23622,1,0,landing,0.182923,-0.000428,-1.347645,0.007675,-0.000746,0.390896,0.000021,-0.010628,0.033743,599.723450,600.324463,598.652222,599.295105
1,landing,2909152613,632,6.320000,0.010000,373229000,888,23417,1,0,landing,0.183004,-0.000435,-1.343724,0.008694,-0.000710,0.393129,0.000018,-0.010647,0.033503,599.630554,600.394531,598.582825,599.387207
1,landing,2909152613,633,6.330000,0.010000,373252000,889,23362,1,0,landing,0.183096,-0.000442,-1.339782,0.009713,-0.000675,0.395361,0.000015,-0.010647,0.033264,599.537964,600.463257,598.514709,599.479065
1,landing,2909152613,634,6.340000,0.010000,373276000,888,23680,1,0,landing,0.183199,-0.000448,-1.335817,0.010733,-0.000640,0.397593,0.000012,-0.010630,0.033026,599.445679,600.530701,598.447815,599.570496
1,landing,2909152613,635,6.350000,0.010000,373299000,890,23431,1,0,landing,0.183311,-0.000455,-1.331831,0.011751,-0.000605,0.399646,0.000010,-0.010597,0.032789,599.934631,601.174866,598.919067,600.198669
1,landing,2909152613,636,6.360000,0.010000,373323000,890,23296,1,0,landing,0.183434,-0.000461,-1.327824,0.012766,-0.000571,0.401700,0.000008,-0.010546,0.032552,599.842773,601.239136,598.855469,600.289612
1,landing,2909152613,637,6.370000,0.010000,373346000,889,23418,1,0,landing,0.183566,-0.000466,-1.323797,0.013775,-0.000537,0.403753,0.000006,-0.010479,0.032317,599.751404,601.302063,598.793091,600.380066
1,landing,2909152613,638,6.380000,0.010000,373370000,891,23401,1,0,landing,0.183709,-0.000471,-1.319749,0.014777,-0.000505,0.405807,0.000005,-0.010396,0.032083,599.660583,601.363708,598.732056,600.469910
1,landing,2909152613,639,6.390000,0.010000,373393000,889,23508,1,0,landing,0.183862,-0.000476,-1.315682,0.015771,-0.000473,0.407696,0.000003,-0.010297,0.031850,600.106201,601.956604,599.164368,601.051025
1,landing,2909152613,640,6.400000,0.010000,373417000,890,23597,1,0,landing,0.184024,-0.000481,-1.311595,0.016756,-0.000441,0.409585,0.000002,-0.010182,0.031618,600.016235,602.015015,599.106567,601.139954
1,landing,2909152613,641,6.410000,0.010000,373441000,891,23556,1,0,landing,0.184197,-0.000485,-1.307490,0.017728,-0.000410,0.411473,0.000001,-0.010052,0.031388,599.927063,602.072083,599.050110,601.228088
1,landing,2909152613,642,6.420000,0.010000,373464000,891,23255,1,0,landing,0.184379,-0.000489,-1.303366,0.018688,-0.000380,0.413362,0.000000,-0.009908,0.031160,599.838623,602.127869,598.994934,601.315430
1,landing,2909152613,643,6.430000,0.010000,373487000,892,23017,1,0,landing,0.184571,-0.000493,-1.299224,0.019634,-0.000351,0.415099,-0.000000,-0.009749,0.030933,600.244812,602.672546,599.392456,601.852783
1,landing,2909152613,644,6.440000,0.010000,373510000,896,23106,1,0,landing,0.184772,-0.000496,-1.295064,0.020565,-0.000322,0.416837,-0.000001,-0.009576,0.030709,600.157715,602.725098,599.340515,601.938782
1,landing,2909152613,645,6.450000,0.010000,373534000,894,23250,1,0,landing,0.184982,-0.000499,-1.290887,0.021478,-0.000294,0.418574,-0.000001,-0.009389,0.030486,600.071533,602.776306,599.289917,602.023804
1,landing,2909152613,646,6.460000,0.010000,373557000,895,23555,1,0,landing,0.185201,-0.000502,-1.286692,0.022373,-0.000267,0.420311,-0.000001,-0.009190,0.030265,599.986389,602.826172,599.240662,602.107788
1,landing,2909152613,647,6.470000,0.010000,373581000,893,23701,1,0,landing,0.185429,-0.000504,-1.282481,0.023249,-0.000241,0.421908,-0.000001,-0.008978,0.030046,600.356812,603.325500,599.607117,602.604431
1,landing,2909152613,648,6.480000,0.010000,373605000,893,23853,1,0,landing,0.185666,-0.000507,-1.278254,0.024104,-0.000215,0.423506,-0.000000,-0.008753,0.029829,600.273376,603.372192,599.561035,602.686646
1,landing,2909152613,649,6.490000,0.010000,373629000,895,23567,1,0,landing,0.185911,-0.000509,-1.274011,0.024936,-0.000190,0.425103,0.000000,-0.008516,0.029615,600.191101,603.417542,599.516296,602.767639
1,landing,2909152613,650,6.500000,0.010000,373652000,894,23550,1,0,landing,0.186165,-0.000510,-1.269752,0.025746,-0.000167,0.426701,0.000001,-0.008269,0.029403,600.110046,603.461609,599.472839,602.847473
1,landing,2909152613,651,6.510000,0.010000,373676000,895,23608,1,0,landing,0.186426,-0.000512,-1.265478,0.026532,-0.000143,0.428170,0.000002,-0.008010,0.029194,600.448059,603.918335,599.811768,603.306152
1,landing,2909152613,652,6.520000,0.010000,373700000,892,23406,1,0,landing,0.186695,-0.000513,-1.261189,0.027292,-0.000121,0.429639,0.000003,-0.007741,0.028987,600.369141,603.959229,599.771423,603.383789
1,landing,2909152613,653,6.530000,0.010000,373723000,895,23142,1,0,landing,0.186972,-0.000514,-1.256885,0.028026,-0.000100,0.431108,0.000004,-0.007462,0.028782,600.291626,603.998840,599.732422,603.460022
1,landing,2909152613,654,6.540000,0.010000,373746000,890,23431,1,0,landing,0.187256,-0.000515,-1.252567,0.028733,-0.000079,0.432576,0.000005,-0.007174,0.028581,600.215454,604.037109,599.694702,603.534973
1,landing,2909152613,655,6.550000,0.010000,373770000,889,23371,1,0,landing,0.187546,-0.000516,-1.248234,0.029412,-0.000059,0.433927,0.000006,-0.006878,0.028382,600.524231,604.453918,600.009216,603.958191
1,landing,2909152613,656,6.560000,0.010000,373793000,889,23249,1,0,landing,0.187844,-0.000517,-1.243888,0.030063,-0.000040,0.435278,0.000008,-0.006572,0.028186,600.450623,604.489197,599.974548,604.030518
1,landing,2909152613,657,6.570000,0.010000,373817000,890,23398,1,0,landing,0.188148,-0.000517,-1.239529,0.030683,-0.000022,0.436628,0.000009,-0.006259,0.027993,600.378540,604.523132,599.941162,604.101318
1,landing,2909152613,658,6.580000,0.010000,373840000,890,23511,1,0,landing,0.188457,-0.000517,-1.235156,0.031273,-0.000004,0.437978,0.000011,-0.005939,0.027803,600.307983,604.555786,599.909058,604.170593
1,landing,2909152613,659,6.590000,0.010000,373864000,890,23410,1,0,landing,0.188773,-0.000517,-1.230770,0.031832,0.000012,0.439220,0.000012,-0.005612,0.027617,600.590454,604.934998,600.201782,604.560608
1,landing,2909152613,660,6.600000,0.010000,373887000,890,23268,1,0,landing,0.189094,-0.000517,-1.226371,0.032359,0.000028,0.440462,0.000014,-0.005279,0.027433,600.522827,604.964783,600.172607,604.627014
1,landing,2909152613,661,6.610000,0.010000,373910000,894,23402,1,0,landing,0.189420,-0.000516,-1.221960,0.032853,0.000043,0.441704,0.000016,-0.004940,0.027253,600.456848,604.993286,600.144714,604.691711
1,landing,2909152613,662,6.620000,0.010000,373934000,892,23541,1,0,landing,0.189751,-0.000516,-1.217537,0.033315,0.000057,0.442946,0.000018,-0.004596,0.027076,600.392578,605.020508,600.117981,604.754761
1,landing,2909152613,663,6.630000,0.010000,373958000,896,23582,1,0,landing,0.190086,-0.000515,-1.213102,0.033743,0.000071,0.444088,0.000020,-0.004248,0.026902,600.651550,605.364563,600.391602,605.113647
1,landing,2909152613,664,6.640000,0.010000,373981000,891,23406,1,0,landing,0.190426,-0.000514,-1.208655,0.034138,0.000083,0.445230,0.000022,-0.003896,0.026732,600.590515,605.389038,600.367676,605.173462
1,landing,2909152613,665,6.650000,0.010000,374005000,892,23566,1,0,landing,0.190769,-0.000514,-1.204197,0.034498,0.000095,0.446371,0.000024,-0.003540,0.026565,600.531311,605.412231,600.345032,605.231506
1,landing,2909152613,666,6.660000,0.010000,374029000,893,23612,1,0,landing,0.191115,-0.000513,-1.199728,0.034824,0.000106,0.447513,0.000026,-0.003181,0.026402,600.473877,605.434204,600.323608,605.287781
1,landing,2909152613,667,6.670000,0.010000,374052000,892,23614,1,0,landing,0.191465,-0.000511,-1.195247,0.035115,0.000117,0.448563,0.000028,-0.002819,0.026243,600.711914,605.745361,600.580200,605.617493
1,landing,2909152613,668,6.680000,0.010000,374076000,893,23505,1,0,landing,0.191818,-0.000510,-1.190757,0.035370,0.000126,0.449613,0.000031,-0.002456,0.026087,600.658020,605.764709,600.561401,605.670227
1,landing,2909152613,669,6.690000,0.010000,374099000,890,23308,1,0,landing,0.192173,-0.000509,-1.186255,0.035591,0.000135,0.450663,0.000033,-0.002092,0.025935,600.606018,605.782837,600.543762,605.721130
1,landing,2909152613,670,6.700000,0.010000,374123000,890,23368,1,0,landing,0.192529,-0.000508,-1.181743,0.035776,0.000143,0.451713,0.000035,-0.001726,0.025787,600.555908,605.799805,600.527344,605.770142
1,landing,2909152613,671,6.710000,0.010000,374146000,892,23293,1,0,landing,0.192888,-0.000506,-1.177221,0.035925,0.000150,0.452679,0.000038,-0.001360,0.025642,600.775391,606.080200,600.768921,606.072449
1,landing,2909152613,672,6.720000,0.010000,374170000,890,23527,1,0,landing,0.193248,-0.000505,-1.172690,0.036040,0.000157,0.453645,0.000040,-0.000995,0.025502,600.729065,606.094666,600.755005,606.117737
1,landing,2909152613,673,6.730000,0.010000,374193000,890,23437,1,0,landing,0.193609,-0.000503,-1.168148,0.036118,0.000163,0.454611,0.000042,-0.000630,0.025365,600.684753,606.107971,600.742188,606.161072
1,landing,2909152613,674,6.740000,0.010000,374217000,888,23430,1,0,landing,0.193970,-0.000501,-1.163598,0.036162,0.000168,0.455576,0.000045,-0.000266,0.025232,600.642395,606.120117,600.730530,606.202393
1,landing,2909152613,675,6.750000,0.010000,374240000,893,23431,1,0,landing,0.194332,-0.000500,-1.159037,0.036170,0.000173,0.456465,0.000047,0.000096,0.025103,600.845459,606.371826,600.958862,606.478943
1,landing,2909152613,676,6.760000,0.010000,374264000,891,23434,1,0,landing,0.194693,-0.000498,-1.154468,0.036143,0.000177,0.457353,0.000049,0.000455,0.024978,600.807068,606.381653,600.949524,606.516418
1,landing,2909152613,677,6.770000,0.010000,374288000,893,23505,1,0,landing,0.195054,-0.000496,-1.149890,0.036081,0.000180,0.458242,0.000051,0.000813,0.024858,600.770752,606.390320,600.941284,606.551880
1,landing,2909152613,678,6.780000,0.010000,374311000,893,23516,1,0,landing,0.195415,-0.000494,-1.145303,0.035985,0.000183,0.459130,0.000054,0.001167,0.024741,600.736450,606.397888,600.934204,606.585327
1,landing,2909152613,679,6.790000,0.010000,374335000,893,23359,1,0,landing,0.195774,-0.000492,-1.140708,0.035854,0.000185,0.459948,0.000056,0.001517,0.024629,600.925232,606.622986,601.150696,606.837524
1,landing,2909152613,680,6.800000,0.010000,374358000,892,23409,1,0,landing,0.196132,-0.000490,-1.136104,0.035690,0.000187,0.460765,0.000058,0.001863,0.024520,600.895020,606.628357,601.145752,606.866943
1,landing,2909152613,681,6.810000,0.010000,374382000,891,23379,1,0,landing,0.196488,-0.000489,-1.131493,0.035492,0.000188,0.461583,0.000061,0.002205,0.024416,600.866882,606.632690,601.141907,606.894348
1,landing,2909152613,682,6.820000,0.010000,374405000,890,23515,1,0,landing,0.196842,-0.000487,-1.126873,0.035261,0.000188,0.462401,0.000063,0.002543,0.024316,600.840820,606.635864,601.139099,606.919678
1,landing,2909152613,683,6.830000,0.010000,374429000,891,23457,1,0,landing,0.197193,-0.000485,-1.122245,0.034997,0.000188,0.463153,0.000065,0.002874,0.024220,601.017151,606.836243,601.345093,607.148987
1,landing,2909152613,684,6.840000,0.010000,374452000,892,23481,1,0,landing,0.197541,-0.000483,-1.117610,0.034702,0.000187,0.463905,0.000067,0.003200,0.024128,600.995239,606.837463,601.344299,607.170166
1,landing,2909152613,685,6.850000,0.010000,374476000,895,23585,1,0,landing,0.197887,-0.000481,-1.112967,0.034374,0.000186,0.464658,0.000069,0.003520,0.024041,600.975464,606.837585,601.344543,607.189392
1,landing,2909152613,686,6.860000,0.010000,374499000,892,23271,1,0,landing,0.198229,-0.000479,-1.108317,0.034017,0.000184,0.465411,0.000072,0.003834,0.023958,600.957764,606.836670,601.345825,607.206604
1,landing,2909152613,687,6.870000,0.010000,374523000,890,23472,1,0,landing,0.198567,-0.000477,-1.103659,0.033628,0.000182,0.466103,0.000074,0.004140,0.023879,601.123291,607.014221,601.542358,607.414185
1,landing,2909152613,688,6.880000,0.010000,374547000,894,23468,1,0,landing,0.198901,-0.000476,-1.098995,0.033210,0.000179,0.466796,0.000076,0.004440,0.023804,601.109802,607.011414,601.545471,607.427185
1,landing,2909152613,689,6.890000,0.010000,374570000,892,23671,1,0,landing,0.199231,-0.000474,-1.094323,0.032764,0.000176,0.467489,0.000078,0.004731,0.023734,601.098389,607.007629,601.549622,607.438171
1,landing,2909152613,690,6.900000,0.010000,374594000,891,23350,1,0,landing,0.199556,-0.000472,-1.089645,0.032289,0.000173,0.468182,0.000080,0.005015,0.023668,601.088989,607.002869,601.554749,607.447205
1,landing,2909152613,691,6.910000,0.010000,374617000,894,23443,1,0,landing,0.199877,-0.000470,-1.084960,0.031787,0.000169,0.468819,0.000082,0.005291,0.023606,601.245300,607.159241,601.742737,607.634338
1,landing,2909152613,692,6.920000,0.010000,374641000,892,23436,1,0,landing,0.200192,-0.000469,-1.080268,0.031258,0.000164,0.469457,0.000084,0.005558,0.023549,601.240173,607.152771,601.749512,607.639160
1,landing,2909152613,693,6.930000,0.010000,374664000,898,23469,1,0,landing,0.200502,-0.000467,-1.075571,0.030704,0.000159,0.470095,0.000085,0.005817,0.023496,601.237000,607.145264,601.757324,607.642029
1,landing,2909152613,694,6.940000,0.010000,374688000,897,23475,1,0,landing,0.200806,-0.000466,-1.070866,0.030125,0.000154,0.470733,0.000087,0.006066,0.023447,601.235901,607.136841,601.765991,607.642944
1,landing,2909152613,695,6.950000,0.010000,374711000,890,23249,1,0,landing,0.201104,-0.000464,-1.066156,0.029522,0.000149,0.471320,0.000089,0.006307,0.023402,601.384216,607.273743,601.946228,607.810669
1,landing,2909152613,696,6.960000,0.010000,374735000,891,23441,1,0,landing,0.201396,-0.000463,-1.061440,0.028896,0.000143,0.471908,0.000091,0.006537,0.023362,601.387329,607.263733,601.956482,607.807495
1,landing,2909152613,697,6.970000,0.010000,374758000,888,23550,1,0,landing,0.201682,-0.000461,-1.056718,0.028247,0.000137,0.472495,0.000092,0.006758,0.023325,601.392334,607.252747,601.967651,607.802368
1,landing,2909152613,698,6.980000,0.010000,374782000,888,23688,1,0,landing,0.201961,-0.000460,-1.051990,0.027578,0.000130,0.473083,0.000094,0.006969,0.023293,601.399231,607.240845,601.979797,607.795410
1,landing,2909152613,699,6.990000,0.010000,374806000,892,23502,1,0,landing,0.202234,-0.000459,-1.047257,0.026889,0.000123,0.473623,0.000095,0.007170,0.023266,601.540894,607.359985,602.152771,607.944763
1,landing,2909152613,700,7.000000,0.010000,374829000,892,23375,1,0,landing,0.202499,-0.000457,-1.042518,0.026180,0.000116,0.474164,0.000097,0.007361,0.023242,601.551880,607.346619,602.166321,607.933777
1,landing,2909152613,701,7.010000,0.010000,374853000,889,23403,1,0,landing,0.202757,-0.000456,-1.037773,0.025453,0.000109,0.474705,0.000098,0.007541,0.023223,601.564758,607.332336,602.180725,607.921021
1,landing,2909152613,702,7.020000,0.010000,374876000,893,23382,1,0,landing,0.203008,-0.000455,-1.033024,0.024709,0.000101,0.475247,0.000100,0.007710,0.023208,601.579468,607.317200,602.195984,607.906433
1,landing,2909152613,703,7.030000,0.010000,374899000,892,23333,1,0,landing,0.203251,-0.000454,-1.028269,0.023949,0.000093,0.475745,0.000101,0.007869,0.023197,601.715454,607.419983,602.362244,608.038452
1,landing,2909152613,704,7.040000,0.010000,374923000,890,23324,1,0,landing,0.203487,-0.000453,-1.023509,0.023174,0.000085,0.476243,0.000102,0.008017,0.023190,601.734131,607.403503,602.378845,608.020020
1,landing,2909152613,705,7.050000,0.010000,374946000,888,23548,1,0,landing,0.203715,-0.000453,-1.018744,0.022385,0.000077,0.476741,0.000103,0.008153,0.023187,601.754517,607.386169,602.396240,607.999817
1,landing,2909152613,706,7.060000,0.010000,374970000,893,23447,1,0,landing,0.203935,-0.000452,-1.013974,0.021584,0.000069,0.477239,0.000104,0.008279,0.023188,601.776672,607.368042,602.414551,607.977966
1,landing,2909152613,707,7.070000,0.010000,374994000,890,23477,1,0,landing,0.204146,-0.000451,-1.009199,0.020770,0.000060,0.477698,0.000106,0.008394,0.023194,601.907837,607.455872,602.574402,608.093567
1,landing,2909152613,708,7.080000,0.010000,375017000,893,23515,1,0,landing,0.204350,-0.000451,-1.004420,0.019945,0.000051,0.478157,0.000107,0.008497,0.023203,601.933716,607.436462,602.593872,608.068054
1,landing,2909152613,709,7.090000,0.010000,375041000,891,23431,1,0,landing,0.204545,-0.000450,-0.999636,0.019111,0.000042,0.478615,0.000107,0.008590,0.023216,601.961243,607.416260,602.614136,608.040894
1,landing,2909152613,710,7.100000,0.010000,375064000,891,23567,1,0,landing,0.204732,-0.000450,-0.994848,0.018269,0.000033,0.479074,0.000108,0.008671,0.023233,601.990356,607.395203,602.635193,608.012207
1,landing,2909152613,711,7.110000,0.010000,375088000,888,23416,1,0,landing,0.204911,-0.000449,-0.990055,0.017418,0.000024,0.479497,0.000109,0.008741,0.023254,602.117493,607.469543,602.788940,608.112305
1,landing,2909152613,712,7.120000,0.010000,375111000,889,23392,1,0,landing,0.205080,-0.000449,-0.985258,0.016562,0.000015,0.479919,0.000110,0.008799,0.023279,602.150085,607.447388,602.811157,608.080139
1,landing,2909152613,713,7.130000,0.010000,375135000,892,23384,1,0,landing,0.205242,-0.000449,-0.980456,0.015700,0.000005,0.480341,0.000111,0.008847,0.023308,602.184265,607.424438,602.834045,608.046509
1,landing,2909152613,714,7.140000,0.010000,375158000,892,23279,1,0,landing,0.205394,-0.000449,-0.975651,0.014835,-0.000004,0.480763,0.000111,0.008883,0.023341,602.219849,607.400696,602.857727,608.011475
1,landing,2909152613,715,7.150000,0.010000,375181000,893,23271,1,0,landing,0.205538,-0.000449,-0.970841,0.013966,-0.000013,0.481152,0.000112,0.008908,0.023377,602.343567,607.462830,603.005615,608.096985
1,landing,2909152613,716,7.160000,0.010000,375205000,893,23309,1,0,landing,0.205674,-0.000449,-0.966028,0.013095,-0.000023,0.481541,0.000112,0.008923,0.023417,602.382385,607.438049,603.030273,608.058777
1,landing,2909152613,717,7.170000,0.010000,375228000,892,23333,1,0,landing,0.205800,-0.000450,-0.961210,0.012223,-0.000032,0.481929,0.000113,0.008926,0.023460,602.422607,607.412598,603.055725,608.019165
1,landing,2909152613,718,7.180000,0.010000,375252000,892,23453,1,0,landing,0.205918,-0.000450,-0.956389,0.011351,-0.000042,0.482318,0.000113,0.008918,0.023508,602.464111,607.386353,603.081787,607.978333
1,landing,2909152613,719,7.190000,0.010000,375275000,893,23412,1,0,landing,0.206027,-0.000451,-0.951564,0.010481,-0.000051,0.482675,0.000113,0.008900,0.023558,602.584900,607.437439,603.223938,608.050110
1,landing,2909152613,720,7.200000,0.010000,375299000,892,23471,1,0,landing,0.206128,-0.000451,-0.946736,0.009612,-0.000060,0.483033,0.000113,0.008871,0.023613,602.629333,607.410278,603.251038,608.006348
1,landing,2909152613,721,7.210000,0.010000,375322000,887,23387,1,0,landing,0.206220,-0.000452,-0.941904,0.008747,-0.000070,0.483390,0.000114,0.008832,0.023670,602.674988,607.382385,603.278748,607.961426
1,landing,2909152613,722,7.220000,0.010000,375346000,895,23586,1,0,landing,0.206303,-0.000452,-0.937068,0.007887,-0.000079,0.483748,0.000114,0.008782,0.023731,602.721802,607.353882,603.307129,607.915405
1,landing,2909152613,723,7.230000,0.010000,375369000,894,23558,1,0,landing,0.206377,-0.000453,-0.932229,0.007031,-0.000088,0.484077,0.000114,0.008723,0.023796,602.840027,607.395081,603.443665,607.974365
1,landing,2909152613,724,7.240000,0.010000,375393000,895,23683,1,0,landing,0.206443,-0.000454,-0.927386,0.006182,-0.000097,0.484405,0.000114,0.008653,0.023863,602.889465,607.365662,603.472900,607.925720
1,landing,2909152613,725,7.250000,0.010000,375417000,894,23418,1,0,landing,0.206501,-0.000455,-0.922541,0.005340,-0.000106,0.484734,0.000113,0.008573,0.023934,602.939941,607.335571,603.502747,607.876038
1,landing,2909152613,726,7.260000,0.010000,375440000,894,23215,1,0,landing,0.206550,-0.000456,-0.917692,0.004506,-0.000115,0.485063,0.000113,0.008484,0.024008,602.991333,607.304871,603.533264,607.825439
1,landing,2909152613,727,7.270000,0.010000,375463000,893,23398,1,0,landing,0.206591,-0.000458,-0.912840,0.003681,-0.000124,0.485365,0.000113,0.008386,0.024085,603.107300,607.337219,603.664185,607.872437
1,landing,2909152613,728,7.280000,0.010000,375487000,891,23574,1,0,landing,0.206624,-0.000459,-0.907984,0.002867,-0.000133,0.485667,0.000113,0.008278,0.024165,603.161011,607.305725,603.695435,607.819519
1,landing,2909152613,729,7.290000,0.010000,375511000,890,23512,1,0,landing,0.206649,-0.000460,-0.903126,0.002063,-0.000141,0.485969,0.000112,0.008161,0.024248,603.215576,607.273621,603.727356,607.765808
1,landing,2909152613,730,7.300000,0.010000,375534000,893,23576,1,0,landing,0.206665,-0.000462,-0.898265,0.001271,-0.000150,0.486271,0.000112,0.008036,0.024334,603.270996,607.240906,603.759827,607.711304
1,landing,2909152613,731,7.310000,0.010000,375558000,895,23580,1,0,landing,0.206674,-0.000463,-0.893401,0.000492,-0.000158,0.486549,0.000111,0.007902,0.024423,603.384888,607.265503,603.885193,607.747253
1,landing,2909152613,732,7.320000,0.010000,375582000,892,23458,1,0,landing,0.206675,-0.000465,-0.888534,-0.000274,-0.000166,0.486826,0.000111,0.007760,0.024515,603.442139,607.232056,603.918396,607.690796
1,landing,2909152613,733,7.330000,0.010000,375605000,891,23454,1,0,landing,0.206669,-0.000467,-0.883664,-0.001026,-0.000173,0.487104,0.000110,0.007610,0.024609,603.500122,607.198059,603.952087,607.633667
1,landing,2909152613,734,7.340000,0.010000,375629000,892,23304,1,0,landing,0.206655,-0.000468,-0.878792,-0.001762,-0.000181,0.487381,0.000109,0.007452,0.024706,603.558777,607.163513,603.986389,607.575928
1,landing,2909152613,735,7.350000,0.010000,375652000,891,23296,1,0,landing,0.206633,-0.000470,-0.873917,-0.002483,-0.000188,0.487636,0.000108,0.007287,0.024806,603.670715,607.181335,604.106323,607.601807
1,landing,2909152613,736,7.360000,0.010000,375675000,895,23144,1,0,landing,0.206605,-0.000472,-0.869039,-0.003188,-0.000195,0.487891,0.000107,0.007115,0.024908,603.730835,607.146118,604.141235,607.542480
1,landing,2909152613,737,7.370000,0.010000,375698000,891,23209,1,0,landing,0.206570,-0.000474,-0.864159,-0.003875,-0.000202,0.488146,0.000106,0.006936,0.025012,603.791504,607.110413,604.176636,607.482666
1,landing,2909152613,738,7.380000,0.010000,375722000,891,23315,1,0,landing,0.206528,-0.000476,-0.859276,-0.004544,-0.000208,0.488401,0.000105,0.006750,0.025119,603.852661,607.074219,604.212524,607.422363
1,landing,2909152613,739,7.390000,0.010000,375745000,893,23370,1,0,landing,0.206479,-0.000478,-0.854391,-0.005195,-0.000214,0.488635,0.000104,0.006558,0.025228,603.962585,607.086060,604.327026,607.439026
1,landing,2909152613,740,7.400000,0.010000,375769000,894,23553,1,0,landing,0.206424,-0.000480,-0.849504,-0.005827,-0.000220,0.488869,0.000103,0.006361,0.025340,604.024902,607.049255,604.363525,607.377563
1,landing,2909152613,741,7.410000,0.010000,375792000,887,23317,1,0,landing,0.206362,-0.000483,-0.844614,-0.006440,-0.000226,0.489103,0.000102,0.006157,0.025453,604.087524,607.012024,604.400391,607.315735
1,landing,2909152613,742,7.420000,0.010000,375816000,889,23305,1,0,landing,0.206295,-0.000485,-0.839722,-0.007032,-0.000231,0.489336,0.000100,0.005949,0.025569,604.150452,606.974365,604.437805,607.253601
1,landing,2909152613,743,7.430000,0.010000,375839000,891,23398,1,0,landing,0.206222,-0.000487,-0.834827,-0.007604,-0.000236,0.489551,0.000099,0.005736,0.025687,604.258423,606.981140,604.546936,607.261963
1,landing,2909152613,744,7.440000,0.010000,375863000,892,23537,1,0,landing,0.206143,-0.000490,-0.829931,-0.008155,-0.000240,0.489766,0.000097,0.005517,0.025806,604.322144,606.942993,604.584778,607.199036
1,landing,2909152613,745,7.450000,0.010000,375886000,892,23392,1,0,landing,0.206059,-0.000492,-0.825032,-0.008684,-0.000245,0.489981,0.000096,0.005295,0.025928,604.385986,606.904358,604.623047,607.135986
1,landing,2909152613,746,7.460000,0.010000,375910000,890,23287,1,0,landing,0.205969,-0.000494,-0.820131,-0.009191,-0.000248,0.490195,0.000094,0.005068,0.026051,604.450012,606.865417,604.661682,607.072693
1,landing,2909152613,747,7.470000,0.010000,375933000,892,23442,1,0,landing,0.205875,-0.000497,-0.815228,-0.009676,-0.000252,0.490393,0.000092,0.004838,0.026176,604.555847,606.867859,604.765442,607.073669
1,landing,2909152613,748,7.480000,0.010000,375956000,892,23224,1,0,landing,0.205776,-0.000500,-0.810323,-0.010138,-0.000255,0.490590,0.000091,0.004605,0.026303,604.620300,606.828430,604.804565,607.009949
1,landing,2909152613,749,7.490000,0.010000,375980000,896,23608,1,0,landing,0.205672,-0.000502,-0.805416,-0.010577,-0.000258,0.490787,0.000089,0.004369,0.026431,604.684692,606.788696,604.843994,606.946228
1,landing,2909152613,750,7.500000,0.010000,376003000,892,23413,1,0,landing,0.205565,-0.000505,-0.800507,-0.010993,-0.000260,0.490984,0.000087,0.004130,0.026561,604.749084,606.748596,604.883728,606.882568
1,landing,2909152613,751,7.510000,0.010000,376027000,894,23549,1,0,landing,0.205453,-0.000507,-0.795597,-0.011386,-0.000262,0.491165,0.000085,0.003889,0.026692,604.852722,606.747559,604.982239,606.877075
1,landing,2909152613,752,7.520000,0.010000,376051000,896,23328,1,0,landing,0.205337,-0.000510,-0.790684,-0.011755,-0.000264,0.491346,0.000083,0.003645,0.026824,604.917175,606.707092,605.022339,606.813293
1,landing,2909152613,753,7.530000,0.010000,376074000,896,23606,1,0,landing,0.205218,-0.000513,-0.785770,-0.012099,-0.000265,0.491527,0.000081,0.003400,0.026958,604.981445,606.666382,605.062744,606.749634
1,landing,2909152613,754,7.540000,0.010000,376098000,894,23477,1,0,landing,0.205095,-0.000515,-0.780853,-0.012420,-0.000266,0.491708,0.000079,0.003154,0.027093,605.045532,606.625427,605.103394,606.686157
1,landing,2909152613,755,7.550000,0.010000,376121000,891,23380,1,0,landing,0.204969,-0.000518,-0.775936,-0.012717,-0.000267,0.491874,0.000077,0.002907,0.027229,605.146729,606.621460,605.196716,606.675110
1,landing,2909152613,756,7.560000,0.010000,376145000,890,23308,1,0,landing,0.204841,-0.000521,-0.771016,-0.012990,-0.000267,0.492040,0.000074,0.002659,0.027366,605.210510,606.580200,605.237671,606.611877
1,landing,2909152613,757,7.570000,0.010000,376168000,893,23115,1,0,landing,0.204710,-0.000523,-0.766095,-0.013238,-0.000266,0.492207,0.000072,0.002411,0.027504,605.273987,606.538757,605.278809,606.548889
1,landing,2909152613,758,7.580000,0.010000,376191000,894,23266,1,0,landing,0.204576,-0.000526,-0.761172,-0.013462,-0.000266,0.492373,0.000070,0.002163,0.027643,605.337158,606.497070,605.320190,606.486267
1,landing,2909152613,759,7.590000,0.010000,376215000,893,23421,1,0,landing,0.204440,-0.000529,-0.756247,-0.013662,-0.000264,0.492525,0.000067,0.001915,0.027782,605.435730,606.490845,605.408325,606.470581
1,landing,2909152613,760,7.600000,0.010000,376238000,890,23561,1,0,landing,0.204303,-0.000531,-0.751321,-0.013837,-0.000263,0.492678,0.000065,0.001668,0.027923,605.498230,606.448975,605.449890,606.408508
1,landing,2909152613,761,7.610000,0.010000,376262000,893,23349,1,0,landing,0.204164,-0.000534,-0.746394,-0.013989,-0.000261,0.492831,0.000063,0.001422,0.028064,605.560364,606.406982,605.491638,606.346802
1,landing,2909152613,762,7.620000,0.010000,376285000,894,23348,1,0,landing,0.204023,-0.000536,-0.741465,-0.014116,-0.000258,0.492983,0.000060,0.001177,0.028206,605.621948,606.364868,605.533447,606.285583
1,landing,2909152613,763,7.630000,0.010000,376308000,889,23317,1,0,landing,0.203881,-0.000539,-0.736534,-0.014219,-0.000255,0.493124,0.000057,0.000933,0.028348,605.717590,606.356934,605.616577,606.266113
1,landing,2909152613,764,7.640000,0.010000,376332000,891,23608,1,0,landing,0.203739,-0.000541,-0.731602,-0.014299,-0.000252,0.493264,0.000055,0.000692,0.028490,605.778259,606.314758,605.658508,606.205811
1,landing,2909152613,765,7.650000,0.010000,376356000,893,23403,1,0,landing,0.203596,-0.000544,-0.726669,-0.014355,-0.000249,0.493404,0.000052,0.000453,0.028633,605.838379,606.272461,605.700562,606.145996
1,landing,2909152613,766,7.660000,0.010000,376379000,893,23546,1,0,landing,0.203452,-0.000546,-0.721734,-0.014388,-0.000245,0.493545,0.000050,0.000216,0.028777,605.897949,606.230103,605.742615,606.086731
1,landing,2909152613,767,7.670000,0.010000,376403000,892,23627,1,0,landing,0.203308,-0.000549,-0.716798,-0.014398,-0.000240,0.493674,0.000047,-0.000018,0.028920,605.990295,606.220947,605.820801,606.064331
1,landing,2909152613,768,7.680000,0.010000,376426000,890,23411,1,0,landing,0.203164,-0.000551,-0.711861,-0.014385,-0.000235,0.493803,0.000044,-0.000250,0.029064,606.048645,606.178589,605.862915,606.006226
1,landing,2909152613,769,7.690000,0.010000,376450000,894,23558,1,0,landing,0.203020,-0.000554,-0.706922,-0.014349,-0.000230,0.493932,0.000041,-0.000478,0.029207,606.106323,606.136292,605.905029,605.948792
1,landing,2909152613,770,7.700000,0.010000,376474000,893,23292,1,0,landing,0.202877,-0.000556,-0.701982,-0.014292,-0.000224,0.494061,0.000039,-0.000702,0.029351,606.163269,606.093994,605.947083,605.892029
1,landing,2909152613,771,7.710000,0.010000,376497000,890,23038,1,0,landing,0.202735,-0.000558,-0.697041,-0.014212,-0.000218,0.494180,0.000036,-0.000923,0.029495,606.252136,606.084106,606.020447,605.867615
1,landing,2909152613,772,7.720000,0.010000,376520000,893,23376,1,0,landing,0.202593,-0.000560,-0.692098,-0.014111,-0.000212,0.494299,0.000033,-0.001139,0.029638,606.307617,606.041931,606.062439,605.812256
1,landing,2909152613,773,7.730000,0.010000,376544000,892,23430,1,0,landing,0.202452,-0.000562,-0.687155,-0.013990,-0.000205,0.494418,0.000030,-0.001352,0.029781,606.362366,605.999817,606.104309,605.757629
1,landing,2909152613,774,7.740000,0.010000,376567000,892,23514,1,0,landing,0.202313,-0.000564,-0.682210,-0.013847,-0.000198,0.494537,0.000028,-0.001559,0.029924,606.416260,605.957825,606.146179,605.703796
1,landing,2909152613,775,7.750000,0.010000,376591000,890,23360,1,0,landing,0.202175,-0.000566,-0.677264,-0.013684,-0.000191,0.494646,0.000025,-0.001763,0.030067,606.501343,605.947510,606.214722,605.678040
1,landing,2909152613,776,7.760000,0.010000,376614000,890,23584,1,0,landing,0.202040,-0.000568,-0.672317,-0.013502,-0.000183,0.494755,0.000022,-0.001961,0.030209,606.553528,605.905762,606.256348,605.625854
1,landing,2909152613,777,7.770000,0.010000,376638000,891,23606,1,0,landing,0.201905,-0.000570,-0.667369,-0.013301,-0.000175,0.494865,0.000019,-0.002154,0.030350,606.604919,605.864136,606.297852,605.574463
1,landing,2909152613,778,7.780000,0.010000,376661000,890,23498,1,0,landing,0.201774,-0.000572,-0.662420,-0.013081,-0.000166,0.494974,0.000016,-0.002342,0.030491,606.655457,605.822754,606.339172,605.523987
1,landing,2909152613,779,7.790000,0.010000,376685000,890,23349,1,0,landing,0.201644,-0.000573,-0.657470,-0.012843,-0.000158,0.495075,0.000013,-0.002524,0.030632,606.736328,605.812439,606.403076,605.497620
1,landing,2909152613,780,7.800000,0.010000,376708000,891,23358,1,0,landing,0.201517,-0.000575,-0.652518,-0.012587,-0.000149,0.495176,0.000011,-0.002700,0.030772,606.784973,605.771362,606.444092,605.448975
1,landing,2909152613,781,7.810000,0.010000,376732000,889,23336,1,0,landing,0.201392,-0.000576,-0.647566,-0.012314,-0.000139,0.495277,0.000008,-0.002871,0.030911,606.832642,605.730530,606.484863,605.401245
1,landing,2909152613,782,7.820000,0.010000,376755000,896,23661,1,0,landing,0.201271,-0.000578,-0.642613,-0.012025,-0.000130,0.495378,0.000005,-0.003036,0.031049,606.879333,605.689941,606.525330,605.354431
1,landing,2909152613,783,7.830000,0.010000,376779000,892,23476,1,0,landing,0.201152,-0.000579,-0.637659,-0.011720,-0.000120,0.495471,0.000002,-0.003194,0.031186,606.955872,605.679932,606.584778,605.328186
1,landing,2909152613,784,7.840000,0.010000,376803000,892,23307,1,0,landing,0.201036,-0.000580,-0.632703,-0.011399,-0.000110,0.495564,-0.000000,-0.003347,0.031322,607.000549,605.639832,606.624878,605.283386
1,landing,2909152613,785,7.850000,0.010000,376826000,891,23388,1,0,landing,0.200924,-0.000581,-0.627747,-0.011064,-0.000099,0.495657,-0.000003,-0.003492,0.031457,607.044250,605.600037,606.664612,605.239502
1,landing,2909152613,786,7.860000,0.010000,376849000,891,23459,1,0,landing,0.200815,-0.000582,-0.622790,-0.010715,-0.000089,0.495750,-0.000006,-0.003632,0.031592,607.086914,605.560547,606.704041,605.196655
1,landing,2909152613,787,7.870000,0.010000,376873000,892,23544,1,0,landing,0.200710,-0.000583,-0.617833,-0.010353,-0.000078,0.495800,-0.000008,-0.003764,0.031725,607.267822,605.660583,606.868225,605.280701
1,landing,2909152613,788,7.880000,0.010000,376897000,891,23535,1,0,landing,0.200608,-0.000584,-0.612874,-0.009978,-0.000067,0.495851,-0.000011,-0.003890,0.031857,607.308350,605.621704,606.907104,605.239990
1,landing,2909152613,789,7.890000,0.010000,376920000,890,23383,1,0,landing,0.200510,-0.000584,-0.607916,-0.009591,-0.000056,0.495901,-0.000014,-0.004009,0.031987,607.347778,605.583252,606.945618,605.200317
1,landing,2909152613,790,7.900000,0.010000,376944000,888,23402,1,0,landing,0.200416,-0.000585,-0.602956,-0.009193,-0.000045,0.495951,-0.000016,-0.004121,0.032117,607.386230,605.545166,606.983704,605.161621
1,landing,2909152613,791,7.910000,0.010000,376967000,892,23496,1,0,landing,0.200326,-0.000585,-0.597998,-0.008782,-0.000033,0.495681,-0.000019,-0.004226,0.032245,608.423096,606.509705,608.004944,606.111206
1,landing,2909152613,792,7.920000,0.010000,376991000,893,23516,1,0,landing,0.200241,-0.000585,-0.593043,-0.008362,-0.000021,0.495410,-0.000021,-0.004324,0.032371,608.459106,606.472412,608.042297,606.074829
1,landing,2909152613,793,7.930000,0.010000,377014000,892,23622,1,0,landing,0.200159,-0.000585,-0.588090,-0.007932,-0.000010,0.495139,-0.000023,-0.004415,0.032496,608.494141,606.435608,608.079163,606.039551
1,landing,2909152613,794,7.940000,0.010000,377038000,890,23486,1,0,landing,0.200082,-0.000586,-0.583140,-0.007494,0.000002,0.494868,-0.000026,-0.004499,0.032620,608.528076,606.399231,608.115601,606.005310
1,landing,2909152613,795,7.950000,0.010000,377062000,890,23658,1,0,landing,0.200009,-0.000585,-0.578194,-0.007047,0.000014,0.494302,-0.000028,-0.004575,0.032742,609.479553,607.284851,609.052368,606.876770
1,landing,2909152613,796,7.960000,0.010000,377085000,891,23463,1,0,landing,0.199941,-0.000585,-0.573254,-0.006592,0.000026,0.493736,-0.000030,-0.004645,0.032862,609.511108,607.249390,609.087891,606.844849
1,landing,2909152613,797,7.970000,0.010000,377109000,894,23559,1,0,landing,0.199877,-0.000585,-0.568319,-0.006131,0.000038,0.493170,-0.000032,-0.004707,0.032981,609.541565,607.214539,609.122864,606.814026
1,landing,2909152613,798,7.980000,0.010000,377133000,890,23384,1,0,landing,0.199818,-0.000584,-0.563390,-0.005664,0.000050,0.492604,-0.000034,-0.004762,0.033098,609.570923,607.180176,609.157288,606.784302
1,landing,2909152613,799,7.990000,0.010000,377156000,893,23353,1,0,landing,0.199764,-0.000584,-0.558469,-0.005191,0.000063,0.491767,-0.000036,-0.004810,0.033213,610.441162,607.991211,610.013977,607.582275
1,landing,2909152613,800,8.000000,0.010000,377179000,891,23363,1,0,landing,0.199715,-0.000583,-0.553555,-0.004713,0.000075,0.490931,-0.000038,-0.004850,0.033327,610.468079,607.957886,610.047424,607.554932
1,landing,2909152613,801,8.010000,0.010000,377203000,889,23573,1,0,landing,0.199670,-0.000582,-0.548650,-0.004232,0.000087,0.490094,-0.000040,-0.004883,0.033438,610.493958,607.925232,610.080322,607.528687
1,landing,2909152613,802,8.020000,0.010000,377227000,892,23439,1,0,landing,0.199630,-0.000581,-0.543753,-0.003748,0.000099,0.489257,-0.000042,-0.004910,0.033548,610.518738,607.893127,610.112549,607.503479
1,landing,2909152613,803,8.030000,0.010000,377250000,894,23556,1,0,landing,0.199595,-0.000580,-0.538866,-0.003260,0.000111,0.488173,-0.000044,-0.004929,0.033656,611.311584,608.633728,610.893250,608.232300
1,landing,2909152613,804,8.040000,0.010000,377274000,892,23449,1,0,landing,0.199565,-0.000579,-0.533990,-0.002771,0.000123,0.487090,-0.000045,-0.004941,0.033761,611.333984,608.602783,610.924377,608.209534
1,landing,2909152613,805,8.050000,0.010000,377297000,888,23614,1,0,landing,0.199540,-0.000578,-0.529124,-0.002281,0.000135,0.486006,-0.000047,-0.004946,0.033865,611.355225,608.572510,610.954834,608.187805
1,landing,2909152613,806,8.060000,0.010000,377321000,892,23495,1,0,landing,0.199519,-0.000577,-0.524270,-0.001791,0.000147,0.484922,-0.000048,-0.004944,0.033967,611.375427,608.542908,610.984619,608.167175
1,landing,2909152613,807,8.070000,0.010000,377345000,892,23329,1,0,landing,0.199504,-0.000575,-0.519427,-0.001300,0.000159,0.483613,-0.000050,-0.004936,0.034067,612.094727,609.217041,611.693359,608.830994
1,landing,2909152613,808,8.080000,0.010000,377368000,893,23403,1,0,landing,0.199493,-0.000573,-0.514597,-0.000810,0.000171,0.482304,-0.000051,-0.004920,0.034164,612.112549,609.188721,611.721924,608.812744
1,landing,2909152613,809,8.090000,0.010000,377391000,891,23294,1,0,landing,0.199488,-0.000572,-0.509781,-0.000322,0.000182,0.480995,-0.000052,-0.004898,0.034259,612.129333,609.161072,611.749756,608.795593
1,landing,2909152613,810,8.100000,0.010000,377415000,892,23275,1,0,landing,0.199487,-0.000570,-0.504977,0.000163,0.000194,0.479686,-0.000053,-0.004870,0.034353,612.145020,609.134216,611.776855,608.779480
1,landing,2909152613,811,8.110000,0.010000,377438000,893,23509,1,0,landing,0.199491,-0.000568,-0.500188,0.000646,0.000205,0.478173,-0.000054,-0.004835,0.034444,612.794434,609.745667,612.417480,609.382263
1,landing,2909152613,812,8.120000,0.010000,377462000,893,23698,1,0,landing,0.199500,-0.000566,-0.495414,0.001125,0.000216,0.476660,-0.000055,-0.004793,0.034532,612.807800,609.720154,612.443298,609.368469
1,landing,2909152613,813,8.130000,0.010000,377486000,894,23415,1,0,landing,0.199513,-0.000563,-0.490655,0.001600,0.000227,0.475147,-0.000056,-0.004746,0.034619,612.820068,609.695435,612.468262,609.355713
1,landing,2909152613,814,8.140000,0.010000,377509000,892,23266,1,0,landing,0.199532,-0.000561,-0.485911,0.002070,0.000238,0.473634,-0.000057,-0.004692,0.034703,612.831360,609.671509,612.492432,609.344055
1,landing,2909152613,815,8.150000,0.010000,377532000,893,23477,1,0,landing,0.199555,-0.000559,-0.481183,0.002535,0.000248,0.471937,-0.000058,-0.004633,0.034785,613.414551,610.223877,613.068787,609.889587
1,landing,2909152613,816,8.160000,0.010000,377556000,892,23434,1,0,landing,0.199582,-0.000556,-0.476472,0.002994,0.000258,0.470240,-0.000058,-0.004567,0.034864,613.423523,610.201355,613.091553,609.880188
1,landing,2909152613,817,8.170000,0.010000,377579000,890,23284,1,0,landing,0.199614,-0.000553,-0.471778,0.003446,0.000268,0.468543,-0.000059,-0.004496,0.034941,613.431519,610.179688,613.113464,609.871704
1,landing,2909152613,818,8.180000,0.010000,377603000,894,23405,1,0,landing,0.199651,-0.000551,-0.467101,0.003891,0.000278,0.466846,-0.000059,-0.004420,0.035016,613.438538,610.158875,613.134521,609.864319
1,landing,2909152613,819,8.190000,0.010000,377627000,892,23570,1,0,landing,0.199692,-0.000548,-0.462442,0.004328,0.000287,0.464984,-0.000060,-0.004338,0.035088,613.958862,610.655701,613.650024,610.356201
1,landing,2909152613,820,8.200000,0.010000,377650000,895,23565,1,0,landing,0.199738,-0.000545,-0.457802,0.004758,0.000296,0.463121,-0.000060,-0.004252,0.035158,613.963684,610.636353,613.669617,610.350952
1,landing,2909152613,821,8.210000,0.010000,377674000,890,23605,1,0,landing,0.199787,-0.000542,-0.453180,0.005178,0.000305,0.461259,-0.000060,-0.004160,0.035225,613.967590,610.617981,613.688354,610.346680
1,landing,2909152613,822,8.220000,0.010000,377697000,893,23576,1,0,landing,0.199841,-0.000539,-0.448577,0.005589,0.000314,0.459396,-0.000060,-0.004063,0.035290,613.970459,610.600464,613.706177,610.343384
1,landing,2909152613,823,8.230000,0.010000,377721000,895,23515,1,0,landing,0.199899,-0.000536,-0.443993,0.005990,0.000322,0.457387,-0.000060,-0.003962,0.035353,614.431396,611.044983,614.164307,610.784973
1,landing,2909152613,824,8.240000,0.010000,377745000,894,23440,1,0,landing,0.199961,-0.000532,-0.439429,0.006382,0.000330,0.455377,-0.000060,-0.003856,0.035413,614.432251,611.029053,614.180542,610.783752
1,landing,2909152613,825,8.250000,0.010000,377768000,893,23351,1,0,landing,0.200027,-0.000529,-0.434885,0.006762,0.000337,0.453367,-0.000060,-0.003746,0.035470,614.432190,611.014038,614.195862,610.783447
1,landing,2909152613,826,8.260000,0.010000,377791000,894,23300,1,0,landing,0.200096,-0.000526,-0.430362,0.007131,0.000344,0.451357,-0.000060,-0.003632,0.035525,614.431213,610.999939,614.210266,610.784058
1,landing,2909152613,827,8.270000,0.010000,377815000,891,23268,1,0,landing,0.200169,-0.000522,-0.425859,0.007489,0.000351,0.449216,-0.000059,-0.003514,0.035578,614.835999,611.395447,614.614319,611.178589
1,landing,2909152613,828,8.280000,0.010000,377838000,893,23614,1,0,landing,0.200246,-0.000519,-0.421377,0.007835,0.000357,0.447075,-0.000059,-0.003393,0.035628,614.833069,611.382996,614.627075,611.181152
1,landing,2909152613,829,8.290000,0.010000,377862000,888,23478,1,0,landing,0.200326,-0.000515,-0.416917,0.008169,0.000363,0.444934,-0.000058,-0.003268,0.035675,614.829285,611.371460,614.638916,611.184570
1,landing,2909152613,830,8.300000,0.010000,377886000,889,23507,1,0,landing,0.200409,-0.000511,-0.412479,0.008490,0.000369,0.442794,-0.000058,-0.003139,0.035720,614.824646,611.360901,614.649780,611.188904
1,landing,2909152613,831,8.310000,0.010000,377909000,894,23488,1,0,landing,0.200496,-0.000508,-0.408062,0.008798,0.000374,0.440538,-0.000057,-0.003008,0.035762,615.176514,611.710388,615.002930,611.539368
1,landing,2909152613,832,8.320000,0.010000,377933000,889,23839,1,0,landing,0.200585,-0.000504,-0.403668,0.009094,0.000379,0.438282,-0.000056,-0.002874,0.035802,615.170044,611.701538,615.012085,611.545532
1,landing,2909152613,833,8.330000,0.010000,377957000,893,23299,1,0,landing,0.200678,-0.000500,-0.399296,0.009375,0.000384,0.436026,-0.000056,-0.002737,0.035839,615.162781,611.693604,615.020325,611.552490
1,landing,2909152613,834,8.340000,0.010000,377980000,889,23079,1,0,landing,0.200773,-0.000496,-0.394947,0.009643,0.000388,0.433770,-0.000055,-0.002598,0.035873,615.154724,611.686646,615.027649,611.560242
1,landing,2909152613,835,8.350000,0.010000,378003000,893,23165,1,0,landing,0.200870,-0.000492,-0.390621,0.009896,0.000391,0.431414,-0.000054,-0.002456,0.035905,615.456726,611.993042,615.332825,611.869446
1,landing,2909152613,836,8.360000,0.010000,378026000,890,23047,1,0,landing,0.200971,-0.000488,-0.386319,0.010136,0.000395,0.429058,-0.000053,-0.002313,0.035935,615.447021,611.987854,615.338318,611.878906
1,landing,2909152613,837,8.370000,0.010000,378049000,893,23181,1,0,landing,0.201073,-0.000484,-0.382040,0.010361,0.000398,0.426702,-0.000052,-0.002168,0.035962,615.436523,611.983521,615.342957,611.889160
1,landing,2909152613,838,8.380000,0.010000,378073000,895,23236,1,0,landing,0.201178,-0.000480,-0.377785,0.010571,0.000400,0.424346,-0.000050,-0.002021,0.035986,615.425293,611.980225,615.346558,611.900085
1,landing,2909152613,839,8.390000,0.010000,378096000,890,23349,1,0,landing,0.201284,-0.000476,-0.373554,0.010767,0.000402,0.421904,-0.000049,-0.001873,0.036008,615.680542,612.246399,615.606812,612.170837
1,landing,2909152613,840,8.400000,0.010000,378119000,890,23486,1,0,landing,0.201393,-0.000472,-0.369347,0.010948,0.000404,0.419462,-0.000048,-0.001723,0.036028,615.667847,612.244873,615.608643,612.183350
1,landing,2909152613,841,8.410000,0.010000,378143000,890,23440,1,0,landing,0.201503,-0.000468,-0.365164,0.011114,0.000405,0.417020,-0.000047,-0.001573,0.036044,615.654419,612.244202,615.609558,612.196594
1,landing,2909152613,842,8.420000,0.010000,378166000,891,23255,1,0,landing,0.201615,-0.000464,-0.361006,0.011264,0.000406,0.414578,-0.000045,-0.001422,0.036059,615.640320,612.244507,615.609558,612.210449
1,landing,2909152613,843,8.430000,0.010000,378190000,894,23262,1,0,landing,0.201729,-0.000460,-0.356873,0.011400,0.000406,0.412062,-0.000044,-0.001271,0.036070,615.851685,612.473145,615.827515,612.445190
1,landing,2909152613,844,8.440000,0.010000,378213000,895,23436,1,0,landing,0.201843,-0.000456,-0.352765,0.011520,0.000406,0.409547,-0.000042,-0.001119,0.036080,615.836243,612.475220,615.825684,612.460449
1,landing,2909152613,845,8.450000,0.010000,378237000,889,23436,1,0,landing,0.201959,-0.000452,-0.348682,0.011625,0.000406,0.407031,-0.000041,-0.000967,0.036087,615.820129,612.478210,615.822937,612.476379
1,landing,2909152613,846,8.460000,0.010000,378260000,894,23646,1,0,landing,0.202076,-0.000448,-0.344625,0.011715,0.000405,0.404516,-0.000039,-0.000815,0.036091,615.803406,612.482178,615.819275,612.492920
1,landing,2909152613,847,8.470000,0.010000,378284000,889,23493,1,0,landing,0.202193,-0.000444,-0.340592,0.011789,0.000404,0.401940,-0.000038,-0.000663,0.036093,615.973816,612.675720,615.997681,612.694031
1,landing,2909152613,848,8.480000,0.010000,378308000,889,23754,1,0,landing,0.202311,-0.000440,-0.336586,0.011848,0.000402,0.399363,-0.000036,-0.000512,0.036093,615.955933,612.681458,615.992249,612.711792
1,landing,2909152613,849,8.490000,0.010000,378332000,891,23412,1,0,landing,0.202430,-0.000436,-0.332605,0.011892,0.000400,0.396787,-0.000035,-0.000362,0.036090,615.937439,612.688049,615.985840,612.730103
1,landing,2909152613,850,8.500000,0.010000,378355000,893,23341,1,0,landing,0.202549,-0.000432,-0.328650,0.011921,0.000398,0.394211,-0.000033,-0.000213,0.036085,615.918457,612.695557,615.978577,612.749023
1,landing,2909152613,851,8.510000,0.010000,378378000,891,23535,1,0,landing,0.202668,-0.000428,-0.324721,0.011935,0.000395,0.391585,-0.000031,-0.000064,0.036077,616.050598,612.856506,616.120056,612.918701
1,landing,2909152613,852,8.520000,0.010000,378402000,894,23667,1,0,landing,0.202788,-0.000424,-0.320818,0.011935,0.000392,0.388959,-0.000030,0.000083,0.036067,616.030518,612.865723,616.111023,612.938721
1,landing,2909152613,853,8.530000,0.010000,378426000,892,23709,1,0,landing,0.202907,-0.000420,-0.316942,0.011919,0.000388,0.386333,-0.000028,0.000228,0.036055,616.010010,612.875854,616.101135,612.959167
1,landing,2909152613,854,8.540000,0.010000,378450000,891,23529,1,0,landing,0.203026,-0.000416,-0.313092,0.011889,0.000385,0.383707,-0.000026,0.000372,0.036040,615.988953,612.886841,616.090393,612.980164
1,landing,2909152613,855,8.550000,0.010000,378473000,891,23342,1,0,landing,0.203145,-0.000413,-0.309268,0.011844,0.000380,0.381043,-0.000024,0.000515,0.036023,616.085571,613.017456,616.197266,613.120544
1,landing,2909152613,856,8.560000,0.010000,378497000,892,23269,1,0,landing,0.203263,-0.000409,-0.305471,0.011786,0.000376,0.378378,-0.000023,0.000655,0.036004,616.063660,613.030151,616.184814,613.142456
1,landing,2909152613,857,8.570000,0.010000,378520000,893,23442,1,0,landing,0.203381,-0.000405,-0.301700,0.011713,0.000371,0.375713,-0.000021,0.000793,0.035983,616.041260,613.043640,616.171509,613.164795
1,landing,2909152613,858,8.580000,0.010000,378543000,891,23270,1,0,landing,0.203497,-0.000401,-0.297957,0.011626,0.000366,0.373049,-0.000019,0.000929,0.035959,616.018494,613.057983,616.157349,613.187561
1,landing,2909152613,859,8.590000,0.010000,378567000,892,23573,1,0,landing,0.203613,-0.000398,-0.294240,0.011526,0.000361,0.370355,-0.000017,0.001062,0.035933,616.082153,613.160461,616.232056,613.300659
1,landing,2909152613,860,8.600000,0.010000,378591000,894,23384,1,0,landing,0.203728,-0.000394,-0.290549,0.011412,0.000355,0.367662,-0.000015,0.001193,0.035906,616.058594,613.176453,616.216309,613.324158
1,landing,2909152613,861,8.610000,0.010000,378614000,892,23390,1,0,landing,0.203841,-0.000391,-0.286886,0.011286,0.000349,0.364968,-0.000014,0.001320,0.035876,616.034729,613.193176,616.199768,613.348083
1,landing,2909152613,862,8.620000,0.010000,378638000,889,23492,1,0,landing,0.203953,-0.000387,-0.283250,0.011147,0.000343,0.362274,-0.000012,0.001445,0.035844,616.010498,613.210632,616.182373,613.372314
1,landing,2909152613,863,8.630000,0.010000,378661000,893,23561,1,0,landing,0.204064,-0.000384,-0.279641,0.010995,0.000336,0.359561,-0.000010,0.001567,0.035809,616.043640,613.287109,616.227173,613.459900
1,landing,2909152613,864,8.640000,0.010000,378685000,892,23408,1,0,landing,0.204173,-0.000380,-0.276059,0.010831,0.000329,0.356848,-0.000008,0.001686,0.035773,616.018799,613.306152,616.208252,613.484802
1,landing,2909152613,865,8.650000,0.010000,378708000,892,23436,1,0,landing,0.204281,-0.000377,-0.272504,0.010656,0.000322,0.354134,-0.000007,0.001801,0.035735,615.993652,613.325928,616.188599,613.509949
1,landing,2909152613,866,8.660000,0.010000,378731000,895,23206,1,0,landing,0.204386,-0.000374,-0.268976,0.010469,0.000315,0.351421,-0.000005,0.001913,0.035695,615.968262,613.346375,616.168274,613.535461
1,landing,2909152613,867,8.670000,0.010000,378755000,893,23396,1,0,landing,0.204490,-0.000371,-0.265476,0.010270,0.000308,0.348696,-0.000003,0.002022,0.035653,615.973328,613.398743,616.185303,613.599243
1,landing,2909152613,868,8.680000,0.010000,378778000,888,23603,1,0,landing,0.204592,-0.000368,-0.262002,0.010061,0.000300,0.345972,-0.000001,0.002127,0.035609,615.947449,613.420715,616.163452,613.625244
1,landing,2909152613,869,8.690000,0.010000,378802000,893,23399,1,0,landing,0.204691,-0.000365,-0.258556,0.009842,0.000292,0.343247,0.000000,0.002228,0.035563,615.921326,613.443298,616.140930,613.651489
1,landing,2909152613,870,8.700000,0.010000,378826000,893,23376,1,0,landing,0.204788,-0.000362,-0.255137,0.009613,0.000284,0.340523,0.000002,0.002325,0.035516,615.894958,613.466553,616.117798,613.677979
1,landing,2909152613,871,8.710000,0.010000,378849000,893,23141,1,0,landing,0.204883,-0.000359,-0.251746,0.009374,0.000276,0.337795,0.000003,0.002418,0.035467,615.874268,613.496643,616.109070,613.719543
1,landing,2909152613,872,8.720000,0.010000,378872000,889,23467,1,0,landing,0.204976,-0.000356,-0.248381,0.009126,0.000267,0.335067,0.000005,0.002507,0.035416,615.847595,613.521240,616.084595,613.746399
1,landing,2909152613,873,8.730000,0.010000,378896000,893,23582,1,0,landing,0.205066,-0.000354,-0.245044,0.008869,0.000259,0.332339,0.000007,0.002592,0.035363,615.820679,613.546387,616.059448,613.773438
1,landing,2909152613,874,8.740000,0.010000,378919000,889,23326,1,0,landing,0.205153,-0.000351,-0.241735,0.008604,0.000250,0.329611,0.000008,0.002673,0.035308,615.793640,613.572144,616.033752,613.800659
1,landing,2909152613,875,8.750000,0.010000,378943000,891,23429,1,0,landing,0.205238,-0.000349,-0.238452,0.008330,0.000241,0.326887,0.000009,0.002750,0.035252,615.749451,613.581787,616.001343,613.821533
1,landing,2909152613,876,8.760000,0.010000,378966000,891,23510,1,0,landing,0.205320,-0.000346,-0.235197,0.008050,0.000233,0.324163,0.000011,0.002822,0.035195,615.722229,613.608765,615.974426,613.848938
1,landing,2909152613,877,8.770000,0.010000,378990000,892,23637,1,0,landing,0.205399,-0.000344,-0.231969,0.007762,0.000224,0.321439,0.000012,0.002890,0.035135,615.694763,613.636230,615.946960,613.876526
1,landing,2909152613,878,8.780000,0.010000,379014000,891,23567,1,0,landing,0.205475,-0.000342,-0.228768,0.007467,0.000215,0.318715,0.000014,0.002954,0.035075,615.667236,613.664185,615.919006,613.904236
1,landing,2909152613,879,8.790000,0.010000,379037000,893,23429,1,0,landing,0.205548,-0.000340,-0.225595,0.007167,0.000206,0.316001,0.000015,0.003013,0.035013,615.601685,613.654907,615.864685,613.905884
1,landing,2909152613,880,8.800000,0.010000,379061000,895,23709,1,0,landing,0.205618,-0.000338,-0.222448,0.006861,0.000196,0.313288,0.000016,0.003067,0.034949,615.574036,613.684021,615.835632,613.933655
1,landing,2909152613,881,8.810000,0.010000,379085000,891,23516,1,0,landing,0.205685,-0.000336,-0.219329,0.006549,0.000187,0.310574,0.000017,0.003118,0.034884,615.546387,613.713501,615.806152,613.961548
1,landing,2909152613,882,8.820000,0.010000,379108000,890,23594,1,0,landing,0.205749,-0.000334,-0.216237,0.006233,0.000178,0.307861,0.000019,0.003163,0.034818,615.518555,613.743408,615.776184,613.989563
1,landing,2909152613,883,8.830000,0.010000,379132000,889,23525,1,0,landing,0.205810,-0.000332,-0.213171,0.005912,0.000169,0.305164,0.000020,0.003204,0.034750,615.433655,613.716797,615.701904,613.973206
1,landing,2909152613,884,8.840000,0.010000,379155000,888,23373,1,0,landing,0.205868,-0.000331,-0.210133,0.005587,0.000159,0.302467,0.000021,0.003241,0.034681,615.405884,613.747681,615.671021,614.001160
1,landing,2909152613,885,8.850000,0.010000,379179000,889,23452,1,0,landing,0.205922,-0.000329,-0.207122,0.005259,0.000150,0.299770,0.000022,0.003272,0.034611,615.378113,613.778870,615.639771,614.029175
1,landing,2909152613,886,8.860000,0.010000,379202000,889,23377,1,0,landing,0.205973,-0.000328,-0.204138,0.004928,0.000141,0.297073,0.000023,0.003300,0.034540,615.350281,613.810364,615.608215,614.057251
1,landing,2909152613,887,8.870000,0.010000,379226000,891,23392,1,0,landing,0.206020,-0.000326,-0.201181,0.004595,0.000132,0.294398,0.000024,0.003323,0.034468,615.247925,613.767883,615.515686,614.024170
1,landing,2909152613,888,8.880000,0.010000,379249000,894,23236,1,0,landing,0.206065,-0.000325,-0.198250,0.004259,0.000123,0.291724,0.000024,0.003341,0.034395,615.220215,613.800232,615.483276,614.052124
1,landing,2909152613,889,8.890000,0.010000,379272000,890,23281,1,0,landing,0.206106,-0.000324,-0.195346,0.003922,0.000114,0.289049,0.000025,0.003355,0.034320,615.192505,613.832825,615.450623,614.080017
1,landing,2909152613,890,8.900000,0.010000,379296000,892,23241,1,0,landing,0.206143,-0.000323,-0.192469,0.003584,0.000105,0.286374,0.000026,0.003364,0.034245,615.164856,613.865601,615.417664,614.107971
1,landing,2909152613,891,8.910000,0.010000,379319000,889,23522,1,0,landing,0.206177,-0.000322,-0.189618,0.003245,0.000096,0.283727,0.000027,0.003369,0.034168,615.046875,613.808594,615.308594,614.059448
1,landing,2909152613,892,8.920000,0.010000,379343000,889,23323,1,0,landing,0.206208,-0.000321,-0.186794,0.002905,0.000087,0.281079,0.000027,0.003369,0.034091,615.019409,613.842041,615.275024,614.087097
1,landing,2909152613,893,8.930000,0.010000,379366000,889,23310,1,0,landing,0.206235,-0.000320,-0.183997,0.002566,0.000078,0.278432,0.000028,0.003365,0.034013,614.992004,613.875671,615.241272,614.114807
1,landing,2909152613,894,8.940000,0.010000,379390000,889,23640,1,0,landing,0.206259,-0.000319,-0.181226,0.002228,0.000069,0.275785,0.000028,0.003357,0.033934,614.964661,613.909424,615.207336,614.142395
1,landing,2909152613,895,8.950000,0.010000,379413000,890,23420,1,0,landing,0.206280,-0.000319,-0.178481,0.001891,0.000061,0.273169,0.000029,0.003344,0.033855,614.832825,613.839050,615.083191,614.079407
1,landing,2909152613,896,8.960000,0.010000,379437000,885,23583,1,0,landing,0.206297,-0.000318,-0.175762,0.001555,0.000052,0.270554,0.000029,0.003327,0.033774,614.805786,613.873291,615.048828,614.106689
1,landing,2909152613,897,8.970000,0.010000,379461000,888,23298,1,0,landing,0.206311,-0.000318,-0.173070,0.001221,0.000044,0.267938,0.000030,0.003306,0.033693,614.778748,613.907593,615.014343,614.133972
1,landing,2909152613,898,8.980000,0.010000,379484000,889,23220,1,0,landing,0.206322,-0.000317,-0.170404,0.000890,0.000036,0.265323,0.000030,0.003281,0.033612,614.751892,613.942017,614.979797,614.161072
1,landing,2909152613,899,8.990000,0.010000,379507000,893,23187,1,0,landing,0.206329,-0.000317,-0.167763,0.000561,0.000028,0.262743,0.000030,0.003252,0.033529,614.607849,613.859497,614.842224,614.084717
1,landing,2909152613,900,9.000000,0.010000,379530000,890,23245,1,0,landing,0.206333,-0.000317,-0.165149,0.000235,0.000020,0.260164,0.000030,0.003219,0.033447,614.581360,613.894165,614.807373,614.111511
1,landing,2909152613,901,9.010000,0.010000,379554000,889,23602,1,0,landing,0.206334,-0.000317,-0.162560,-0.000087,0.000012,0.257584,0.000031,0.003182,0.033363,614.554932,613.928894,614.772461,614.138184
1,landing,2909152613,902,9.020000,0.010000,379578000,891,23380,1,0,landing,0.206331,-0.000316,-0.159997,-0.000405,0.000005,0.255005,0.000031,0.003141,0.033280,614.528687,613.963562,614.737610,614.164673
1,landing,2909152613,903,9.030000,0.010000,379601000,891,23545,1,0,landing,0.206325,-0.000316,-0.157460,-0.000719,-0.000002,0.252465,0.000031,0.003097,0.033196,614.374023,613.869934,614.588074,614.075989
1,landing,2909152613,904,9.040000,0.010000,379625000,890,23334,1,0,landing,0.206317,-0.000317,-0.154948,-0.001028,-0.000010,0.249925,0.000031,0.003049,0.033111,614.348206,613.904724,614.553101,614.102051
1,landing,2909152613,905,9.050000,0.010000,379648000,890,23335,1,0,landing,0.206305,-0.000317,-0.152461,-0.001332,-0.000017,0.247386,0.000031,0.002998,0.033026,614.322510,613.939453,614.518188,614.127991
1,landing,2909152613,906,9.060000,0.010000,379671000,897,23517,1,0,landing,0.206290,-0.000317,-0.150000,-0.001631,-0.000023,0.244846,0.000031,0.002943,0.032941,614.296936,613.974060,614.483337,614.153809
1,landing,2909152613,907,9.070000,0.010000,379695000,892,23501,1,0,landing,0.206272,-0.000317,-0.147564,-0.001924,-0.000030,0.242349,0.000031,0.002885,0.032856,614.133118,613.870361,614.323242,614.053650
1,landing,2909152613,908,9.080000,0.010000,379719000,890,23488,1,0,landing,0.206252,-0.000317,-0.145153,-0.002211,-0.000036,0.239853,0.000030,0.002824,0.032771,614.108093,613.904907,614.288452,614.078918
1,landing,2909152613,909,9.090000,0.010000,379742000,891,23414,1,0,landing,0.206228,-0.000318,-0.142767,-0.002492,-0.000042,0.237356,0.000030,0.002760,0.032685,614.083191,613.939331,614.253845,614.104004
1,landing,2909152613,910,9.100000,0.010000,379766000,889,23284,1,0,landing,0.206202,-0.000318,-0.140406,-0.002766,-0.000048,0.234860,0.000030,0.002693,0.032600,614.058533,613.973572,614.219360,614.128906
1,landing,2909152613,911,9.110000,0.010000,379789000,889,23469,1,0,landing,0.206173,-0.000319,-0.138069,-0.003033,-0.000054,0.232563,0.000030,0.002623,0.032514,613.417908,613.391663,613.581177,613.549377
1,landing,2909152613,912,9.120000,0.010000,379813000,888,23430,1,0,landing,0.206141,-0.000319,-0.135755,-0.003292,-0.000059,0.230266,0.000029,0.002550,0.032428,613.393738,613.425659,613.546936,613.573730
1,landing,2909152613,913,9.130000,0.010000,379836000,891,23463,1,0,landing,0.206107,-0.000320,-0.133464,-0.003544,-0.000065,0.227969,0.000029,0.002475,0.032343,613.369812,613.459473,613.512878,613.597900
1,landing,2909152613,914,9.140000,0.010000,379860000,890,23345,1,0,landing,0.206070,-0.000321,-0.131195,-0.003789,-0.000070,0.225672,0.000028,0.002397,0.032257,613.346069,613.493042,613.479126,613.621826
1,landing,2909152613,915,9.150000,0.010000,379883000,889,23536,1,0,landing,0.206031,-0.000321,-0.128949,-0.004025,-0.000075,0.223559,0.000028,0.002317,0.032172,612.755127,612.959290,612.889160,613.089050
1,landing,2909152613,916,9.160000,0.010000,379907000,890,23414,1,0,landing,0.205990,-0.000322,-0.126724,-0.004253,-0.000079,0.221446,0.000027,0.002235,0.032087,612.731995,612.992432,612.855774,613.112427
1,landing,2909152613,917,9.170000,0.010000,379930000,891,23448,1,0,landing,0.205946,-0.000323,-0.124520,-0.004473,-0.000083,0.219333,0.000027,0.002151,0.032001,612.709045,613.025330,612.822693,613.135559
1,landing,2909152613,918,9.180000,0.010000,379954000,894,23607,1,0,landing,0.205900,-0.000324,-0.122337,-0.004684,-0.000088,0.217220,0.000026,0.002064,0.031917,612.686401,613.057861,612.789856,613.158447
1,landing,2909152613,919,9.190000,0.010000,379978000,892,23474,1,0,landing,0.205853,-0.000325,-0.120175,-0.004886,-0.000091,0.215275,0.000026,0.001976,0.031832,612.141602,612.568298,612.244690,612.668457
1,landing,2909152613,920,9.200000,0.010000,380001000,889,23623,1,0,landing,0.205803,-0.000326,-0.118032,-0.005079,-0.000095,0.213331,0.000025,0.001887,0.031748,612.119507,612.600281,612.212463,612.690735
1,landing,2909152613,921,9.210000,0.010000,380025000,890,23479,1,0,landing,0.205751,-0.000327,-0.115908,-0.005263,-0.000098,0.211387,0.000024,0.001795,0.031664,612.097717,612.631897,612.180603,612.712769
1,landing,2909152613,922,9.220000,0.010000,380048000,890,23600,1,0,landing,0.205697,-0.000328,-0.113804,-0.005438,-0.000101,0.209443,0.000024,0.001703,0.031581,612.076172,612.663147,612.149109,612.734436
1,landing,2909152613,923,9.230000,0.010000,380072000,890,23420,1,0,landing,0.205642,-0.000329,-0.111719,-0.005603,-0.000104,0.207654,0.000023,0.001609,0.031498,611.574219,612.213989,611.645386,612.283630
1,landing,2909152613,924,9.240000,0.010000,380095000,893,23400,1,0,landing,0.205585,-0.000330,-0.109651,-0.005759,-0.000107,0.205865,0.000022,0.001514,0.031416,611.553345,612.244507,611.614624,612.304688
1,landing,2909152613,925,9.250000,0.010000,380119000,891,23263,1,0,landing,0.205527,-0.000331,-0.107601,-0.005906,-0.000109,0.204077,0.000021,0.001418,0.031334,611.532715,612.274658,611.584229,612.325500
1,landing,2909152613,926,9.260000,0.010000,380142000,891,23495,1,0,landing,0.205467,-0.000332,-0.105570,-0.006042,-0.000112,0.202288,0.000021,0.001321,0.031252,611.512390,612.304321,611.554321,612.345947
1,landing,2909152613,927,9.270000,0.010000,380166000,889,23646,1,0,landing,0.205406,-0.000333,-0.103555,-0.006169,-0.000114,0.200642,0.000020,0.001224,0.031172,611.050171,611.892151,611.089172,611.930969
1,landing,2909152613,928,9.280000,0.010000,380190000,891,23410,1,0,landing,0.205344,-0.000334,-0.101557,-0.006286,-0.000115,0.198996,0.000019,0.001126,0.031092,611.030518,611.920959,611.060120,611.950745
1,landing,2909152613,929,9.290000,0.010000,380213000,891,23483,1,0,landing,0.205281,-0.000335,-0.099575,-0.006394,-0.000117,0.197351,0.000018,0.001027,0.031012,611.011169,611.949341,611.031555,611.970276
1,landing,2909152613,930,9.300000,0.010000,380237000,891,23564,1,0,landing,0.205216,-0.000337,-0.097610,-0.006491,-0.000118,0.195705,0.000017,0.000928,0.030933,610.992126,611.977173,611.003479,611.989441
1,landing,2909152613,931,9.310000,0.010000,380260000,893,23309,1,0,landing,0.205151,-0.000338,-0.095660,-0.006579,-0.000119,0.194191,0.000016,0.000829,0.030855,610.566833,611.598755,610.574097,611.607117
1,landing,2909152613,932,9.320000,0.010000,380284000,892,23411,1,0,landing,0.205085,-0.000339,-0.093726,-0.006656,-0.000120,0.192677,0.000015,0.000730,0.030778,610.548523,611.625671,610.546997,611.625610
1,landing,2909152613,933,9.330000,0.010000,380307000,892,23394,1,0,landing,0.205018,-0.000340,-0.091807,-0.006724,-0.000120,0.191163,0.000015,0.000631,0.030702,610.530457,611.652039,610.520447,611.643799
1,landing,2909152613,934,9.340000,0.010000,380331000,891,23811,1,0,landing,0.204950,-0.000341,-0.089903,-0.006782,-0.000121,0.189649,0.000014,0.000533,0.030626,610.512817,611.677856,610.494385,611.661560
1,landing,2909152613,935,9.350000,0.010000,380355000,891,23551,1,0,landing,0.204882,-0.000343,-0.088013,-0.006830,-0.000121,0.188256,0.000013,0.000434,0.030552,610.121765,611.330261,610.098328,611.309143
1,landing,2909152613,936,9.360000,0.010000,380378000,891,23354,1,0,landing,0.204814,-0.000344,-0.086138,-0.006869,-0.000121,0.186863,0.000012,0.000336,0.030478,610.104797,611.354980,610.073425,611.326233
1,landing,2909152613,937,9.370000,0.010000,380402000,894,23368,1,0,landing,0.204745,-0.000345,-0.084276,-0.006897,-0.000121,0.185470,0.000011,0.000239,0.030405,610.088135,611.379150,610.049072,611.343018
1,landing,2909152613,938,9.380000,0.010000,380425000,888,23574,1,0,landing,0.204676,-0.000346,-0.082428,-0.006916,-0.000120,0.184077,0.000010,0.000142,0.030333,610.071838,611.402710,610.025269,611.359375
1,landing,2909152613,939,9.390000,0.010000,380449000,890,23607,1,0,landing,0.204606,-0.000347,-0.080594,-0.006926,-0.000120,0.182795,0.000009,0.000047,0.030262,609.712585,611.083191,609.660217,611.034241
1,landing,2909152613,940,9.400000,0.010000,380473000,891,23453,1,0,landing,0.204537,-0.000349,-0.078772,-0.006926,-0.000119,0.181514,0.000008,-0.000048,0.030192,609.697021,611.105591,609.637634,611.049927
1,landing,2909152613,941,9.410000,0.010000,380496000,891,23467,1,0,landing,0.204468,-0.000350,-0.076964,-0.006916,-0.000118,0.180232,0.000007,-0.000142,0.030123,609.681824,611.127380,609.615662,611.065186
1,landing,2909152613,942,9.420000,0.010000,380520000,895,23396,1,0,landing,0.204399,-0.000351,-0.075168,-0.006897,-0.000117,0.178951,0.000006,-0.000235,0.030056,609.666992,611.148560,609.594299,611.080139
1,landing,2909152613,943,9.430000,0.010000,380543000,894,23306,1,0,landing,0.204330,-0.000352,-0.073384,-0.006870,-0.000115,0.177772,0.000005,-0.000326,0.029989,609.337219,610.854614,609.258118,610.779968
1,landing,2909152613,944,9.440000,0.010000,380566000,891,23290,1,0,landing,0.204262,-0.000353,-0.071612,-0.006833,-0.000114,0.176593,0.000004,-0.000416,0.029923,609.323120,610.874512,609.238037,610.794128
1,landing,2909152613,945,9.450000,0.010000,380590000,893,23629,1,0,landing,0.204193,-0.000354,-0.069852,-0.006787,-0.000112,0.175414,0.000003,-0.000504,0.029859,609.309387,610.893799,609.218567,610.807922
1,landing,2909152613,946,9.460000,0.010000,380614000,890,23476,1,0,landing,0.204126,-0.000355,-0.068104,-0.006733,-0.000110,0.174235,0.000002,-0.000591,0.029796,609.296021,610.912415,609.199829,610.821289
1,landing,2909152613,947,9.470000,0.010000,380638000,892,23649,1,0,landing,0.204059,-0.000357,-0.066367,-0.006670,-0.000108,0.173150,0.000001,-0.000676,0.029734,608.993652,610.641724,608.890442,610.543884
1,landing,2909152613,948,9.480000,0.010000,380661000,889,23558,1,0,landing,0.203992,-0.000358,-0.064641,-0.006599,-0.000106,0.172065,0.000001,-0.000759,0.029673,608.981018,610.658997,608.873047,610.556580
1,landing,2909152613,949,9.490000,0.010000,380685000,891,23434,1,0,landing,0.203927,-0.000359,-0.062926,-0.006520,-0.000103,0.170981,-0.000000,-0.000840,0.029613,608.968811,610.675659,608.856262,610.568787
1,landing,2909152613,950,9.500000,0.010000,380708000,894,23459,1,0,landing,0.203862,-0.000360,-0.061221,-0.006433,-0.000101,0.169896,-0.000001,-0.000920,0.029555,608.956970,610.691650,608.840149,610.580627
1,landing,2909152613,951,9.510000,0.010000,380732000,888,23374,1,0,landing,0.203798,-0.000361,-0.059527,-0.006338,-0.000098,0.168898,-0.000002,-0.000997,0.029498,608.679932,610.442017,608.555786,610.324036
1,landing,2909152613,952,9.520000,0.010000,380755000,890,23326,1,0,landing,0.203735,-0.000362,-0.057843,-0.006235,-0.000095,0.167900,-0.000003,-0.001072,0.029442,608.668823,610.456665,608.541077,610.335144
1,landing,2909152613,953,9.530000,0.010000,380778000,891,23267,1,0,landing,0.203674,-0.000363,-0.056169,-0.006125,-0.000093,0.166902,-0.000004,-0.001145,0.029388,608.658203,610.470581,608.527039,610.345825
1,landing,2909152613,954,9.540000,0.010000,380802000,894,23368,1,0,landing,0.203613,-0.000363,-0.054505,-0.006008,-0.000090,0.165905,-0.000005,-0.001216,0.029335,608.647949,610.483887,608.513733,610.356079
1,landing,2909152613,955,9.550000,0.010000,380825000,892,23511,1,0,landing,0.203553,-0.000364,-0.052851,-0.005885,-0.000086,0.164987,-0.000006,-0.001284,0.029283,608.394348,610.253357,608.252747,610.118469
1,landing,2909152613,956,9.560000,0.010000,380849000,895,23706,1,0,landing,0.203495,-0.000365,-0.051206,-0.005754,-0.000083,0.164069,-0.000006,-0.001350,0.029233,608.384888,610.265259,608.240784,610.127991
1,landing,2909152613,957,9.570000,0.010000,380873000,890,23357,1,0,landing,0.203438,-0.000366,-0.049569,-0.005617,-0.000080,0.163151,-0.000007,-0.001414,0.029184,608.375793,610.276428,608.229553,610.137085
1,landing,2909152613,958,9.580000,0.010000,380896000,893,23315,1,0,landing,0.203383,-0.000367,-0.047943,-0.005475,-0.000076,0.162233,-0.000008,-0.001474,0.029136,608.367126,610.286926,608.218994,610.145691
1,landing,2909152613,959,9.590000,0.010000,380919000,893,23290,1,0,landing,0.203329,-0.000368,-0.046324,-0.005326,-0.000073,0.161388,-0.000009,-0.001533,0.029090,608.135315,610.073853,607.979797,609.925476
1,landing,2909152613,960,9.600000,0.010000,380943000,890,23793,1,0,landing,0.203276,-0.000368,-0.044715,-0.005171,-0.000069,0.160544,-0.000009,-0.001588,0.029045,608.127441,610.082947,607.970703,609.933411
1,landing,2909152613,961,9.610000,0.010000,380967000,890,23516,1,0,landing,0.203225,-0.000369,-0.043114,-0.005012,-0.000066,0.159699,-0.000010,-0.001641,0.029002,608.119934,610.091370,607.962280,609.940857
1,landing,2909152613,962,9.620000,0.010000,380990000,889,23307,1,0,landing,0.203176,-0.000370,-0.041521,-0.004847,-0.000062,0.158854,-0.000011,-0.001691,0.028960,608.112854,610.099121,607.954529,609.947876
1,landing,2909152613,963,9.630000,0.010000,381014000,894,23417,1,0,landing,0.203129,-0.000370,-0.039936,-0.004677,-0.000058,0.158078,-0.000012,-0.001739,0.028920,607.901245,609.901733,607.735657,609.743591
1,landing,2909152613,964,9.640000,0.010000,381037000,893,23465,1,0,landing,0.203083,-0.000371,-0.038359,-0.004503,-0.000054,0.157301,-0.000012,-0.001783,0.028881,607.894958,609.908020,607.729370,609.749817
1,landing,2909152613,965,9.650000,0.010000,381061000,891,23450,1,0,landing,0.203038,-0.000371,-0.036790,-0.004325,-0.000050,0.156524,-0.000013,-0.001825,0.028844,607.889038,609.913696,607.723694,609.755676
1,landing,2909152613,966,9.660000,0.010000,381085000,896,23595,1,0,landing,0.202996,-0.000372,-0.035229,-0.004143,-0.000046,0.155747,-0.000013,-0.001864,0.028808,607.883606,609.918701,607.718750,609.761047
1,landing,2909152613,967,9.670000,0.010000,381108000,893,23428,1,0,landing,0.202956,-0.000372,-0.033675,-0.003957,-0.000042,0.155032,-0.000014,-0.001900,0.028773,607.690613,609.735474,607.518860,609.571228
1,landing,2909152613,968,9.680000,0.010000,381132000,893,23462,1,0,landing,0.202917,-0.000373,-0.032128,-0.003768,-0.000038,0.154317,-0.000015,-0.001933,0.028740,607.685913,609.739075,607.515259,609.575867
1,landing,2909152613,969,9.690000,0.010000,381155000,891,23422,1,0,landing,0.202880,-0.000373,-0.030589,-0.003575,-0.000034,0.153602,-0.000015,-0.001963,0.028709,607.681702,609.742004,607.512390,609.580078
1,landing,2909152613,970,9.700000,0.010000,381179000,892,23283,1,0,landing,0.202846,-0.000373,-0.029056,-0.003380,-0.000030,0.152888,-0.000016,-0.001991,0.028679,607.677856,609.744324,607.510132,609.583801
1,landing,2909152613,971,9.710000,0.010000,381202000,889,23444,1,0,landing,0.202813,-0.000374,-0.027531,-0.003182,-0.000026,0.152230,-0.000016,-0.002015,0.028650,607.502136,609.573975,607.327942,609.407288
1,landing,2909152613,972,9.720000,0.010000,381226000,894,23489,1,0,landing,0.202782,-0.000374,-0.026012,-0.002982,-0.000022,0.151573,-0.000017,-0.002036,0.028624,607.499084,609.574890,607.327087,609.410278
1,landing,2909152613,973,9.730000,0.010000,381249000,891,23400,1,0,landing,0.202753,-0.000374,-0.024499,-0.002780,-0.000018,0.150915,-0.000017,-0.002055,0.028598,607.496460,609.575195,607.326904,609.412842
1,landing,2909152613,974,9.740000,0.010000,381273000,890,23486,1,0,landing,0.202726,-0.000374,-0.022993,-0.002577,-0.000014,0.150258,-0.000018,-0.002070,0.028574,607.494263,609.574890,607.327332,609.414917
1,landing,2909152613,975,9.750000,0.010000,381296000,889,23376,1,0,landing,0.202702,-0.000374,-0.021494,-0.002372,-0.000010,0.149653,-0.000018,-0.002083,0.028552,607.334412,609.416199,607.161621,609.250610
1,landing,2909152613,976,9.760000,0.010000,381320000,890,23314,1,0,landing,0.202679,-0.000374,-0.020000,-0.002166,-0.000006,0.149048,-0.000018,-0.002093,0.028531,607.333008,609.414551,607.163391,609.251953
1,landing,2909152613,977,9.770000,0.010000,381343000,888,23428,1,0,landing,0.202658,-0.000374,-0.018513,-0.001959,-0.000002,0.148443,-0.000019,-0.002099,0.028512,607.332031,609.412231,607.165771,609.252869
1,landing,2909152613,978,9.780000,0.010000,381367000,889,23597,1,0,landing,0.202640,-0.000374,-0.017031,-0.001752,0.000002,0.147838,-0.000019,-0.002103,0.028494,607.331482,609.409363,607.168701,609.253296
1,landing,2909152613,979,9.790000,0.010000,381390000,890,23385,1,0,landing,0.202623,-0.000374,-0.015556,-0.001544,0.000006,0.147281,-0.000019,-0.002105,0.028478,607.186340,609.261230,607.018433,609.100159
1,landing,2909152613,980,9.800000,0.010000,381414000,890,23420,1,0,landing,0.202609,-0.000374,-0.014086,-0.001337,0.000010,0.146725,-0.000019,-0.002103,0.028463,607.186523,609.257080,607.022705,609.099915
1,landing,2909152613,981,9.810000,0.010000,381437000,893,23609,1,0,landing,0.202596,-0.000374,-0.012621,-0.001130,0.000014,0.146168,-0.000020,-0.002098,0.028450,607.187134,609.252380,607.027527,609.099182
1,landing,2909152613,982,9.820000,0.010000,381461000,893,23580,1,0,landing,0.202586,-0.000374,-0.011162,-0.000923,0.000018,0.145612,-0.000020,-0.002091,0.028438,607.188232,609.247070,607.032898,609.098022
1,landing,2909152613,983,9.830000,0.010000,381485000,891,23380,1,0,landing,0.202578,-0.000374,-0.009709,-0.000717,0.000022,0.145100,-0.000020,-0.002081,0.028428,607.056641,609.108459,606.896851,608.955078
1,landing,2909152613,984,9.840000,0.010000,381508000,890,23349,1,0,landing,0.202572,-0.000374,-0.008260,-0.000513,0.000026,0.144588,-0.000020,-0.002069,0.028419,607.058411,609.101990,606.903503,608.953186
1,landing,2909152613,985,9.850000,0.010000,381532000,892,23493,1,0,landing,0.202568,-0.000373,-0.006817,-0.000310,0.000030,0.144076,-0.000020,-0.002054,0.028412,607.060608,609.094971,606.910645,608.950867
1,landing,2909152613,986,9.860000,0.010000,381555000,893,23552,1,0,landing,0.202566,-0.000373,-0.005379,-0.000108,0.000034,0.143564,-0.000020,-0.002036,0.028406,607.063293,609.087402,606.918335,608.948120
1,landing,2909152613,987,9.870000,0.010000,381579000,895,23396,1,0,landing,0.202566,-0.000373,-0.003946,0.000092,0.000037,0.143092,-0.000021,-0.002016,0.028402,606.944214,608.957397,606.795654,608.814636
1,landing,2909152613,988,9.880000,0.010000,381602000,891,23440,1,0,landing,0.202567,-0.000372,-0.002517,0.000289,0.000041,0.142621,-0.000021,-0.001993,0.028399,606.947571,608.948730,606.804504,608.811096
1,landing,2909152613,989,9.890000,0.010000,381626000,893,23388,1,0,landing,0.202571,-0.000372,-0.001093,0.000484,0.000044,0.142150,-0.000021,-0.001968,0.028398,606.951355,608.939575,606.813782,608.807190
1,landing,2909152613,990,9.900000,0.010000,381649000,889,23500,1,0,landing,0.202577,-0.000371,0.000000,0.000677,0.000048,0.000000,-0.000021,-0.001940,0.028398,606.955566,608.929932,606.823608,608.802917
1,landing,2909152613,991,9.910000,0.010000,381673000,290,22832,0,0,grounded,0.202584,-0.000371,0.000000,0.000677,0.000048,0.000000,-0.000021,-0.001912,0.028399,0.000000,0.000000,0.000000,0.000000
1,grounded_complete,2909152613,992,9.920000,0.010000,381696000,288,22685,0,0,grounded,0.202591,-0.000370,0.000000,0.000677,0.000048,0.000000,-0.000021,-0.001883,0.028399,0.000000,0.000000,0.000000,0.000000
2,grounded,427807111,1,0.010000,0.010000,381719000,1474,24025,0,0,grounded,0.000000,0.000000,0.000000,0.000000,0.000000,0.000000,0.000000,0.000000,0.000000,0.000000,0.000000,0.000000,0.000000
2,grounded,427807111,2,0.020000,0.010000,381743000,285,22748,0,0,grounded,0.000000,0.000000,0.000000,0.000000,0.000000,0.000000,0.000000,0.000000,0.000000,0.000000,0.000000,0.000000,0.000000
2,grounded,427807111,3,0.030000,0.010000,381766000,284,23012,0,0,grounded,0.000000,0.000000,0.000000,0.000000,0.000000,0.000000,0.000000,0.000000,0.000000,0.000000,0.000000,0.000000,0.000000
2,takeoff,427807111,4,0.040000,0.010000,381789000,669,23118,1,0,taking_off,0.000000,0.000000,0.000000,0.000000,0.000000,0.000000,0.000000,0.000000,0.000000,0.000000,0.000000,0.000000,0.000000
2,takeoff,427807111,5,0.050000,0.010000,381812000,669,23101,1,0,taking_off,0.000000,0.000000,0.000000,0.000000,0.000000,0.000000,0.000000,0.000000,0.000000,0.000000,0.000000,0.000000,0.000000
2,takeoff,427807111,6,0.060000,0.010000,381835000,669,23016,1,0,taking_off,0.000000,0.000000,0.000000,0.000000,0.000000,0.000000,0.000000,0.000000,0.000000,0.000000,0.000000,0.000000,0.000000
2,takeoff,427807111,7,0.070000,0.010000,381858000,774,23318,1,0,taking_off,0.000000,0.000000,-0.000070,0.000000,0.000000,-0.014000,0.000000,0.000000,0.000000,648.266418,648.266418,648.266418,648.266418
2,takeoff,427807111,8,0.080000,0.010000,381882000,774,23218,1,0,taking_off,0.000000,0.000000,-0.000280,0.000000,0.000000,-0.028000,0.000000,0.000000,0.000000,648.266418,648.266418,648.266418,648.266418
2,takeoff,427807111,9,0.090000,0.010000,381905000,774,23067,1,0,taking_off,0.000000,0.000000,-0.000630,0.000000,0.000000,-0.042000,0.000000,0.000000,0.000000,648.266418,648.266418,648.266418,648.266418
2,takeoff,427807111,10,0.100000,0.010000,381928000,774,23095,1,0,taking_off,0.000000,0.000000,-0.001120,0.000000,0.000000,-0.056000,0.000000,0.000000,0.000000,648.266418,648.266418,648.266418,648.266418
2,takeoff,427807111,11,0.110000,0.010000,381951000,771,23411,1,0,taking_off,0.000000,0.000000,-0.001744,0.000000,0.000000,-0.068880,0.000000,0.000000,0.000000,645.018921,645.018921,645.018921,645.018921
2,takeoff,427807111,12,0.120000,0.010000,381975000,771,23572,1,0,taking_off,0.000000,0.000000,-0.002498,0.000000,0.000000,-0.081760,0.000000,0.000000,0.000000,645.018921,645.018921,645.018921,645.018921
2,takeoff,427807111,13,0.130000,0.010000,381999000,771,23387,1,0,taking_off,0.000000,0.000000,-0.003380,0.000000,0.000000,-0.094640,0.000000,0.000000,0.000000,645.018921,645.018921,645.018921,645.018921
2,takeoff,427807111,14,0.140000,0.010000,382022000,771,23315,1,0,taking_off,0.000000,0.000000,-0.004390,0.000000,0.000000,-0.107520,0.000000,0.000000,0.000000,645.018921,645.018921,645.018921,645.018921
2,takeoff,427807111,15,0.150000,0.010000,382045000,766,23136,1,0,taking_off,0.000000,0.000000,-0.005525,0.000000,0.000000,-0.119370,0.000000,0.000000,0.000000,642.016663,642.016663,642.016663,642.016663
2,takeoff,427807111,16,0.160000,0.010000,382068000,766,23419,1,0,taking_off,0.000000,0.000000,-0.006778,0.000000,0.000000,-0.131219,0.000000,0.000000,0.000000,642.016663,642.016663,642.016663,642.016663
2,takeoff,427807111,17,0.170000,0.010000,382092000,766,23448,1,0,taking_off,0.000000,0.000000,-0.008149,0.000000,0.000000,-0.143069,0.000000,0.000000,0.000000,642.016663,642.016663,642.016663,642.016663
2,takeoff,427807111,18,0.180000,0.010000,382115000,766,23565,1,0,taking_off,0.000000,0.000000,-0.009639,0.000000,0.000000,-0.154918,0.000000,0.000000,0.000000,642.016663,642.016663,642.016663,642.016663
2,takeoff,427807111,19,0.190000,0.010000,382139000,773,23555,1,0,taking_off,0.000000,0.000000,-0.011243,0.000000,0.000000,-0.165820,0.000000,0.000000,0.000000,639.242126,639.242126,639.242126,639.242126
2,takeoff,427807111,20,0.200000,0.010000,382163000,773,23288,1,0,taking_off,0.000000,0.000000,-0.012956,0.000000,0.000000,-0.176722,0.000000,0.000000,0.000000,639.242126,639.242126,639.242126,639.242126
2,takeoff,427807111,21,0.210000,0.010000,382186000,773,23255,1,0,taking_off,0.000000,0.000000,-0.014777,0.000000,0.000000,-0.187623,0.000000,0.000000,0.000000,639.242126,639.242126,639.242126,639.242126
2,takeoff,427807111,22,0.220000,0.010000,382209000,773,23079,1,0,taking_off,0.000000,0.000000,-0.016708,0.000000,0.000000,-0.198525,0.000000,0.000000,0.000000,639.242126,639.242126,639.242126,639.242126
2,takeoff,427807111,23,0.230000,0.010000,382232000,772,23325,1,0,taking_off,0.000000,0.000000,-0.018743,0.000000,0.000000,-0.208554,0.000000,0.000000,0.000000,636.678894,636.678894,636.678894,636.678894
2,takeoff,427807111,24,0.240000,0.010000,382256000,772,23225,1,0,taking_off,0.000000,0.000000,-0.020879,0.000000,0.000000,-0.218584,0.000000,0.000000,0.000000,636.678894,636.678894,636.678894,636.678894
2,takeoff,427807111,25,0.250000,0.010000,382279000,772,23354,1,0,taking_off,0.000000,0.000000,-0.023115,0.000000,0.000000,-0.228613,0.000000,0.000000,0.000000,636.678894,636.678894,636.678894,636.678894
2,takeoff,427807111,26,0.260000,0.010000,382303000,772,23444,1,0,taking_off,0.000000,0.000000,-0.025451,0.000000,0.000000,-0.238643,0.000000,0.000000,0.000000,636.678894,636.678894,636.678894,636.678894
2,takeoff,427807111,27,0.270000,0.010000,382326000,767,23622,1,0,taking_off,0.000000,0.000000,-0.027884,0.000000,0.000000,-0.247870,0.000000,0.000000,0.000000,634.311523,634.311523,634.311523,634.311523
2,takeoff,427807111,28,0.280000,0.010000,382350000,767,23195,1,0,taking_off,0.000000,0.000000,-0.030409,0.000000,0.000000,-0.257097,0.000000,0.000000,0.000000,634.311523,634.311523,634.311523,634.311523
2,takeoff,427807111,29,0.290000,0.010000,382373000,767,23387,1,0,taking_off,0.000000,0.000000,-0.033026,0.000000,0.000000,-0.266324,0.000000,0.000000,0.000000,634.311523,634.311523,634.311523,634.311523
2,takeoff,427807111,30,0.300000,0.010000,382397000,767,23215,1,0,taking_off,0.000000,0.000000,-0.035735,0.000000,0.000000,-0.275551,0.000000,0.000000,0.000000,634.311523,634.311523,634.311523,634.311523
2,takeoff,427807111,31,0.310000,0.010000,382420000,769,23218,1,0,taking_off,0.000000,0.000000,-0.038533,0.000000,0.000000,-0.284040,0.000000,0.000000,0.000000,632.125793,632.125793,632.125793,632.125793
2,takeoff,427807111,32,0.320000,0.010000,382443000,769,23315,1,0,taking_off,0.000000,0.000000,-0.041416,0.000000,0.000000,-0.292529,0.000000,0.000000,0.000000,632.125793,632.125793,632.125793,632.125793
2,takeoff,427807111,33,0.330000,0.010000,382467000,769,23402,1,0,taking_off,0.000000,0.000000,-0.044384,0.000000,0.000000,-0.301018,0.000000,0.000000,0.000000,632.125793,632.125793,632.125793,632.125793
2,takeoff,427807111,34,0.340000,0.010000,382490000,769,23008,1,0,taking_off,0.000000,0.000000,-0.047436,0.000000,0.000000,-0.309507,0.000000,0.000000,0.000000,632.125793,632.125793,632.125793,632.125793
2,takeoff,427807111,35,0.350000,0.010000,382513000,768,23053,1,0,taking_off,0.000000,0.000000,-0.050571,0.000000,0.000000,-0.317317,0.000000,0.000000,0.000000,630.108154,630.108154,630.108154,630.108154
2,takeoff,427807111,36,0.360000,0.010000,382536000,768,23321,1,0,taking_off,0.000000,0.000000,-0.053783,0.000000,0.000000,-0.325127,0.000000,0.000000,0.000000,630.108154,630.108154,630.108154,630.108154
2,takeoff,427807111,37,0.370000,0.010000,382560000,768,23327,1,0,taking_off,0.000000,0.000000,-0.057073,0.000000,0.000000,-0.332937,0.000000,0.000000,0.000000,630.108154,630.108154,630.108154,630.108154
2,takeoff,427807111,38,0.380000,0.010000,382583000,768,23371,1,0,taking_off,0.000000,0.000000,-0.060442,0.000000,0.000000,-0.340747,0.000000,0.000000,0.000000,630.108154,630.108154,630.108154,630.108154
2,takeoff,427807111,39,0.390000,0.010000,382606000,772,23297,1,0,taking_off,0.000000,0.000000,-0.063885,0.000000,0.000000,-0.347932,0.000000,0.000000,0.000000,628.246277,628.246277,628.246277,628.246277
2,takeoff,427807111,40,0.400000,0.010000,382630000,772,23490,1,0,taking_off,0.000000,0.000000,-0.067400,0.000000,0.000000,-0.355117,0.000000,0.000000,0.000000,628.246277,628.246277,628.246277,628.246277
2,takeoff,427807111,41,0.410000,0.010000,382654000,772,23318,1,0,taking_off,0.000000,0.000000,-0.070987,0.000000,0.000000,-0.362302,0.000000,0.000000,0.000000,628.246277,628.246277,628.246277,628.246277
2,takeoff,427807111,42,0.420000,0.010000,382677000,772,23401,1,0,taking_off,0.000000,0.000000,-0.074646,0.000000,0.000000,-0.369487,0.000000,0.000000,0.000000,628.246277,628.246277,628.246277,628.246277
2,takeoff,427807111,43,0.430000,0.010000,382700000,770,23184,1,0,taking_off,0.000000,0.000000,-0.078374,0.000000,0.000000,-0.376097,0.000000,0.000000,0.000000,626.528442,626.528442,626.528442,626.528442
2,takeoff,427807111,44,0.440000,0.010000,382724000,770,23290,1,0,taking_off,0.000000,0.000000,-0.082168,0.000000,0.000000,-0.382708,0.000000,0.000000,0.000000,626.528442,626.528442,626.528442,626.528442
2,takeoff,427807111,45,0.450000,0.010000,382747000,770,23304,1,0,taking_off,0.000000,0.000000,-0.086028,0.000000,0.000000,-0.389318,0.000000,0.000000,0.000000,626.528442,626.528442,626.528442,626.528442
2,takeoff,427807111,46,0.460000,0.010000,382771000,770,23346,1,0,taking_off,0.000000,0.000000,-0.089955,0.000000,0.000000,-0.395928,0.000000,0.000000,0.000000,626.528442,626.528442,626.528442,626.528442
2,takeoff,427807111,47,0.470000,0.010000,382794000,770,23233,1,0,taking_off,0.000000,0.000000,-0.093944,0.000000,0.000000,-0.402010,0.000000,0.000000,0.000000,624.943787,624.943787,624.943787,624.943787
2,takeoff,427807111,48,0.480000,0.010000,382817000,770,23275,1,0,taking_off,0.000000,0.000000,-0.097995,0.000000,0.000000,-0.408091,0.000000,0.000000,0.000000,624.943787,624.943787,624.943787,624.943787
2,takeoff,427807111,49,0.490000,0.010000,382841000,770,23229,1,0,taking_off,0.000000,0.000000,-0.102106,0.000000,0.000000,-0.414172,0.000000,0.000000,0.000000,624.943787,624.943787,624.943787,624.943787
2,takeoff,427807111,50,0.500000,0.010000,382864000,770,23196,1,0,taking_off,0.000000,0.000000,-0.106278,0.000000,0.000000,-0.420254,0.000000,0.000000,0.000000,624.943787,624.943787,624.943787,624.943787
2,takeoff,427807111,51,0.510000,0.010000,382887000,773,23287,1,0,taking_off,0.000000,0.000000,-0.110509,0.000000,0.000000,-0.425849,0.000000,0.000000,0.000000,623.482422,623.482422,623.482422,623.482422
2,takeoff,427807111,52,0.520000,0.010000,382911000,773,23173,1,0,taking_off,0.000000,0.000000,-0.114795,0.000000,0.000000,-0.431444,0.000000,0.000000,0.000000,623.482422,623.482422,623.482422,623.482422
2,takeoff,427807111,53,0.530000,0.010000,382934000,773,23276,1,0,taking_off,0.000000,0.000000,-0.119138,0.000000,0.000000,-0.437039,0.000000,0.000000,0.000000,623.482422,623.482422,623.482422,623.482422
2,takeoff,427807111,54,0.540000,0.010000,382957000,773,23437,1,0,taking_off,0.000000,0.000000,-0.123536,0.000000,0.000000,-0.442634,0.000000,0.000000,0.000000,623.482422,623.482422,623.482422,623.482422
2,takeoff,427807111,55,0.550000,0.010000,382981000,772,23173,1,0,taking_off,0.000000,0.000000,-0.127988,0.000000,0.000000,-0.447781,0.000000,0.000000,0.000000,622.134888,622.134888,622.134888,622.134888
2,takeoff,427807111,56,0.560000,0.010000,383004000,772,23320,1,0,taking_off,0.000000,0.000000,-0.132492,0.000000,0.000000,-0.452928,0.000000,0.000000,0.000000,622.134888,622.134888,622.134888,622.134888
2,takeoff,427807111,57,0.570000,0.010000,383027000,772,23399,1,0,taking_off,0.000000,0.000000,-0.137047,0.000000,0.000000,-0.458075,0.000000,0.000000,0.000000,622.134888,622.134888,622.134888,622.134888
2,takeoff,427807111,58,0.580000,0.010000,383051000,772,23632,1,0,taking_off,0.000000,0.000000,-0.141653,0.000000,0.000000,-0.463223,0.000000,0.000000,0.000000,622.134888,622.134888,622.134888,622.134888
2,takeoff,427807111,59,0.590000,0.010000,383075000,767,23190,1,0,taking_off,0.000000,0.000000,-0.146309,0.000000,0.000000,-0.467958,0.000000,0.000000,0.000000,620.892639,620.892639,620.892639,620.892639
2,takeoff,427807111,60,0.600000,0.010000,383098000,767,23150,1,0,taking_off,0.000000,0.000000,-0.151012,0.000000,0.000000,-0.472694,0.000000,0.000000,0.000000,620.892639,620.892639,620.892639,620.892639
2,takeoff,427807111,61,0.610000,0.010000,383121000,767,23292,1,0,taking_off,0.000000,0.000000,-0.155763,0.000000,0.000000,-0.477429,0.000000,0.000000,0.000000,620.892639,620.892639,620.892639,620.892639
2,takeoff,427807111,62,0.620000,0.010000,383145000,767,23342,1,0,taking_off,0.000000,0.000000,-0.160561,0.000000,0.000000,-0.482165,0.000000,0.000000,0.000000,620.892639,620.892639,620.892639,620.892639
2,takeoff,427807111,63,0.630000,0.010000,383168000,773,23431,1,0,taking_off,0.000000,0.000000,-0.165404,0.000000,0.000000,-0.486522,0.000000,0.000000,0.000000,619.747498,619.747498,619.747498,619.747498
2,takeoff,427807111,64,0.640000,0.010000,383192000,773,23392,1,0,taking_off,0.000000,0.000000,-0.170291,0.000000,0.000000,-0.490878,0.000000,0.000000,0.000000,619.747498,619.747498,619.747498,619.747498
2,takeoff,427807111,65,0.650000,0.010000,383215000,773,23415,1,0,taking_off,0.000000,0.000000,-0.175222,0.000000,0.000000,-0.495235,0.000000,0.000000,0.000000,619.747498,619.747498,619.747498,619.747498
2,takeoff,427807111,66,0.660000,0.010000,383239000,773,23408,1,0,taking_off,0.000000,0.000000,-0.180196,0.000000,0.000000,-0.499592,0.000000,0.000000,0.000000,619.747498,619.747498,619.747498,619.747498
2,takeoff,427807111,67,0.670000,0.010000,383262000,769,23190,1,0,taking_off,0.000000,0.000000,-0.185212,0.000000,0.000000,-0.503600,0.000000,0.000000,0.000000,618.692139,618.692139,618.692139,618.692139
2,takeoff,427807111,68,0.680000,0.010000,383285000,769,23317,1,0,taking_off,0.000000,0.000000,-0.190268,0.000000,0.000000,-0.507608,0.000000,0.000000,0.000000,618.692139,618.692139,618.692139,618.692139
2,takeoff,427807111,69,0.690000,0.010000,383309000,769,23340,1,0,taking_off,0.000000,0.000000,-0.195364,0.000000,0.000000,-0.511616,0.000000,0.000000,0.000000,618.692139,618.692139,618.692139,618.692139
2,takeoff,427807111,70,0.700000,0.010000,383332000,769,23321,1,0,taking_off,0.000000,0.000000,-0.200500,0.000000,0.000000,-0.515624,0.000000,0.000000,0.000000,618.692139,618.692139,618.692139,618.692139
2,takeoff,427807111,71,0.710000,0.010000,383355000,769,23070,1,0,taking_off,0.000000,0.000000,-0.205675,0.000000,0.000000,-0.519312,0.000000,0.000000,0.000000,617.719666,617.719666,617.719666,617.719666
2,takeoff,427807111,72,0.720000,0.010000,383378000,769,23106,1,0,taking_off,0.000000,0.000000,-0.210886,0.000000,0.000000,-0.522999,0.000000,0.000000,0.000000,617.719666,617.719666,617.719666,617.719666
2,takeoff,427807111,73,0.730000,0.010000,383402000,769,23291,1,0,taking_off,0.000000,0.000000,-0.216135,0.000000,0.000000,-0.526687,0.000000,0.000000,0.000000,617.719666,617.719666,617.719666,617.719666
2,takeoff,427807111,74,0.740000,0.010000,383425000,769,23317,1,0,taking_off,0.000000,0.000000,-0.221420,0.000000,0.000000,-0.530374,0.000000,0.000000,0.000000,617.719666,617.719666,617.719666,617.719666
2,takeoff,427807111,75,0.750000,0.010000,383449000,770,23379,1,0,taking_off,0.000000,0.000000,-0.226741,0.000000,0.000000,-0.533767,0.000000,0.000000,0.000000,616.823547,616.823547,616.823547,616.823547
2,takeoff,427807111,76,0.760000,0.010000,383472000,770,23216,1,0,taking_off,0.000000,0.000000,-0.232096,0.000000,0.000000,-0.537159,0.000000,0.000000,0.000000,616.823547,616.823547,616.823547,616.823547
2,takeoff,427807111,77,0.770000,0.010000,383495000,770,23639,1,0,taking_off,0.000000,0.000000,-0.237484,0.000000,0.000000,-0.540552,0.000000,0.000000,0.000000,616.823547,616.823547,616.823547,616.823547
2,takeoff,427807111,78,0.780000,0.010000,383519000,770,23349,1,0,taking_off,0.000000,0.000000,-0.242907,0.000000,0.000000,-0.543944,0.000000,0.000000,0.000000,616.823547,616.823547,616.823547,616.823547
2,takeoff,427807111,79,0.790000,0.010000,383542000,771,23266,1,0,taking_off,0.000000,0.000000,-0.248362,0.000000,0.000000,-0.547066,0.000000,0.000000,0.000000,615.997986,615.997986,615.997986,615.997986
2,takeoff,427807111,80,0.800000,0.010000,383566000,771,23216,1,0,taking_off,0.000000,0.000000,-0.253848,0.000000,0.000000,-0.550187,0.000000,0.000000,0.000000,615.997986,615.997986,615.997986,615.997986
2,takeoff,427807111,81,0.810000,0.010000,383589000,771,23231,1,0,taking_off,0.000000,0.000000,-0.259365,0.000000,0.000000,-0.553308,0.000000,0.000000,0.000000,615.997986,615.997986,615.997986,615.997986
2,takeoff,427807111,82,0.820000,0.010000,383612000,771,23388,1,0,taking_off,0.000000,0.000000,-0.264914,0.000000,0.000000,-0.556429,0.000000,0.000000,0.000000,615.997986,615.997986,615.997986,615.997986
2,takeoff,427807111,83,0.830000,0.010000,383636000,773,23297,1,0,taking_off,0.000000,0.000000,-0.270493,0.000000,0.000000,-0.559300,0.000000,0.000000,0.000000,615.237549,615.237549,615.237549,615.237549
2,takeoff,427807111,84,0.840000,0.010000,383659000,773,23323,1,0,taking_off,0.000000,0.000000,-0.276100,0.000000,0.000000,-0.562172,0.000000,0.000000,0.000000,615.237549,615.237549,615.237549,615.237549
2,takeoff,427807111,85,0.850000,0.010000,383683000,773,23168,1,0,taking_off,0.000000,0.000000,-0.281736,0.000000,0.000000,-0.565043,0.000000,0.000000,0.000000,615.237549,615.237549,615.237549,615.237549
2,takeoff,427807111,86,0.860000,0.010000,383706000,773,23276,1,0,taking_off,0.000000,0.000000,-0.287401,0.000000,0.000000,-0.567915,0.000000,0.000000,0.000000,615.237549,615.237549,615.237549,615.237549
2,takeoff,427807111,87,0.870000,0.010000,383729000,769,23349,1,0,taking_off,0.000000,0.000000,-0.293093,0.000000,0.000000,-0.570556,0.000000,0.000000,0.000000,614.537048,614.537048,614.537048,614.537048
2,takeoff,427807111,88,0.880000,0.010000,383753000,769,23270,1,0,taking_off,0.000000,0.000000,-0.298812,0.000000,0.000000,-0.573198,0.000000,0.000000,0.000000,614.537048,614.537048,614.537048,614.537048
2,takeoff,427807111,89,0.890000,0.010000,383776000,769,23347,1,0,taking_off,0.000000,0.000000,-0.304557,0.000000,0.000000,-0.575840,0.000000,0.000000,0.000000,614.537048,614.537048,614.537048,614.537048
2,takeoff,427807111,90,0.900000,0.010000,383800000,769,23142,1,0,taking_off,0.000000,0.000000,-0.310329,0.000000,0.000000,-0.578481,0.000000,0.000000,0.000000,614.537048,614.537048,614.537048,614.537048
2,takeoff,427807111,91,0.910000,0.010000,383823000,770,23126,1,0,taking_off,0.000000,0.000000,-0.316126,0.000000,0.000000,-0.580912,0.000000,0.000000,0.000000,613.891907,613.891907,613.891907,613.891907
2,takeoff,427807111,92,0.920000,0.010000,383846000,770,23273,1,0,taking_off,0.000000,0.000000,-0.321947,0.000000,0.000000,-0.583342,0.000000,0.000000,0.000000,613.891907,613.891907,613.891907,613.891907
2,takeoff,427807111,93,0.930000,0.010000,383870000,770,23511,1,0,taking_off,0.000000,0.000000,-0.327793,0.000000,0.000000,-0.585773,0.000000,0.000000,0.000000,613.891907,613.891907,613.891907,613.891907
2,takeoff,427807111,94,0.940000,0.010000,383893000,770,23334,1,0,taking_off,0.000000,0.000000,-0.333663,0.000000,0.000000,-0.588203,0.000000,0.000000,0.000000,613.891907,613.891907,613.891907,613.891907
2,takeoff,427807111,95,0.950000,0.010000,383916000,772,23139,1,0,taking_off,0.000000,0.000000,-0.339556,0.000000,0.000000,-0.590439,0.000000,0.000000,0.000000,613.297791,613.297791,613.297791,613.297791
2,takeoff,427807111,96,0.960000,0.010000,383940000,772,23113,1,0,taking_off,0.000000,0.000000,-0.345471,0.000000,0.000000,-0.592675,0.000000,0.000000,0.000000,613.297791,613.297791,613.297791,613.297791
2,takeoff,427807111,97,0.970000,0.010000,383963000,772,23305,1,0,taking_off,0.000000,0.000000,-0.351409,0.000000,0.000000,-0.594911,0.000000,0.000000,0.000000,613.297791,613.297791,613.297791,613.297791
2,takeoff,427807111,98,0.980000,0.010000,383986000,772,23550,1,0,taking_off,0.000000,0.000000,-0.357370,0.000000,0.000000,-0.597147,0.000000,0.000000,0.000000,613.297791,613.297791,613.297791,613.297791
2,takeoff,427807111,99,0.990000,0.010000,384010000,773,23299,1,0,taking_off,0.000000,0.000000,-0.363351,0.000000,0.000000,-0.599204,0.000000,0.000000,0.000000,612.750671,612.750671,612.750671,612.750671
2,takeoff,427807111,100,1.000000,0.010000,384033000,773,23332,1,0,taking_off,0.000000,0.000000,-0.369354,0.000000,0.000000,-0.601261,0.000000,0.000000,0.000000,612.750671,612.750671,612.750671,612.750671
2,takeoff,427807111,101,1.010000,0.010000,384057000,773,23416,1,0,taking_off,0.000000,0.000000,-0.375377,0.000000,0.000000,-0.603318,0.000000,0.000000,0.000000,612.750671,612.750671,612.750671,612.750671
2,takeoff,427807111,102,1.020000,0.010000,384080000,773,23431,1,0,taking_off,0.000000,0.000000,-0.381420,0.000000,0.000000,-0.605375,0.000000,0.000000,0.000000,612.750671,612.750671,612.750671,612.750671
2,takeoff,427807111,103,1.030000,0.010000,384104000,769,23343,1,0,taking_off,0.000000,0.000000,-0.387483,0.000000,0.000000,-0.607268,0.000000,0.000000,0.000000,612.246887,612.246887,612.246887,612.246887
2,takeoff,427807111,104,1.040000,0.010000,384127000,769,23321,1,0,taking_off,0.000000,0.000000,-0.393565,0.000000,0.000000,-0.609160,0.000000,0.000000,0.000000,612.246887,612.246887,612.246887,612.246887
2,takeoff,427807111,105,1.050000,0.010000,384150000,769,23151,1,0,taking_off,0.000000,0.000000,-0.399666,0.000000,0.000000,-0.611053,0.000000,0.000000,0.000000,612.246887,612.246887,612.246887,612.246887
2,takeoff,427807111,106,1.060000,0.010000,384174000,769,23236,1,0,taking_off,0.000000,0.000000,-0.405786,0.000000,0.000000,-0.612945,0.000000,0.000000,0.000000,612.246887,612.246887,612.246887,612.246887
2,takeoff,427807111,107,1.070000,0.010000,384197000,766,23485,1,0,taking_off,0.000000,0.000000,-0.411925,0.000000,0.000000,-0.614686,0.000000,0.000000,0.000000,611.783020,611.783020,611.783020,611.783020
2,takeoff,427807111,108,1.080000,0.010000,384221000,766,23386,1,0,taking_off,0.000000,0.000000,-0.418080,0.000000,0.000000,-0.616427,0.000000,0.000000,0.000000,611.783020,611.783020,611.783020,611.783020
2,takeoff,427807111,109,1.090000,0.010000,384244000,766,23213,1,0,taking_off,0.000000,0.000000,-0.424253,0.000000,0.000000,-0.618168,0.000000,0.000000,0.000000,611.783020,611.783020,611.783020,611.783020
2,takeoff,427807111,110,1.100000,0.010000,384267000,766,23364,1,0,taking_off,0.000000,0.000000,-0.430443,0.000000,0.000000,-0.619909,0.000000,0.000000,0.000000,611.783020,611.783020,611.783020,611.783020
2,takeoff,427807111,111,1.110000,0.010000,384291000,770,23198,1,0,taking_off,0.000000,0.000000,-0.436651,0.000000,0.000000,-0.621511,0.000000,0.000000,0.000000,611.356018,611.356018,611.356018,611.356018
2,takeoff,427807111,112,1.120000,0.010000,384314000,770,23431,1,0,taking_off,0.000000,0.000000,-0.442874,0.000000,0.000000,-0.623113,0.000000,0.000000,0.000000,611.356018,611.356018,611.356018,611.356018
2,takeoff,427807111,113,1.130000,0.010000,384338000,770,23276,1,0,taking_off,0.000000,0.000000,-0.449113,0.000000,0.000000,-0.624715,0.000000,0.000000,0.000000,611.356018,611.356018,611.356018,611.356018
2,takeoff,427807111,114,1.140000,0.010000,384361000,770,23449,1,0,taking_off,0.000000,0.000000,-0.455368,0.000000,0.000000,-0.626317,0.000000,0.000000,0.000000,611.356018,611.356018,611.356018,611.356018
2,takeoff,427807111,115,1.150000,0.010000,384384000,769,23128,1,0,taking_off,0.000000,0.000000,-0.461639,0.000000,0.000000,-0.627790,0.000000,0.000000,0.000000,610.962891,610.962891,610.962891,610.962891
2,takeoff,427807111,116,1.160000,0.010000,384408000,769,23142,1,0,taking_off,0.000000,0.000000,-0.467924,0.000000,0.000000,-0.629264,0.000000,0.000000,0.000000,610.962891,610.962891,610.962891,610.962891
2,takeoff,427807111,117,1.170000,0.010000,384431000,769,23310,1,0,taking_off,0.000000,0.000000,-0.474224,0.000000,0.000000,-0.630738,0.000000,0.000000,0.000000,610.962891,610.962891,610.962891,610.962891
2,takeoff,427807111,118,1.180000,0.010000,384454000,769,23410,1,0,taking_off,0.000000,0.000000,-0.480539,0.000000,0.000000,-0.632211,0.000000,0.000000,0.000000,610.962891,610.962891,610.962891,610.962891
2,takeoff,427807111,119,1.190000,0.010000,384478000,772,23249,1,0,taking_off,0.000000,0.000000,-0.486867,0.000000,0.000000,-0.633567,0.000000,0.000000,0.000000,610.600952,610.600952,610.600952,610.600952
2,takeoff,427807111,120,1.200000,0.010000,384501000,772,23353,1,0,taking_off,0.000000,0.000000,-0.493210,0.000000,0.000000,-0.634923,0.000000,0.000000,0.000000,610.600952,610.600952,610.600952,610.600952
2,takeoff,427807111,121,1.210000,0.010000,384525000,772,23471,1,0,taking_off,0.000000,0.000000,-0.499566,0.000000,0.000000,-0.636279,0.000000,0.000000,0.000000,610.600952,610.600952,610.600952,610.600952
2,takeoff,427807111,122,1.220000,0.010000,384548000,772,23276,1,0,taking_off,0.000000,0.000000,-0.505935,0.000000,0.000000,-0.637634,0.000000,0.000000,0.000000,610.600952,610.600952,610.600952,610.600952
2,takeoff,427807111,123,1.230000,0.010000,384572000,774,23316,1,0,taking_off,0.000000,0.000000,-0.512318,0.000000,0.000000,-0.638882,0.000000,0.000000,0.000000,610.267822,610.267822,610.267822,610.267822
2,takeoff,427807111,124,1.240000,0.010000,384595000,774,23484,1,0,taking_off,0.000000,0.000000,-0.518713,0.000000,0.000000,-0.640129,0.000000,0.000000,0.000000,610.267822,610.267822,610.267822,610.267822
2,takeoff,427807111,125,1.250000,0.010000,384619000,774,23607,1,0,taking_off,0.000000,0.000000,-0.525121,0.000000,0.000000,-0.641376,0.000000,0.000000,0.000000,610.267822,610.267822,610.267822,610.267822
2,takeoff,427807111,126,1.260000,0.010000,384642000,774,23332,1,0,taking_off,0.000000,0.000000,-0.531541,0.000000,0.000000,-0.642624,0.000000,0.000000,0.000000,610.267822,610.267822,610.267822,610.267822
2,takeoff,427807111,127,1.270000,0.010000,384666000,773,23318,1,0,taking_off,0.000000,0.000000,-0.537973,0.000000,0.000000,-0.643771,0.000000,0.000000,0.000000,609.961182,609.961182,609.961182,609.961182
2,takeoff,427807111,128,1.280000,0.010000,384689000,773,23395,1,0,taking_off,0.000000,0.000000,-0.544416,0.000000,0.000000,-0.644919,0.000000,0.000000,0.000000,609.961182,609.961182,609.961182,609.961182
2,takeoff,427807111,129,1.290000,0.010000,384713000,773,23317,1,0,taking_off,0.000000,0.000000,-0.550871,0.000000,0.000000,-0.646066,0.000000,0.000000,0.000000,609.961182,609.961182,609.961182,609.961182
2,takeoff,427807111,130,1.300000,0.010000,384736000,773,22960,1,0,taking_off,0.000000,0.000000,-0.557337,0.000000,0.000000,-0.647214,0.000000,0.000000,0.000000,609.961182,609.961182,609.961182,609.961182
2,takeoff,427807111,131,1.310000,0.010000,384759000,767,23457,1,0,taking_off,0.000000,0.000000,-0.563815,0.000000,0.000000,-0.648270,0.000000,0.000000,0.000000,609.678894,609.678894,609.678894,609.678894
2,takeoff,427807111,132,1.320000,0.010000,384783000,767,23344,1,0,taking_off,0.000000,0.000000,-0.570303,0.000000,0.000000,-0.649325,0.000000,0.000000,0.000000,609.678894,609.678894,609.678894,609.678894
2,takeoff,427807111,133,1.330000,0.010000,384806000,767,23329,1,0,taking_off,0.000000,0.000000,-0.576801,0.000000,0.000000,-0.650381,0.000000,0.000000,0.000000,609.678894,609.678894,609.678894,609.678894
2,takeoff,427807111,134,1.340000,0.010000,384829000,767,23259,1,0,taking_off,0.000000,0.000000,-0.583310,0.000000,0.000000,-0.651437,0.000000,0.000000,0.000000,609.678894,609.678894,609.678894,609.678894
2,takeoff,427807111,135,1.350000,0.010000,384853000,771,23523,1,0,taking_off,0.000000,0.000000,-0.589830,0.000000,0.000000,-0.652408,0.000000,0.000000,0.000000,609.419067,609.419067,609.419067,609.419067
2,takeoff,427807111,136,1.360000,0.010000,384877000,771,23298,1,0,taking_off,0.000000,0.000000,-0.596359,0.000000,0.000000,-0.653379,0.000000,0.000000,0.000000,609.419067,609.419067,609.419067,609.419067
2,takeoff,427807111,137,1.370000,0.010000,384900000,771,23479,1,0,taking_off,0.000000,0.000000,-0.602897,0.000000,0.000000,-0.654351,0.000000,0.000000,0.000000,609.419067,609.419067,609.419067,609.419067
2,takeoff,427807111,138,1.380000,0.010000,384923000,771,23030,1,0,taking_off,0.000000,0.000000,-0.609446,0.000000,0.000000,-0.655322,0.000000,0.000000,0.000000,609.419067,609.419067,609.419067,609.419067
2,takeoff,427807111,139,1.390000,0.010000,384946000,769,22872,1,0,taking_off,0.000000,0.000000,-0.616003,0.000000,0.000000,-0.656215,0.000000,0.000000,0.000000,609.179993,609.179993,609.179993,609.179993
2,takeoff,427807111,140,1.400000,0.010000,384970000,769,23150,1,0,taking_off,0.000000,0.000000,-0.622570,0.000000,0.000000,-0.657109,0.000000,0.000000,0.000000,609.179993,609.179993,609.179993,609.179993
2,takeoff,427807111,141,1.410000,0.010000,384993000,769,23064,1,0,taking_off,0.000000,0.000000,-0.629145,0.000000,0.000000,-0.658003,0.000000,0.000000,0.000000,609.179993,609.179993,609.179993,609.179993
2,takeoff,427807111,142,1.420000,0.010000,385016000,769,22938,1,0,taking_off,0.000000,0.000000,-0.635730,0.000000,0.000000,-0.658896,0.000000,0.000000,0.000000,609.179993,609.179993,609.179993,609.179993
2,takeoff,427807111,143,1.430000,0.010000,385039000,768,23087,1,0,taking_off,0.000000,0.000000,-0.642322,0.000000,0.000000,-0.659546,0.000000,0.000000,0.000000,608.431091,608.431091,608.431091,608.431091
2,takeoff,427807111,144,1.440000,0.010000,385062000,768,23006,1,0,taking_off,0.000000,0.000000,-0.648921,0.000000,0.000000,-0.660197,0.000000,0.000000,0.000000,608.431091,608.431091,608.431091,608.431091
2,takeoff,427807111,145,1.450000,0.010000,385085000,768,22819,1,0,taking_off,0.000000,0.000000,-0.655526,0.000000,0.000000,-0.660847,0.000000,0.000000,0.000000,608.431091,608.431091,608.431091,608.431091
2,takeoff,427807111,146,1.460000,0.010000,385108000,768,22754,1,0,taking_off,0.000000,0.000000,-0.662138,0.000000,0.000000,-0.661498,0.000000,0.000000,0.000000,608.431091,608.431091,608.431091,608.431091
2,takeoff,427807111,147,1.470000,0.010000,385131000,765,22969,1,0,taking_off,0.000000,0.000000,-0.668754,0.000000,0.000000,-0.661674,0.000000,0.000000,0.000000,606.966858,606.966858,606.966858,606.966858
2,takeoff,427807111,148,1.480000,0.010000,385154000,765,23089,1,0,taking_off,0.000000,0.000000,-0.675371,0.000000,0.000000,-0.661849,0.000000,0.000000,0.000000,606.966858,606.966858,606.966858,606.966858
2,takeoff,427807111,149,1.490000,0.010000,385177000,765,23398,1,0,taking_off,0.000000,0.000000,-0.681991,0.000000,0.000000,-0.662025,0.000000,0.000000,0.000000,606.966858,606.966858,606.966858,606.966858
2,takeoff,427807111,150,1.500000,0.010000,385200000,765,23111,1,0,taking_off,0.000000,0.000000,-0.688612,0.000000,0.000000,-0.662201,0.000000,0.000000,0.000000,606.966858,606.966858,606.966858,606.966858
2,takeoff,427807111,151,1.510000,0.010000,385223000,770,22859,1,0,taking_off,0.000000,0.000000,-0.695232,0.000000,0.000000,-0.661939,0.000000,0.000000,0.000000,605.613403,605.613403,605.613403,605.613403
2,takeoff,427807111,152,1.520000,0.010000,385246000,770,22949,1,0,taking_off,0.000000,0.000000,-0.701851,0.000000,0.000000,-0.661677,0.000000,0.000000,0.000000,605.613403,605.613403,605.613403,605.613403
2,takeoff,427807111,153,1.530000,0.010000,385269000,770,22994,1,0,taking_off,0.000000,0.000000,-0.708466,0.000000,0.000000,-0.661416,0.000000,0.000000,0.000000,605.613403,605.613403,605.613403,605.613403
2,takeoff,427807111,154,1.540000,0.010000,385293000,770,23016,1,0,taking_off,0.000000,0.000000,-0.715079,0.000000,0.000000,-0.661154,0.000000,0.000000,0.000000,605.613403,605.613403,605.613403,605.613403
2,takeoff,427807111,155,1.550000,0.010000,385316000,767,22983,1,0,taking_off,0.000000,0.000000,-0.721687,0.000000,0.000000,-0.660489,0.000000,0.000000,0.000000,604.365845,604.365845,604.365845,604.365845
2,takeoff,427807111,156,1.560000,0.010000,385339000,767,23214,1,0,taking_off,0.000000,0.000000,-0.728289,0.000000,0.000000,-0.659825,0.000000,0.000000,0.000000,604.365845,604.365845,604.365845,604.365845
2,takeoff,427807111,157,1.570000,0.010000,385362000,767,23228,1,0,taking_off,0.000000,0.000000,-0.734884,0.000000,0.000000,-0.659161,0.000000,0.000000,0.000000,604.365845,604.365845,604.365845,604.365845
2,takeoff,427807111,158,1.580000,0.010000,385385000,767,23019,1,0,taking_off,0.000000,0.000000,-0.741472,0.000000,0.000000,-0.658496,0.000000,0.000000,0.000000,604.365845,604.365845,604.365845,604.365845
2,takeoff,427807111,159,1.590000,0.010000,385408000,771,22958,1,0,taking_off,0.000000,0.000000,-0.748052,0.000000,0.000000,-0.657463,0.000000,0.000000,0.000000,603.219543,603.219543,603.219543,603.219543
2,takeoff,427807111,160,1.600000,0.010000,385431000,771,22946,1,0,taking_off,0.000000,0.000000,-0.754621,0.000000,0.000000,-0.656429,0.000000,0.000000,0.000000,603.219543,603.219543,603.219543,603.219543
2,takeoff,427807111,161,1.610000,0.010000,385454000,771,23012,1,0,taking_off,0.000000,0.000000,-0.761180,0.000000,0.000000,-0.655396,0.000000,0.000000,0.000000,603.219543,603.219543,603.219543,603.219543
2,takeoff,427807111,162,1.620000,0.010000,385477000,771,22878,1,0,taking_off,0.000000,0.000000,-0.767729,0.000000,0.000000,-0.654363,0.000000,0.000000,0.000000,603.219543,603.219543,603.219543,603.219543
2,takeoff,427807111,163,1.630000,0.010000,385500000,766,22808,1,0,taking_off,0.000000,0.000000,-0.774266,0.000000,0.000000,-0.652992,0.000000,0.000000,0.000000,602.169800,602.169800,602.169800,602.169800
2,takeoff,427807111,164,1.640000,0.010000,385523000,766,22806,1,0,taking_off,0.000000,0.000000,-0.780789,0.000000,0.000000,-0.651621,0.000000,0.000000,0.000000,602.169800,602.169800,602.169800,602.169800
2,takeoff,427807111,165,1.650000,0.010000,385546000,766,22722,1,0,taking_off,0.000000,0.000000,-0.787298,0.000000,0.000000,-0.650250,0.000000,0.000000,0.000000,602.169800,602.169800,602.169800,602.169800
2,takeoff,427807111,166,1.660000,0.010000,385569000,766,22945,1,0,taking_off,0.000000,0.000000,-0.793794,0.000000,0.000000,-0.648879,0.000000,0.000000,0.000000,602.169800,602.169800,602.169800,602.169800
2,takeoff,427807111,167,1.670000,0.010000,385592000,769,22716,1,0,taking_off,0.000000,0.000000,-0.800274,0.000000,0.000000,-0.647201,0.000000,0.000000,0.000000,601.211975,601.211975,601.211975,601.211975
2,takeoff,427807111,168,1.680000,0.010000,385615000,769,22890,1,0,taking_off,0.000000,0.000000,-0.806738,0.000000,0.000000,-0.645522,0.000000,0.000000,0.000000,601.211975,601.211975,601.211975,601.211975
2,takeoff,427807111,169,1.690000,0.010000,385638000,769,23044,1,0,taking_off,0.000000,0.000000,-0.813185,0.000000,0.000000,-0.643844,0.000000,0.000000,0.000000,601.211975,601.211975,601.211975,601.211975
2,takeoff,427807111,170,1.700000,0.010000,385661000,769,22866,1,0,taking_off,0.000000,0.000000,-0.819615,0.000000,0.000000,-0.642166,0.000000,0.000000,0.000000,601.211975,601.211975,601.211975,601.211975
2,takeoff,427807111,171,1.710000,0.010000,385684000,772,23202,1,0,taking_off,0.000000,0.000000,-0.826027,0.000000,0.000000,-0.640209,0.000000,0.000000,0.000000,600.341614,600.341614,600.341614,600.341614
2,takeoff,427807111,172,1.720000,0.010000,385707000,772,23148,1,0,taking_off,0.000000,0.000000,-0.832419,0.000000,0.000000,-0.638251,0.000000,0.000000,0.000000,600.341614,600.341614,600.341614,600.341614
2,takeoff,427807111,173,1.730000,0.010000,385730000,772,22920,1,0,taking_off,0.000000,0.000000,-0.838792,0.000000,0.000000,-0.636294,0.000000,0.000000,0.000000,600.341614,600.341614,600.341614,600.341614
2,takeoff,427807111,174,1.740000,0.010000,385753000,772,22967,1,0,taking_off,0.000000,0.000000,-0.845145,0.000000,0.000000,-0.634337,0.000000,0.000000,0.000000,600.341614,600.341614,600.341614,600.341614
2,takeoff,427807111,175,1.750000,0.010000,385777000,769,23077,1,0,taking_off,0.000000,0.000000,-0.851477,0.000000,0.000000,-0.632128,0.000000,0.000000,0.000000,599.554321,599.554321,599.554321,599.554321
2,takeoff,427807111,176,1.760000,0.010000,385800000,769,23185,1,0,taking_off,0.000000,0.000000,-0.857787,0.000000,0.000000,-0.629919,0.000000,0.000000,0.000000,599.554321,599.554321,599.554321,599.554321
2,takeoff,427807111,177,1.770000,0.010000,385823000,769,23070,1,0,taking_off,0.000000,0.000000,-0.864076,0.000000,0.000000,-0.627710,0.000000,0.000000,0.000000,599.554321,599.554321,599.554321,599.554321
2,takeoff,427807111,178,1.780000,0.010000,385846000,769,23100,1,0,taking_off,0.000000,0.000000,-0.870342,0.000000,0.000000,-0.625501,0.000000,0.000000,0.000000,599.554321,599.554321,599.554321,599.554321
2,takeoff,427807111,179,1.790000,0.010000,385869000,779,23033,1,0,taking_off,0.000000,0.000000,-0.876584,0.000000,0.000000,-0.623065,0.000000,0.000000,0.000000,598.845825,598.845825,598.845825,598.845825
2,takeoff,427807111,180,1.800000,0.010000,385892000,779,22947,1,0,taking_off,0.000000,0.000000,-0.882803,0.000000,0.000000,-0.620630,0.000000,0.000000,0.000000,598.845825,598.845825,598.845825,598.845825
2,takeoff,427807111,181,1.810000,0.010000,385915000,779,23061,1,0,taking_off,0.000000,0.000000,-0.888997,0.000000,0.000000,-0.618194,0.000000,0.000000,0.000000,598.845825,598.845825,598.845825,598.845825
2,takeoff,427807111,182,1.820000,0.010000,385938000,779,22859,1,0,taking_off,0.000000,0.000000,-0.895167,0.000000,0.000000,-0.615759,0.000000,0.000000,0.000000,598.845825,598.845825,598.845825,598.845825
2,takeoff,427807111,183,1.830000,0.010000,385961000,769,22950,1,0,taking_off,0.000000,0.000000,-0.901311,0.000000,0.000000,-0.613121,0.000000,0.000000,0.000000,598.211853,598.211853,598.211853,598.211853
2,takeoff,427807111,184,1.840000,0.010000,385984000,769,23174,1,0,taking_off,0.000000,0.000000,-0.907429,0.000000,0.000000,-0.610483,0.000000,0.000000,0.000000,598.211853,598.211853,598.211853,598.211853
2,takeoff,427807111,185,1.850000,0.010000,386008000,769,23015,1,0,taking_off,0.000000,0.000000,-0.913521,0.000000,0.000000,-0.607845,0.000000,0.000000,0.000000,598.211853,598.211853,598.211853,598.211853
2,takeoff,427807111,186,1.860000,0.010000,386031000,769,22937,1,0,taking_off,0.000000,0.000000,-0.919586,0.000000,0.000000,-0.605208,0.000000,0.000000,0.000000,598.211853,598.211853,598.211853,598.211853
2,takeoff,427807111,187,1.870000,0.010000,386054000,772,23055,1,0,taking_off,0.000000,0.000000,-0.925624,0.000000,0.000000,-0.602390,0.000000,0.000000,0.000000,597.648438,597.648438,597.648438,597.648438
2,takeoff,427807111,188,1.880000,0.010000,386077000,772,22953,1,0,taking_off,0.000000,0.000000,-0.931634,0.000000,0.000000,-0.599573,0.000000,0.000000,0.000000,597.648438,597.648438,597.648438,597.648438
2,takeoff,427807111,189,1.890000,0.010000,386100000,772,22913,1,0,taking_off,0.000000,0.000000,-0.937616,0.000000,0.000000,-0.596755,0.000000,0.000000,0.000000,597.648438,597.648438,597.648438,597.648438
2,takeoff,427807111,190,1.900000,0.010000,386123000,772,22990,1,0,taking_off,0.000000,0.000000,-0.943569,0.000000,0.000000,-0.593937,0.000000,0.000000,0.000000,597.648438,597.648438,597.648438,597.648438
2,takeoff,427807111,191,1.910000,0.010000,386146000,765,23136,1,0,taking_off,0.000000,0.000000,-0.949494,0.000000,0.000000,-0.590962,0.000000,0.000000,0.000000,597.151489,597.151489,597.151489,597.151489
2,takeoff,427807111,192,1.920000,0.010000,386169000,765,23100,1,0,taking_off,0.000000,0.000000,-0.955388,0.000000,0.000000,-0.587986,0.000000,0.000000,0.000000,597.151489,597.151489,597.151489,597.151489
2,takeoff,427807111,193,1.930000,0.010000,386192000,765,22929,1,0,taking_off,0.000000,0.000000,-0.961253,0.000000,0.000000,-0.585010,0.000000,0.000000,0.000000,597.151489,597.151489,597.151489,597.151489
2,takeoff,427807111,194,1.940000,0.010000,386215000,765,22862,1,0,taking_off,0.000000,0.000000,-0.967088,0.000000,0.000000,-0.582034,0.000000,0.000000,0.000000,597.151489,597.151489,597.151489,597.151489
2,takeoff,427807111,195,1.950000,0.010000,386239000,770,23169,1,0,taking_off,0.000000,0.000000,-0.972893,0.000000,0.000000,-0.578920,0.000000,0.000000,0.000000,596.717285,596.717285,596.717285,596.717285
2,takeoff,427807111,196,1.960000,0.010000,386262000,770,22939,1,0,taking_off,0.000000,0.000000,-0.978667,0.000000,0.000000,-0.575806,0.000000,0.000000,0.000000,596.717285,596.717285,596.717285,596.717285
2,takeoff,427807111,197,1.970000,0.010000,386285000,770,22795,1,0,taking_off,0.000000,0.000000,-0.984409,0.000000,0.000000,-0.572692,0.000000,0.000000,0.000000,596.717285,596.717285,596.717285,596.717285
2,takeoff,427807111,198,1.980000,0.010000,386307000,770,22780,1,0,taking_off,0.000000,0.000000,-0.990121,0.000000,0.000000,-0.569578,0.000000,0.000000,0.000000,596.717285,596.717285,596.717285,596.717285
2,takeoff,427807111,199,1.990000,0.010000,386330000,775,22760,1,0,taking_off,0.000000,0.000000,-0.995800,0.000000,0.000000,-0.566344,0.000000,0.000000,0.000000,596.342041,596.342041,596.342041,596.342041
2,takeoff,427807111,200,2.000000,0.010000,386353000,775,22882,1,0,taking_off,0.000000,0.000000,-1.001448,0.000000,0.000000,-0.563111,0.000000,0.000000,0.000000,596.342041,596.342041,596.342041,596.342041
2,takeoff,427807111,201,2.010000,0.010000,386376000,775,22969,1,0,taking_off,0.000000,0.000000,-1.007063,0.000000,0.000000,-0.559877,0.000000,0.000000,0.000000,596.342041,596.342041,596.342041,596.342041
2,takeoff,427807111,202,2.020000,0.010000,386399000,775,23172,1,0,taking_off,0.000000,0.000000,-1.012645,0.000000,0.000000,-0.556644,0.000000,0.000000,0.000000,596.342041,596.342041,596.342041,596.342041
2,takeoff,427807111,203,2.030000,0.010000,386422000,769,23014,1,0,taking_off,0.000000,0.000000,-1.018195,0.000000,0.000000,-0.553309,0.000000,0.000000,0.000000,596.022156,596.022156,596.022156,596.022156
2,takeoff,427807111,204,2.040000,0.010000,386445000,769,22880,1,0,taking_off,0.000000,0.000000,-1.023711,0.000000,0.000000,-0.549973,0.000000,0.000000,0.000000,596.022156,596.022156,596.022156,596.022156
2,takeoff,427807111,205,2.050000,0.010000,386468000,769,22967,1,0,taking_off,0.000000,0.000000,-1.029194,0.000000,0.000000,-0.546638,0.000000,0.000000,0.000000,596.022156,596.022156,596.022156,596.022156
2,takeoff,427807111,206,2.060000,0.010000,386491000,769,23093,1,0,taking_off,0.000000,0.000000,-1.034644,0.000000,0.000000,-0.543303,0.000000,0.000000,0.000000,596.022156,596.022156,596.022156,596.022156
2,takeoff,427807111,207,2.070000,0.010000,386515000,768,22976,1,0,taking_off,0.000000,0.000000,-1.040060,0.000000,0.000000,-0.539883,0.000000,0.000000,0.000000,595.754150,595.754150,595.754150,595.754150
2,takeoff,427807111,208,2.080000,0.010000,386538000,768,22955,1,0,taking_off,0.000000,0.000000,-1.045442,0.000000,0.000000,-0.536462,0.000000,0.000000,0.000000,595.754150,595.754150,595.754150,595.754150
2,takeoff,427807111,209,2.090000,0.010000,386561000,768,22929,1,0,taking_off,0.000000,0.000000,-1.050789,0.000000,0.000000,-0.533042,0.000000,0.000000,0.000000,595.754150,595.754150,595.754150,595.754150
2,takeoff,427807111,210,2.100000,0.010000,386584000,768,22787,1,0,taking_off,0.000000,0.000000,-1.056103,0.000000,0.000000,-0.529622,0.000000,0.000000,0.000000,595.754150,595.754150,595.754150,595.754150
2,takeoff,427807111,211,2.110000,0.010000,386606000,764,22823,1,0,taking_off,0.000000,0.000000,-1.061381,0.000000,0.000000,-0.526131,0.000000,0.000000,0.000000,595.534729,595.534729,595.534729,595.534729
2,takeoff,427807111,212,2.120000,0.010000,386629000,764,22831,1,0,taking_off,0.000000,0.000000,-1.066625,0.000000,0.000000,-0.522641,0.000000,0.000000,0.000000,595.534729,595.534729,595.534729,595.534729
2,takeoff,427807111,213,2.130000,0.010000,386652000,764,22985,1,0,taking_off,0.000000,0.000000,-1.071834,0.000000,0.000000,-0.519151,0.000000,0.000000,0.000000,595.534729,595.534729,595.534729,595.534729
2,takeoff,427807111,214,2.140000,0.010000,386675000,764,22961,1,0,taking_off,0.000000,0.000000,-1.077008,0.000000,0.000000,-0.515661,0.000000,0.000000,0.000000,595.534729,595.534729,595.534729,595.534729
2,takeoff,427807111,215,2.150000,0.010000,386699000,765,23037,1,0,taking_off,0.000000,0.000000,-1.082147,0.000000,0.000000,-0.512116,0.000000,0.000000,0.000000,595.360657,595.360657,595.360657,595.360657
2,takeoff,427807111,216,2.160000,0.010000,386721000,765,22788,1,0,taking_off,0.000000,0.000000,-1.087251,0.000000,0.000000,-0.508571,0.000000,0.000000,0.000000,595.360657,595.360657,595.360657,595.360657
2,takeoff,427807111,217,2.170000,0.010000,386744000,765,22989,1,0,taking_off,0.000000,0.000000,-1.092318,0.000000,0.000000,-0.505025,0.000000,0.000000,0.000000,595.360657,595.360657,595.360657,595.360657
2,takeoff,427807111,218,2.180000,0.010000,386768000,765,23091,1,0,taking_off,0.000000,0.000000,-1.097351,0.000000,0.000000,-0.501480,0.000000,0.000000,0.000000,595.360657,595.360657,595.360657,595.360657
2,takeoff,427807111,219,2.190000,0.010000,386791000,771,23095,1,0,taking_off,0.000000,0.000000,-1.102348,0.000000,0.000000,-0.497893,0.000000,0.000000,0.000000,595.228821,595.228821,595.228821,595.228821
2,takeoff,427807111,220,2.200000,0.010000,386814000,771,23109,1,0,taking_off,0.000000,0.000000,-1.107309,0.000000,0.000000,-0.494305,0.000000,0.000000,0.000000,595.228821,595.228821,595.228821,595.228821
2,takeoff,427807111,221,2.210000,0.010000,386837000,771,23047,1,0,taking_off,0.000000,0.000000,-1.112234,0.000000,0.000000,-0.490718,0.000000,0.000000,0.000000,595.228821,595.228821,595.228821,595.228821
2,takeoff,427807111,222,2.220000,0.010000,386860000,771,23221,1,0,taking_off,0.000000,0.000000,-1.117123,0.000000,0.000000,-0.487131,0.000000,0.000000,0.000000,595.228821,595.228821,595.228821,595.228821
2,takeoff,427807111,223,2.230000,0.010000,386883000,768,23083,1,0,taking_off,0.000000,0.000000,-1.121976,0.000000,0.000000,-0.483514,0.000000,0.000000,0.000000,595.136230,595.136230,595.136230,595.136230
2,takeoff,427807111,224,2.240000,0.010000,386907000,768,23084,1,0,taking_off,0.000000,0.000000,-1.126794,0.000000,0.000000,-0.479898,0.000000,0.000000,0.000000,595.136230,595.136230,595.136230,595.136230
2,takeoff,427807111,225,2.250000,0.010000,386930000,768,22949,1,0,taking_off,0.000000,0.000000,-1.131574,0.000000,0.000000,-0.476281,0.000000,0.000000,0.000000,595.136230,595.136230,595.136230,595.136230
2,takeoff,427807111,226,2.260000,0.010000,386953000,768,23155,1,0,taking_off,0.000000,0.000000,-1.136319,0.000000,0.000000,-0.472665,0.000000,0.000000,0.000000,595.136230,595.136230,595.136230,595.136230
2,takeoff,427807111,227,2.270000,0.010000,386976000,766,22880,1,0,taking_off,0.000000,0.000000,-1.141028,0.000000,0.000000,-0.469030,0.000000,0.000000,0.000000,595.080139,595.080139,595.080139,595.080139
2,takeoff,427807111,228,2.280000,0.010000,386999000,766,22966,1,0,taking_off,0.000000,0.000000,-1.145700,0.000000,0.000000,-0.465396,0.000000,0.000000,0.000000,595.080139,595.080139,595.080139,595.080139
2,takeoff,427807111,229,2.290000,0.010000,387022000,766,22963,1,0,taking_off,0.000000,0.000000,-1.150336,0.000000,0.000000,-0.461761,0.000000,0.000000,0.000000,595.080139,595.080139,595.080139,595.080139
2,takeoff,427807111,230,2.300000,0.010000,387045000,766,23069,1,0,taking_off,0.000000,0.000000,-1.154935,0.000000,0.000000,-0.458127,0.000000,0.000000,0.000000,595.080139,595.080139,595.080139,595.080139
2,takeoff,427807111,231,2.310000,0.010000,387068000,771,22863,1,0,taking_off,0.000000,0.000000,-1.159498,0.000000,0.000000,-0.454486,0.000000,0.000000,0.000000,595.057800,595.057800,595.057800,595.057800
2,takeoff,427807111,232,2.320000,0.010000,387091000,771,23010,1,0,taking_off,0.000000,0.000000,-1.164025,0.000000,0.000000,-0.450844,0.000000,0.000000,0.000000,595.057800,595.057800,595.057800,595.057800
2,takeoff,427807111,233,2.330000,0.010000,387114000,771,23125,1,0,taking_off,0.000000,0.000000,-1.168515,0.000000,0.000000,-0.447203,0.000000,0.000000,0.000000,595.057800,595.057800,595.057800,595.057800
2,takeoff,427807111,234,2.340000,0.010000,387137000,771,22926,1,0,taking_off,0.000000,0.000000,-1.172969,0.000000,0.000000,-0.443561,0.000000,0.000000,0.000000,595.057800,595.057800,595.057800,595.057800
2,takeoff,427807111,235,2.350000,0.010000,387160000,772,22799,1,0,taking_off,0.000000,0.000000,-1.177386,0.000000,0.000000,-0.439922,0.000000,0.000000,0.000000,595.066528,595.066528,595.066528,595.066528
2,takeoff,427807111,236,2.360000,0.010000,387183000,772,23128,1,0,taking_off,0.000000,0.000000,-1.181767,0.000000,0.000000,-0.436284,0.000000,0.000000,0.000000,595.066528,595.066528,595.066528,595.066528
2,takeoff,427807111,237,2.370000,0.010000,387206000,772,23041,1,0,taking_off,0.000000,0.000000,-1.186112,0.000000,0.000000,-0.432645,0.000000,0.000000,0.000000,595.066528,595.066528,595.066528,595.066528
2,takeoff,427807111,238,2.380000,0.010000,387230000,772,23089,1,0,taking_off,0.000000,0.000000,-1.190420,0.000000,0.000000,-0.429006,0.000000,0.000000,0.000000,595.066528,595.066528,595.066528,595.066528
2,takeoff,427807111,239,2.390000,0.010000,387253000,770,23025,1,0,taking_off,0.000000,0.000000,-1.194692,0.000000,0.000000,-0.425379,0.000000,0.000000,0.000000,595.103943,595.103943,595.103943,595.103943
2,takeoff,427807111,240,2.400000,0.010000,387276000,770,23038,1,0,taking_off,0.000000,0.000000,-1.198928,0.000000,0.000000,-0.421752,0.000000,0.000000,0.000000,595.103943,595.103943,595.103943,595.103943
2,takeoff,427807111,241,2.410000,0.010000,387299000,770,22960,1,0,taking_off,0.000000,0.000000,-1.203127,0.000000,0.000000,-0.418126,0.000000,0.000000,0.000000,595.103943,595.103943,595.103943,595.103943
2,takeoff,427807111,242,2.420000,0.010000,387322000,770,23045,1,0,taking_off,0.000000,0.000000,-1.207290,0.000000,0.000000,-0.414499,0.000000,0.000000,0.000000,595.103943,595.103943,595.103943,595.103943
2,takeoff,427807111,243,2.430000,0.010000,387345000,772,22972,1,0,taking_off,0.000000,0.000000,-1.211417,0.000000,0.000000,-0.410892,0.000000,0.000000,0.000000,595.167664,595.167664,595.167664,595.167664
2,takeoff,427807111,244,2.440000,0.010000,387368000,772,23161,1,0,taking_off,0.000000,0.000000,-1.215508,0.000000,0.000000,-0.407286,0.000000,0.000000,0.000000,595.167664,595.167664,595.167664,595.167664
2,takeoff,427807111,245,2.450000,0.010000,387391000,772,23012,1,0,taking_off,0.000000,0.000000,-1.219563,0.000000,0.000000,-0.403679,0.000000,0.000000,0.000000,595.167664,595.167664,595.167664,595.167664
2,takeoff,427807111,246,2.460000,0.010000,387414000,772,23003,1,0,taking_off,0.000000,0.000000,-1.223582,0.000000,0.000000,-0.400072,0.000000,0.000000,0.000000,595.167664,595.167664,595.167664,595.167664
2,takeoff,427807111,247,2.470000,0.010000,387438000,776,23251,1,0,taking_off,0.000000,0.000000,-1.227564,0.000000,0.000000,-0.396494,0.000000,0.000000,0.000000,595.255432,595.255432,595.255432,595.255432
2,takeoff,427807111,248,2.480000,0.010000,387461000,776,23007,1,0,taking_off,0.000000,0.000000,-1.231511,0.000000,0.000000,-0.392915,0.000000,0.000000,0.000000,595.255432,595.255432,595.255432,595.255432
2,takeoff,427807111,249,2.490000,0.010000,387484000,776,23074,1,0,taking_off,0.000000,0.000000,-1.235423,0.000000,0.000000,-0.389336,0.000000,0.000000,0.000000,595.255432,595.255432,595.255432,595.255432
2,takeoff,427807111,250,2.500000,0.010000,387507000,776,23048,1,0,taking_off,0.000000,0.000000,-1.239298,0.000000,0.000000,-0.385757,0.000000,0.000000,0.000000,595.255432,595.255432,595.255432,595.255432
2,takeoff,427807111,251,2.510000,0.010000,387530000,777,23073,1,0,taking_off,0.000000,0.000000,-1.243138,0.000000,0.000000,-0.382213,0.000000,0.000000,0.000000,595.365173,595.365173,595.365173,595.365173
2,takeoff,427807111,252,2.520000,0.010000,387553000,777,23046,1,0,taking_off,0.000000,0.000000,-1.246942,0.000000,0.000000,-0.378669,0.000000,0.000000,0.000000,595.365173,595.365173,595.365173,595.365173
2,takeoff,427807111,253,2.530000,0.010000,387577000,777,22878,1,0,taking_off,0.000000,0.000000,-1.250711,0.000000,0.000000,-0.375126,0.000000,0.000000,0.000000,595.365173,595.365173,595.365173,595.365173
2,takeoff,427807111,254,2.540000,0.010000,387599000,777,22899,1,0,taking_off,0.000000,0.000000,-1.254445,0.000000,0.000000,-0.371582,0.000000,0.000000,0.000000,595.365173,595.365173,595.365173,595.365173
2,takeoff,427807111,255,2.550000,0.010000,387622000,775,23023,1,0,taking_off,0.000000,0.000000,-1.258143,0.000000,0.000000,-0.368079,0.000000,0.000000,0.000000,595.494812,595.494812,595.494812,595.494812
2,takeoff,427807111,256,2.560000,0.010000,387646000,775,22996,1,0,taking_off,0.000000,0.000000,-1.261807,0.000000,0.000000,-0.364576,0.000000,0.000000,0.000000,595.494812,595.494812,595.494812,595.494812
2,takeoff,427807111,257,2.570000,0.010000,387669000,775,22915,1,0,taking_off,0.000000,0.000000,-1.265435,0.000000,0.000000,-0.361073,0.000000,0.000000,0.000000,595.494812,595.494812,595.494812,595.494812
2,takeoff,427807111,258,2.580000,0.010000,387692000,775,22916,1,0,taking_off,0.000000,0.000000,-1.269028,0.000000,0.000000,-0.357571,0.000000,0.000000,0.000000,595.494812,595.494812,595.494812,595.494812
2,takeoff,427807111,259,2.590000,0.010000,387715000,775,22972,1,0,taking_off,0.000000,0.000000,-1.272586,0.000000,0.000000,-0.354115,0.000000,0.000000,0.000000,595.642456,595.642456,595.642456,595.642456
2,takeoff,427807111,260,2.600000,0.010000,387738000,775,22958,1,0,taking_off,0.000000,0.000000,-1.276110,0.000000,0.000000,-0.350659,0.000000,0.000000,0.000000,595.642456,595.642456,595.642456,595.642456
2,takeoff,427807111,261,2.610000,0.010000,387761000,775,23035,1,0,taking_off,0.000000,0.000000,-1.279600,0.000000,0.000000,-0.347203,0.000000,0.000000,0.000000,595.642456,595.642456,595.642456,595.642456
2,takeoff,427807111,262,2.620000,0.010000,387784000,775,22987,1,0,taking_off,0.000000,0.000000,-1.283054,0.000000,0.000000,-0.343747,0.000000,0.000000,0.000000,595.642456,595.642456,595.642456,595.642456
2,takeoff,427807111,263,2.630000,0.010000,387807000,772,22962,1,0,taking_off,0.000000,0.000000,-1.286475,0.000000,0.000000,-0.340343,0.000000,0.000000,0.000000,595.806274,595.806274,595.806274,595.806274
2,takeoff,427807111,264,2.640000,0.010000,387830000,772,23088,1,0,taking_off,0.000000,0.000000,-1.289861,0.000000,0.000000,-0.336940,0.000000,0.000000,0.000000,595.806274,595.806274,595.806274,595.806274
2,takeoff,427807111,265,2.650000,0.010000,387853000,772,23146,1,0,taking_off,0.000000,0.000000,-1.293214,0.000000,0.000000,-0.333536,0.000000,0.000000,0.000000,595.806274,595.806274,595.806274,595.806274
2,takeoff,427807111,266,2.660000,0.010000,387876000,772,22895,1,0,taking_off,0.000000,0.000000,-1.296532,0.000000,0.000000,-0.330132,0.000000,0.000000,0.000000,595.806274,595.806274,595.806274,595.806274
2,takeoff,427807111,267,2.670000,0.010000,387899000,769,22867,1,0,taking_off,0.000000,0.000000,-1.299817,0.000000,0.000000,-0.326785,0.000000,0.000000,0.000000,595.984497,595.984497,595.984497,595.984497
2,takeoff,427807111,268,2.680000,0.010000,387922000,769,22915,1,0,taking_off,0.000000,0.000000,-1.303068,0.000000,0.000000,-0.323438,0.000000,0.000000,0.000000,595.984497,595.984497,595.984497,595.984497
2,takeoff,427807111,269,2.690000,0.010000,387945000,769,23040,1,0,taking_off,0.000000,0.000000,-1.306285,0.000000,0.000000,-0.320091,0.000000,0.000000,0.000000,595.984497,595.984497,595.984497,595.984497
2,takeoff,427807111,270,2.700000,0.010000,387969000,769,22964,1,0,taking_off,0.000000,0.000000,-1.309469,0.000000,0.000000,-0.316743,0.000000,0.000000,0.000000,595.984497,595.984497,595.984497,595.984497
2,takeoff,427807111,271,2.710000,0.010000,387991000,772,22802,1,0,taking_off,0.000000,0.000000,-1.312620,0.000000,0.000000,-0.313457,0.000000,0.000000,0.000000,596.175659,596.175659,596.175659,596.175659
2,takeoff,427807111,272,2.720000,0.010000,388014000,772,22813,1,0,taking_off,0.000000,0.000000,-1.315739,0.000000,0.000000,-0.310171,0.000000,0.000000,0.000000,596.175659,596.175659,596.175659,596.175659
2,takeoff,427807111,273,2.730000,0.010000,388037000,772,22741,1,0,taking_off,0.000000,0.000000,-1.318824,0.000000,0.000000,-0.306884,0.000000,0.000000,0.000000,596.175659,596.175659,596.175659,596.175659
2,takeoff,427807111,274,2.740000,0.010000,388060000,772,22850,1,0,taking_off,0.000000,0.000000,-1.321876,0.000000,0.000000,-0.303598,0.000000,0.000000,0.000000,596.175659,596.175659,596.175659,596.175659
2,takeoff,427807111,275,2.750000,0.010000,388083000,768,22990,1,0,taking_off,0.000000,0.000000,-1.324896,0.000000,0.000000,-0.300376,0.000000,0.000000,0.000000,596.378235,596.378235,596.378235,596.378235
2,takeoff,427807111,276,2.760000,0.010000,388106000,768,22897,1,0,taking_off,0.000000,0.000000,-1.327884,0.000000,0.000000,-0.297154,0.000000,0.000000,0.000000,596.378235,596.378235,596.378235,596.378235
2,takeoff,427807111,277,2.770000,0.010000,388129000,768,23026,1,0,taking_off,0.000000,0.000000,-1.330839,0.000000,0.000000,-0.293932,0.000000,0.000000,0.000000,596.378235,596.378235,596.378235,596.378235
2,takeoff,427807111,278,2.780000,0.010000,388152000,768,22988,1,0,taking_off,0.000000,0.000000,-1.333762,0.000000,0.000000,-0.290710,0.000000,0.000000,0.000000,596.378235,596.378235,596.378235,596.378235
2,takeoff,427807111,279,2.790000,0.010000,388175000,767,22972,1,0,taking_off,0.000000,0.000000,-1.336654,0.000000,0.000000,-0.287556,0.000000,0.000000,0.000000,596.590637,596.590637,596.590637,596.590637
2,takeoff,427807111,280,2.800000,0.010000,388198000,767,22780,1,0,taking_off,0.000000,0.000000,-1.339514,0.000000,0.000000,-0.284401,0.000000,0.000000,0.000000,596.590637,596.590637,596.590637,596.590637
2,takeoff,427807111,281,2.810000,0.010000,388221000,767,22868,1,0,taking_off,0.000000,0.000000,-1.342342,0.000000,0.000000,-0.281247,0.000000,0.000000,0.000000,596.590637,596.590637,596.590637,596.590637
2,takeoff,427807111,282,2.820000,0.010000,388244000,767,23036,1,0,taking_off,0.000000,0.000000,-1.345138,0.000000,0.000000,-0.278092,0.000000,0.000000,0.000000,596.590637,596.590637,596.590637,596.590637
2,takeoff,427807111,283,2.830000,0.010000,388267000,768,22945,1,0,taking_off,0.000000,0.000000,-1.347904,0.000000,0.000000,-0.275008,0.000000,0.000000,0.000000,596.811646,596.811646,596.811646,596.811646
2,takeoff,427807111,284,2.840000,0.010000,388290000,768,22956,1,0,taking_off,0.000000,0.000000,-1.350639,0.000000,0.000000,-0.271924,0.000000,0.000000,0.000000,596.811646,596.811646,596.811646,596.811646
2,takeoff,427807111,285,2.850000,0.010000,388313000,768,23116,1,0,taking_off,0.000000,0.000000,-1.353342,0.000000,0.000000,-0.268840,0.000000,0.000000,0.000000,596.811646,596.811646,596.811646,596.811646
2,takeoff,427807111,286,2.860000,0.010000,388336000,768,22996,1,0,taking_off,0.000000,0.000000,-1.356015,0.000000,0.000000,-0.265756,0.000000,0.000000,0.000000,596.811646,596.811646,596.811646,596.811646
2,takeoff,427807111,287,2.870000,0.010000,388359000,773,22805,1,0,taking_off,0.000000,0.000000,-1.358658,0.000000,0.000000,-0.262745,0.000000,0.000000,0.000000,597.039978,597.039978,597.039978,597.039978
2,takeoff,427807111,288,2.880000,0.010000,388382000,773,22939,1,0,taking_off,0.000000,0.000000,-1.361270,0.000000,0.000000,-0.259733,0.000000,0.000000,0.000000,597.039978,597.039978,597.039978,597.039978
2,takeoff,427807111,289,2.890000,0.010000,388405000,773,23049,1,0,taking_off,0.000000,0.000000,-1.363853,0.000000,0.000000,-0.256722,0.000000,0.000000,0.000000,597.039978,597.039978,597.039978,597.039978
2,takeoff,427807111,290,2.900000,0.010000,388429000,773,23227,1,0,taking_off,0.000000,0.000000,-1.366405,0.000000,0.000000,-0.253711,0.000000,0.000000,0.000000,597.039978,597.039978,597.039978,597.039978
2,takeoff,427807111,291,2.910000,0.010000,388452000,772,23088,1,0,taking_off,0.000000,0.000000,-1.368927,0.000000,0.000000,-0.250774,0.000000,0.000000,0.000000,597.274475,597.274475,597.274475,597.274475
2,takeoff,427807111,292,2.920000,0.010000,388475000,772,22883,1,0,taking_off,0.000000,0.000000,-1.371420,0.000000,0.000000,-0.247837,0.000000,0.000000,0.000000,597.274475,597.274475,597.274475,597.274475
2,takeoff,427807111,293,2.930000,0.010000,388498000,772,22930,1,0,taking_off,0.000000,0.000000,-1.373884,0.000000,0.000000,-0.244901,0.000000,0.000000,0.000000,597.274475,597.274475,597.274475,597.274475
2,takeoff,427807111,294,2.940000,0.010000,388521000,772,23169,1,0,taking_off,0.000000,0.000000,-1.376318,0.000000,0.000000,-0.241964,0.000000,0.000000,0.000000,597.274475,597.274475,597.274475,597.274475
2,takeoff,427807111,295,2.950000,0.010000,388544000,771,23258,1,0,taking_off,0.000000,0.000000,-1.378724,0.000000,0.000000,-0.239103,0.000000,0.000000,0.000000,597.514038,597.514038,597.514038,597.514038
2,takeoff,427807111,296,2.960000,0.010000,388568000,771,22908,1,0,taking_off,0.000000,0.000000,-1.381100,0.000000,0.000000,-0.236243,0.000000,0.000000,0.000000,597.514038,597.514038,597.514038,597.514038
2,takeoff,427807111,297,2.970000,0.010000,388591000,771,22947,1,0,taking_off,0.000000,0.000000,-1.383448,0.000000,0.000000,-0.233383,0.000000,0.000000,0.000000,597.514038,597.514038,597.514038,597.514038
2,takeoff,427807111,298,2.980000,0.010000,388613000,771,22841,1,0,taking_off,0.000000,0.000000,-1.385768,0.000000,0.000000,-0.230522,0.000000,0.000000,0.000000,597.514038,597.514038,597.514038,597.514038
2,takeoff,427807111,299,2.990000,0.010000,388636000,776,23000,1,0,taking_off,0.000000,0.000000,-1.388059,0.000000,0.000000,-0.227740,0.000000,0.000000,0.000000,597.757568,597.757568,597.757568,597.757568
2,takeoff,427807111,300,3.000000,0.010000,388659000,776,22979,1,0,taking_off,0.000000,0.000000,-1.390323,0.000000,0.000000,-0.224957,0.000000,0.000000,0.000000,597.757568,597.757568,597.757568,597.757568
2,takeoff,427807111,301,3.010000,0.010000,388683000,776,23129,1,0,taking_off,0.000000,0.000000,-1.392558,0.000000,0.000000,-0.222174,0.000000,0.000000,0.000000,597.757568,597.757568,597.757568,597.757568
2,takeoff,427807111,302,3.020000,0.010000,388706000,776,23144,1,0,taking_off,0.000000,0.000000,-1.394766,0.000000,0.000000,-0.219391,0.000000,0.000000,0.000000,597.757568,597.757568,597.757568,597.757568
2,takeoff,427807111,303,3.030000,0.010000,388729000,767,22952,1,0,taking_off,0.000000,0.000000,-1.396947,0.000000,0.000000,-0.216687,0.000000,0.000000,0.000000,598.004211,598.004211,598.004211,598.004211
2,takeoff,427807111,304,3.040000,0.010000,388752000,767,23152,1,0,taking_off,0.000000,0.000000,-1.399100,0.000000,0.000000,-0.213983,0.000000,0.000000,0.000000,598.004211,598.004211,598.004211,598.004211
2,takeoff,427807111,305,3.050000,0.010000,388775000,767,23096,1,0,taking_off,0.000000,0.000000,-1.401226,0.000000,0.000000,-0.211279,0.000000,0.000000,0.000000,598.004211,598.004211,598.004211,598.004211
2,takeoff,427807111,306,3.060000,0.010000,388798000,767,23200,1,0,taking_off,0.000000,0.000000,-1.403326,0.000000,0.000000,-0.208575,0.000000,0.000000,0.000000,598.004211,598.004211,598.004211,598.004211
2,takeoff,427807111,307,3.070000,0.010000,388822000,768,23193,1,0,taking_off,0.000000,0.000000,-1.405398,0.000000,0.000000,-0.205950,0.000000,0.000000,0.000000,598.253052,598.253052,598.253052,598.253052
2,takeoff,427807111,308,3.080000,0.010000,388845000,768,23097,1,0,taking_off,0.000000,0.000000,-1.407445,0.000000,0.000000,-0.203326,0.000000,0.000000,0.000000,598.253052,598.253052,598.253052,598.253052
2,takeoff,427807111,309,3.090000,0.010000,388868000,768,22885,1,0,taking_off,0.000000,0.000000,-1.409465,0.000000,0.000000,-0.200701,0.000000,0.000000,0.000000,598.253052,598.253052,598.253052,598.253052
2,takeoff,427807111,310,3.100000,0.010000,388891000,768,23153,1,0,taking_off,0.000000,0.000000,-1.411459,0.000000,0.000000,-0.198076,0.000000,0.000000,0.000000,598.253052,598.253052,598.253052,598.253052
2,takeoff,427807111,311,3.110000,0.010000,388914000,771,22988,1,0,taking_off,0.000000,0.000000,-1.413427,0.000000,0.000000,-0.195531,0.000000,0.000000,0.000000,598.503235,598.503235,598.503235,598.503235
2,takeoff,427807111,312,3.120000,0.010000,388937000,771,22975,1,0,taking_off,0.000000,0.000000,-1.415369,0.000000,0.000000,-0.192987,0.000000,0.000000,0.000000,598.503235,598.503235,598.503235,598.503235
2,takeoff,427807111,313,3.130000,0.010000,388960000,771,23103,1,0,taking_off,0.000000,0.000000,-1.417286,0.000000,0.000000,-0.190442,0.000000,0.000000,0.000000,598.503235,598.503235,598.503235,598.503235
2,takeoff,427807111,314,3.140000,0.010000,388984000,771,22988,1,0,taking_off,0.000000,0.000000,-1.419178,0.000000,0.000000,-0.187897,0.000000,0.000000,0.000000,598.503235,598.503235,598.503235,598.503235
2,takeoff,427807111,315,3.150000,0.010000,389007000,768,23087,1,0,taking_off,0.000000,0.000000,-1.421045,0.000000,0.000000,-0.185432,0.000000,0.000000,0.000000,598.754089,598.754089,598.754089,598.754089
2,takeoff,427807111,316,3.160000,0.010000,389030000,768,22940,1,0,taking_off,0.000000,0.000000,-1.422887,0.000000,0.000000,-0.182967,0.000000,0.000000,0.000000,598.754089,598.754089,598.754089,598.754089
2,takeoff,427807111,317,3.170000,0.010000,389053000,768,22970,1,0,taking_off,0.000000,0.000000,-1.424704,0.000000,0.000000,-0.180502,0.000000,0.000000,0.000000,598.754089,598.754089,598.754089,598.754089
2,takeoff,427807111,318,3.180000,0.010000,389076000,768,23166,1,0,taking_off,0.000000,0.000000,-1.426497,0.000000,0.000000,-0.178038,0.000000,0.000000,0.000000,598.754089,598.754089,598.754089,598.754089
2,takeoff,427807111,319,3.190000,0.010000,389099000,768,23005,1,0,taking_off,0.000000,0.000000,-1.428265,0.000000,0.000000,-0.175653,0.000000,0.000000,0.000000,599.004761,599.004761,599.004761,599.004761
2,takeoff,427807111,320,3.200000,0.010000,389122000,768,23110,1,0,taking_off,0.000000,0.000000,-1.430010,0.000000,0.000000,-0.173268,0.000000,0.000000,0.000000,599.004761,599.004761,599.004761,599.004761
2,takeoff,427807111,321,3.210000,0.010000,389145000,768,23017,1,0,taking_off,0.000000,0.000000,-1.431731,0.000000,0.000000,-0.170884,0.000000,0.000000,0.000000,599.004761,599.004761,599.004761,599.004761
2,takeoff,427807111,322,3.220000,0.010000,389169000,768,22972,1,0,taking_off,0.000000,0.000000,-1.433428,0.000000,0.000000,-0.168499,0.000000,0.000000,0.000000,599.004761,599.004761,599.004761,599.004761
2,takeoff,427807111,323,3.230000,0.010000,389192000,771,22985,1,0,taking_off,0.000000,0.000000,-1.435101,0.000000,0.000000,-0.166194,0.000000,0.000000,0.000000,599.254761,599.254761,599.254761,599.254761
2,takeoff,427807111,324,3.240000,0.010000,389215000,771,22959,1,0,taking_off,0.000000,0.000000,-1.436751,0.000000,0.000000,-0.163889,0.000000,0.000000,0.000000,599.254761,599.254761,599.254761,599.254761
2,takeoff,427807111,325,3.250000,0.010000,389238000,771,23314,1,0,taking_off,0.000000,0.000000,-1.438379,0.000000,0.000000,-0.161584,0.000000,0.000000,0.000000,599.254761,599.254761,599.254761,599.254761
2,takeoff,427807111,326,3.260000,0.010000,389261000,771,23139,1,0,taking_off,0.000000,0.000000,-1.439983,0.000000,0.000000,-0.159280,0.000000,0.000000,0.000000,599.254761,599.254761,599.254761,599.254761
2,takeoff,427807111,327,3.270000,0.010000,389284000,773,23092,1,0,taking_off,0.000000,0.000000,-1.441565,0.000000,0.000000,-0.157054,0.000000,0.000000,0.000000,599.503479,599.503479,599.503479,599.503479
2,takeoff,427807111,328,3.280000,0.010000,389308000,773,22904,1,0,taking_off,0.000000,0.000000,-1.443124,0.000000,0.000000,-0.154829,0.000000,0.000000,0.000000,599.503479,599.503479,599.503479,599.503479
2,takeoff,427807111,329,3.290000,0.010000,389331000,773,23126,1,0,taking_off,0.000000,0.000000,-1.444661,0.000000,0.000000,-0.152604,0.000000,0.000000,0.000000,599.503479,599.503479,599.503479,599.503479
2,takeoff,427807111,330,3.300000,0.010000,389354000,773,22933,1,0,taking_off,0.000000,0.000000,-1.446176,0.000000,0.000000,-0.150378,0.000000,0.000000,0.000000,599.503479,599.503479,599.503479,599.503479
2,takeoff,427807111,331,3.310000,0.010000,389377000,769,23047,1,0,taking_off,0.000000,0.000000,-1.447669,0.000000,0.000000,-0.148232,0.000000,0.000000,0.000000,599.750305,599.750305,599.750305,599.750305
2,takeoff,427807111,332,3.320000,0.010000,389400000,769,22832,1,0,taking_off,0.000000,0.000000,-1.449141,0.000000,0.000000,-0.146085,0.000000,0.000000,0.000000,599.750305,599.750305,599.750305,599.750305
2,takeoff,427807111,333,3.330000,0.010000,389423000,769,22931,1,0,taking_off,0.000000,0.000000,-1.450591,0.000000,0.000000,-0.143939,0.000000,0.000000,0.000000,599.750305,599.750305,599.750305,599.750305
2,takeoff,427807111,334,3.340000,0.010000,389446000,769,23025,1,0,taking_off,0.000000,0.000000,-1.452020,0.000000,0.000000,-0.141793,0.000000,0.000000,0.000000,599.750305,599.750305,599.750305,599.750305
2,takeoff,427807111,335,3.350000,0.010000,389469000,773,22968,1,0,taking_off,0.000000,0.000000,-1.453427,0.000000,0.000000,-0.139725,0.000000,0.000000,0.000000,599.994812,599.994812,599.994812,599.994812
2,takeoff,427807111,336,3.360000,0.010000,389492000,773,22991,1,0,taking_off,0.000000,0.000000,-1.454814,0.000000,0.000000,-0.137656,0.000000,0.000000,0.000000,599.994812,599.994812,599.994812,599.994812
2,takeoff,427807111,337,3.370000,0.010000,389515000,773,23072,1,0,taking_off,0.000000,0.000000,-1.456180,0.000000,0.000000,-0.135588,0.000000,0.000000,0.000000,599.994812,599.994812,599.994812,599.994812
2,takeoff,427807111,338,3.380000,0.010000,389538000,773,23119,1,0,taking_off,0.000000,0.000000,-1.457526,0.000000,0.000000,-0.133520,0.000000,0.000000,0.000000,599.994812,599.994812,599.994812,599.994812
2,takeoff,427807111,339,3.390000,0.010000,389561000,770,22906,1,0,taking_off,0.000000,0.000000,-1.458851,0.000000,0.000000,-0.131529,0.000000,0.000000,0.000000,600.236450,600.236450,600.236450,600.236450
2,takeoff,427807111,340,3.400000,0.010000,389585000,770,23455,1,0,taking_off,0.000000,0.000000,-1.460156,0.000000,0.000000,-0.129538,0.000000,0.000000,0.000000,600.236450,600.236450,600.236450,600.236450
2,takeoff,427807111,341,3.410000,0.010000,389608000,770,23249,1,0,taking_off,0.000000,0.000000,-1.461442,0.000000,0.000000,-0.127548,0.000000,0.000000,0.000000,600.236450,600.236450,600.236450,600.236450
2,takeoff,427807111,342,3.420000,0.010000,389631000,770,23349,1,0,taking_off,0.000000,0.000000,-1.462707,0.000000,0.000000,-0.125557,0.000000,0.000000,0.000000,600.236450,600.236450,600.236450,600.236450
2,takeoff,427807111,343,3.430000,0.010000,389655000,769,23352,1,0,taking_off,0.000000,0.000000,-1.463953,0.000000,0.000000,-0.123642,0.000000,0.000000,0.000000,600.474976,600.474976,600.474976,600.474976
2,takeoff,427807111,344,3.440000,0.010000,389678000,769,23399,1,0,taking_off,0.000000,0.000000,-1.465180,0.000000,0.000000,-0.121728,0.000000,0.000000,0.000000,600.474976,600.474976,600.474976,600.474976
2,takeoff,427807111,345,3.450000,0.010000,389702000,769,23508,1,0,taking_off,0.000000,0.000000,-1.466388,0.000000,0.000000,-0.119813,0.000000,0.000000,0.000000,600.474976,600.474976,600.474976,600.474976
2,takeoff,427807111,346,3.460000,0.010000,389725000,769,23306,1,0,taking_off,0.000000,0.000000,-1.467577,0.000000,0.000000,-0.117899,0.000000,0.000000,0.000000,600.474976,600.474976,600.474976,600.474976
2,takeoff,427807111,347,3.470000,0.010000,389749000,772,23302,1,0,taking_off,0.000000,0.000000,-1.468746,0.000000,0.000000,-0.116060,0.000000,0.000000,0.000000,600.709900,600.709900,600.709900,600.709900
2,takeoff,427807111,348,3.480000,0.010000,389772000,772,23286,1,0,taking_off,0.000000,0.000000,-1.469898,0.000000,0.000000,-0.114221,0.000000,0.000000,0.000000,600.709900,600.709900,600.709900,600.709900
2,takeoff,427807111,349,3.490000,0.010000,389795000,772,23439,1,0,taking_off,0.000000,0.000000,-1.471031,0.000000,0.000000,-0.112381,0.000000,0.000000,0.000000,600.709900,600.709900,600.709900,600.709900
2,takeoff,427807111,350,3.500000,0.010000,389819000,772,23288,1,0,taking_off,0.000000,0.000000,-1.472145,0.000000,0.000000,-0.110542,0.000000,0.000000,0.000000,600.709900,600.709900,600.709900,600.709900
2,takeoff,427807111,351,3.510000,0.010000,389842000,767,23346,1,0,taking_off,0.000000,0.000000,-1.473242,0.000000,0.000000,-0.108777,0.000000,0.000000,0.000000,600.940918,600.940918,600.940918,600.940918
2,takeoff,427807111,352,3.520000,0.010000,389866000,767,23344,1,0,taking_off,0.000000,0.000000,-1.474321,0.000000,0.000000,-0.107012,0.000000,0.000000,0.000000,600.940918,600.940918,600.940918,600.940918
2,takeoff,427807111,353,3.530000,0.010000,389889000,767,23368,1,0,taking_off,0.000000,0.000000,-1.475382,0.000000,0.000000,-0.105247,0.000000,0.000000,0.000000,600.940918,600.940918,600.940918,600.940918
2,takeoff,427807111,354,3.540000,0.010000,389913000,767,23371,1,0,taking_off,0.000000,0.000000,-1.476426,0.000000,0.000000,-0.103482,0.000000,0.000000,0.000000,600.940918,600.940918,600.940918,600.940918
2,takeoff,427807111,355,3.550000,0.010000,389936000,770,23118,1,0,taking_off,0.000000,0.000000,-1.477452,0.000000,0.000000,-0.101789,0.000000,0.000000,0.000000,601.167786,601.167786,601.167786,601.167786
2,takeoff,427807111,356,3.560000,0.010000,389959000,770,23255,1,0,taking_off,0.000000,0.000000,-1.478462,0.000000,0.000000,-0.100097,0.000000,0.000000,0.000000,601.167786,601.167786,601.167786,601.167786
2,takeoff,427807111,357,3.570000,0.010000,389983000,770,23225,1,0,taking_off,0.000000,0.000000,-1.479454,0.000000,0.000000,-0.098404,0.000000,0.000000,0.000000,601.167786,601.167786,601.167786,601.167786
2,takeoff,427807111,358,3.580000,0.010000,390006000,770,23437,1,0,flying,0.000000,0.000000,-1.480430,0.000000,0.000000,-0.096712,0.000000,0.000000,0.000000,601.167786,601.167786,601.167786,601.167786
2,joystick_flight,427807111,359,3.590000,0.010000,390029000,814,23162,1,0,flying,0.000000,0.000000,-1.481387,0.000000,0.000000,-0.094777,0.000000,-0.000015,0.000000,599.154785,599.880127,600.946655,601.668030
2,joystick_flight,427807111,360,3.600000,0.010000,390052000,884,23301,1,0,flying,0.000000,0.000000,-1.482325,0.000004,0.000000,-0.092843,0.000000,-0.000062,0.000001,599.180359,599.900085,600.926758,601.642517
2,joystick_flight,427807111,361,3.610000,0.010000,390076000,887,23596,1,0,flying,0.000000,0.000000,-1.483244,0.000013,0.000000,-0.090909,0.000000,-0.000137,0.000002,599.206909,599.920654,600.906189,601.616150
2,joystick_flight,427807111,362,3.620000,0.010000,390100000,890,23431,1,0,flying,0.000000,0.000000,-1.484143,0.000031,0.000000,-0.088975,0.000000,-0.000242,0.000004,599.234314,599.941711,600.885132,601.588867
2,joystick_flight,427807111,363,3.630000,0.010000,390123000,888,23448,1,0,flying,0.000001,0.000000,-1.485024,0.000061,0.000000,-0.087195,0.000000,-0.000375,0.000007,599.383972,600.808899,600.985291,602.402893
2,joystick_flight,427807111,364,3.640000,0.010000,390147000,888,23436,1,0,flying,0.000002,0.000000,-1.485887,0.000104,0.000000,-0.085416,0.000000,-0.000535,0.000010,599.415771,600.828064,600.966064,602.371338
2,joystick_flight,427807111,365,3.650000,0.010000,390170000,888,23471,1,0,flying,0.000003,0.000000,-1.486733,0.000165,0.000000,-0.083636,0.000000,-0.000721,0.000015,599.448364,600.847473,600.946533,602.338989
2,joystick_flight,427807111,366,3.660000,0.010000,390194000,894,23492,1,0,flying,0.000005,0.000000,-1.487560,0.000244,0.000000,-0.081857,0.000001,-0.000933,0.000021,599.481812,600.867126,600.926880,602.305786
2,joystick_flight,427807111,367,3.670000,0.010000,390218000,891,23640,1,0,flying,0.000008,0.000000,-1.488370,0.000345,0.000000,-0.080220,0.000001,-0.001169,0.000027,599.599609,601.693481,600.989197,603.073486
2,joystick_flight,427807111,368,3.680000,0.010000,390241000,890,23518,1,0,flying,0.000012,0.000000,-1.489164,0.000470,0.000000,-0.078582,0.000001,-0.001429,0.000036,599.637268,601.710510,600.972107,603.036194
2,joystick_flight,427807111,369,3.690000,0.010000,390265000,890,23423,1,0,flying,0.000017,0.000000,-1.489942,0.000621,0.000000,-0.076945,0.000001,-0.001711,0.000046,599.675659,601.727356,600.955078,602.998108
2,joystick_flight,427807111,370,3.700000,0.010000,390288000,891,23400,1,0,flying,0.000024,0.000000,-1.490703,0.000801,0.000001,-0.075308,0.000002,-0.002015,0.000057,599.714844,601.744141,600.938171,602.959290
2,joystick_flight,427807111,371,3.710000,0.010000,390312000,890,23539,1,0,flying,0.000033,0.000000,-1.491449,0.001011,0.000001,-0.073801,0.000002,-0.002339,0.000070,599.804565,602.532532,600.966248,603.683472
2,joystick_flight,427807111,372,3.720000,0.010000,390336000,892,23731,1,0,flying,0.000045,0.000000,-1.492179,0.001253,0.000001,-0.072295,0.000002,-0.002683,0.000085,599.847717,602.545959,600.952637,603.640747
2,joystick_flight,427807111,373,3.730000,0.010000,390359000,890,23399,1,0,flying,0.000059,0.000000,-1.492895,0.001530,0.000001,-0.070788,0.000003,-0.003046,0.000102,599.891602,602.558899,600.939453,603.597290
2,joystick_flight,427807111,374,3.740000,0.010000,390383000,892,23304,1,0,flying,0.000075,0.000000,-1.493595,0.001842,0.000002,-0.069282,0.000003,-0.003426,0.000121,599.936157,602.571472,600.926758,603.553162
2,joystick_flight,427807111,375,3.750000,0.010000,390406000,892,23544,1,0,flying,0.000096,0.000000,-1.494281,0.002192,0.000002,-0.067895,0.000004,-0.003823,0.000142,600.001160,603.324341,600.924011,604.236450
2,joystick_flight,427807111,376,3.760000,0.010000,390430000,893,23423,1,0,flying,0.000119,0.000000,-1.494953,0.002582,0.000002,-0.066509,0.000004,-0.004235,0.000165,600.049500,603.332886,600.915222,604.188660
2,joystick_flight,427807111,377,3.770000,0.010000,390453000,891,23586,1,0,flying,0.000147,0.000000,-1.495611,0.003012,0.000003,-0.065122,0.000005,-0.004661,0.000191,600.098450,603.340759,600.907104,604.140198
2,joystick_flight,427807111,378,3.780000,0.010000,390477000,895,23603,1,0,flying,0.000180,0.000000,-1.496256,0.003484,0.000004,-0.063736,0.000006,-0.005101,0.000219,600.148071,603.347839,600.899780,604.091125
2,joystick_flight,427807111,379,3.790000,0.010000,390501000,891,23367,1,0,flying,0.000217,0.000000,-1.496886,0.003999,0.000004,-0.062460,0.000006,-0.005554,0.000249,600.191284,604.067383,600.869507,604.736023
2,joystick_flight,427807111,380,3.800000,0.010000,390524000,891,23575,1,0,flying,0.000260,0.000000,-1.497505,0.004559,0.000005,-0.061183,0.000007,-0.006017,0.000283,600.244446,604.069946,600.866699,604.683472
2,joystick_flight,427807111,381,3.810000,0.010000,390548000,892,23340,1,0,flying,0.000309,0.000000,-1.498110,0.005164,0.000006,-0.059907,0.000008,-0.006491,0.000319,600.298157,604.071472,600.864868,604.630371
2,joystick_flight,427807111,382,3.820000,0.010000,390571000,889,23439,1,0,flying,0.000363,0.000000,-1.498703,0.005816,0.000007,-0.058630,0.000009,-0.006974,0.000358,600.352417,604.072021,600.864075,604.576782
2,joystick_flight,427807111,383,3.830000,0.010000,390595000,888,23637,1,0,flying,0.000425,0.000000,-1.499283,0.006515,0.000008,-0.057455,0.000009,-0.007465,0.000399,600.376526,604.760254,600.809387,605.185791
2,joystick_flight,427807111,384,3.840000,0.010000,390618000,888,23344,1,0,flying,0.000494,0.000001,-1.499852,0.007263,0.000009,-0.056279,0.000010,-0.007963,0.000444,600.434143,604.755676,600.813660,605.128906
2,joystick_flight,427807111,385,3.850000,0.010000,390642000,891,23507,1,0,flying,0.000570,0.000001,-1.500409,0.008059,0.000011,-0.055103,0.000011,-0.008467,0.000492,600.492249,604.749878,600.819214,605.071472
2,joystick_flight,427807111,386,3.860000,0.010000,390665000,895,23596,1,0,flying,0.000655,0.000001,-1.500954,0.008904,0.000012,-0.053927,0.000012,-0.008977,0.000543,600.550842,604.742859,600.825928,605.013611
2,joystick_flight,427807111,387,3.870000,0.010000,390689000,892,23558,1,0,flying,0.000749,0.000001,-1.501488,0.009799,0.000014,-0.052844,0.000013,-0.009490,0.000598,600.558105,605.401489,600.749756,605.589111
2,joystick_flight,427807111,388,3.880000,0.010000,390713000,892,23304,1,0,flying,0.000851,0.000001,-1.502011,0.010745,0.000016,-0.051761,0.000014,-0.010007,0.000655,600.619812,605.388855,600.762207,605.528198
2,joystick_flight,427807111,389,3.890000,0.010000,390736000,893,23488,1,0,flying,0.000964,0.000001,-1.502523,0.011740,0.000018,-0.050677,0.000015,-0.010525,0.000717,600.682007,605.374817,600.776001,605.466858
2,joystick_flight,427807111,390,3.900000,0.010000,390760000,895,23326,1,0,flying,0.001086,0.000001,-1.503024,0.012786,0.000020,-0.049593,0.000016,-0.011045,0.000781,600.744568,605.359375,600.791199,605.405090
2,joystick_flight,427807111,391,3.910000,0.010000,390783000,892,23131,1,0,flying,0.001220,0.000002,-1.503515,0.013884,0.000023,-0.048595,0.000017,-0.011564,0.000849,600.737000,605.989929,600.696350,605.949402
2,joystick_flight,427807111,392,3.920000,0.010000,390806000,893,23391,1,0,flying,0.001364,0.000002,-1.503996,0.015031,0.000025,-0.047597,0.000018,-0.012083,0.000921,600.802551,605.968445,600.717712,605.884766
2,joystick_flight,427807111,393,3.930000,0.010000,390830000,892,23647,1,0,flying,0.001520,0.000002,-1.504467,0.016229,0.000028,-0.046597,0.000019,-0.012599,0.000997,600.868408,605.945374,600.740601,605.819824
2,joystick_flight,427807111,394,3.940000,0.010000,390853000,893,23402,1,0,flying,0.001689,0.000002,-1.504928,0.017477,0.000032,-0.045597,0.000020,-0.013113,0.001076,600.934631,605.920776,600.765076,605.754456
2,joystick_flight,427807111,395,3.950000,0.010000,390877000,893,23626,1,0,flying,0.001870,0.000003,-1.505380,0.018776,0.000035,-0.044677,0.000021,-0.013624,0.001159,600.914001,606.524719,600.654114,606.269775
2,joystick_flight,427807111,396,3.960000,0.010000,390901000,894,23521,1,0,flying,0.002065,0.000003,-1.505822,0.020124,0.000039,-0.043756,0.000021,-0.014129,0.001246,600.982971,606.493713,600.685120,606.201782
2,joystick_flight,427807111,397,3.970000,0.010000,390924000,894,23451,1,0,flying,0.002273,0.000004,-1.506255,0.021521,0.000043,-0.042834,0.000022,-0.014630,0.001337,601.052246,606.460999,600.717773,606.133423
2,joystick_flight,427807111,398,3.980000,0.010000,390948000,893,23472,1,0,flying,0.002495,0.000004,-1.506678,0.022967,0.000047,-0.041911,0.000023,-0.015124,0.001432,601.121826,606.426636,600.752136,606.064758
2,joystick_flight,427807111,399,3.990000,0.010000,390971000,890,23275,1,0,flying,0.002732,0.000004,-1.507093,0.024461,0.000051,-0.041061,0.000024,-0.015611,0.001531,601.089600,607.005188,600.627502,606.553284
2,joystick_flight,427807111,400,4.000000,0.010000,390995000,891,23308,1,0,flying,0.002985,0.000005,-1.507500,0.026002,0.000056,-0.040211,0.000025,-0.016089,0.001635,601.161682,606.964111,600.668640,606.482117
2,joystick_flight,427807111,401,4.010000,0.010000,391018000,890,23667,1,0,flying,0.003253,0.000006,-1.507898,0.027589,0.000061,-0.039360,0.000026,-0.016559,0.001742,601.234131,606.921265,600.711609,606.410645
2,joystick_flight,427807111,402,4.020000,0.010000,391042000,888,23518,1,0,flying,0.003537,0.000006,-1.508287,0.029222,0.000067,-0.038508,0.000026,-0.017020,0.001854,601.306824,606.876709,600.756348,606.338867
2,joystick_flight,427807111,403,4.030000,0.010000,391065000,893,23351,1,0,flying,0.003837,0.000007,-1.508668,0.030900,0.000072,-0.037723,0.000027,-0.017471,0.001969,601.264160,607.430969,600.620300,606.802673
2,joystick_flight,427807111,404,4.040000,0.010000,391089000,890,23369,1,0,flying,0.004155,0.000008,-1.509041,0.032621,0.000079,-0.036938,0.000027,-0.017910,0.002090,601.339233,607.379517,600.672058,606.728577
2,joystick_flight,427807111,405,4.050000,0.010000,391112000,892,23549,1,0,flying,0.004490,0.000008,-1.509407,0.034384,0.000085,-0.036151,0.000028,-0.018338,0.002214,601.414612,607.326233,600.725647,606.654175
2,joystick_flight,427807111,406,4.060000,0.010000,391136000,891,23489,1,0,flying,0.004842,0.000009,-1.509764,0.036189,0.000092,-0.035365,0.000028,-0.018753,0.002343,601.490173,607.271179,600.781067,606.579468
2,joystick_flight,427807111,407,4.070000,0.010000,391159000,890,23447,1,0,flying,0.005214,0.000010,-1.510114,0.038034,0.000099,-0.034640,0.000029,-0.019156,0.002476,601.438110,607.802124,600.635620,607.020447
2,joystick_flight,427807111,408,4.080000,0.010000,391183000,888,23357,1,0,flying,0.005603,0.000011,-1.510457,0.039918,0.000107,-0.033914,0.000029,-0.019545,0.002614,601.515869,607.739990,600.698181,606.943604
2,joystick_flight,427807111,409,4.090000,0.010000,391206000,892,23355,1,0,flying,0.006012,0.000012,-1.510793,0.041839,0.000115,-0.033188,0.000029,-0.019919,0.002756,601.593994,607.676086,600.762634,606.866455
2,joystick_flight,427807111,410,4.100000,0.010000,391230000,890,23522,1,0,flying,0.006440,0.000014,-1.511121,0.043796,0.000123,-0.032461,0.000029,-0.020279,0.002903,601.672241,607.610413,600.828857,606.789062
2,joystick_flight,427807111,411,4.110000,0.010000,391253000,894,23437,1,0,flying,0.006888,0.000015,-1.511442,0.045788,0.000132,-0.031791,0.000030,-0.020624,0.003054,601.611389,608.118896,600.675842,607.209045
2,joystick_flight,427807111,412,4.120000,0.010000,391277000,892,23512,1,0,flying,0.007356,0.000016,-1.511757,0.047813,0.000141,-0.031121,0.000030,-0.020953,0.003210,601.691833,608.046082,600.749329,607.129517
2,joystick_flight,427807111,413,4.130000,0.010000,391301000,890,23435,1,0,flying,0.007844,0.000018,-1.512065,0.049870,0.000151,-0.030450,0.000029,-0.021266,0.003370,601.772461,607.971497,600.824707,607.049744
2,joystick_flight,427807111,414,4.140000,0.010000,391324000,895,23363,1,0,flying,0.008354,0.000019,-1.512366,0.051956,0.000161,-0.029779,0.000029,-0.021562,0.003535,601.853333,607.895142,600.901794,606.969727
2,joystick_flight,427807111,415,4.150000,0.010000,391348000,893,23248,1,0,flying,0.008884,0.000021,-1.512660,0.054071,0.000171,-0.029160,0.000029,-0.021841,0.003705,601.784363,608.382019,600.742798,607.370422
2,joystick_flight,427807111,416,4.160000,0.010000,391371000,893,23451,1,0,flying,0.009435,0.000023,-1.512949,0.056212,0.000182,-0.028541,0.000029,-0.022102,0.003879,601.867310,608.298584,600.827209,607.288391
2,joystick_flight,427807111,417,4.170000,0.010000,391395000,892,23418,1,0,flying,0.010008,0.000025,-1.513231,0.058379,0.000194,-0.027921,0.000028,-0.022346,0.004058,601.950439,608.213440,600.913330,607.206055
2,joystick_flight,427807111,418,4.180000,0.010000,391418000,892,23311,1,0,flying,0.010603,0.000027,-1.513507,0.060568,0.000205,-0.027301,0.000027,-0.022572,0.004241,602.033813,608.126587,601.001160,607.123413
2,joystick_flight,427807111,419,4.190000,0.010000,391441000,891,23307,1,0,flying,0.011219,0.000029,-1.513778,0.062779,0.000218,-0.026730,0.000027,-0.022779,0.004429,601.957031,608.592468,600.837646,607.506531
2,joystick_flight,427807111,420,4.200000,0.010000,391465000,889,23442,1,0,flying,0.011858,0.000031,-1.514042,0.065009,0.000230,-0.026159,0.000026,-0.022967,0.004622,602.042419,608.498657,600.932678,607.421936
2,joystick_flight,427807111,421,4.210000,0.010000,391488000,889,23144,1,0,flying,0.012520,0.000033,-1.514301,0.067257,0.000243,-0.025587,0.000025,-0.023136,0.004819,602.127991,608.403198,601.029358,607.337097
2,joystick_flight,427807111,422,4.220000,0.010000,391511000,891,23055,1,0,flying,0.013204,0.000036,-1.514554,0.069521,0.000257,-0.025014,0.000024,-0.023286,0.005021,602.213806,608.306152,601.127625,607.251953
2,joystick_flight,427807111,423,4.230000,0.010000,391535000,893,23429,1,0,flying,0.013910,0.000038,-1.514801,0.071799,0.000271,-0.024488,0.000023,-0.023418,0.005227,602.129517,608.751770,600.960754,607.618896
2,joystick_flight,427807111,424,4.240000,0.010000,391558000,888,23507,1,0,flying,0.014640,0.000041,-1.515043,0.074089,0.000285,-0.023960,0.000022,-0.023529,0.005438,602.217285,608.647888,601.066101,607.531799
2,joystick_flight,427807111,425,4.250000,0.010000,391582000,890,23465,1,0,flying,0.015392,0.000044,-1.515280,0.076389,0.000300,-0.023433,0.000021,-0.023620,0.005654,602.305298,608.542480,601.172974,607.444397
2,joystick_flight,427807111,426,4.260000,0.010000,391605000,890,23547,1,0,flying,0.016167,0.000047,-1.515512,0.078697,0.000315,-0.022905,0.000019,-0.023693,0.005874,602.393494,608.435608,601.281311,607.356750
2,joystick_flight,427807111,427,4.270000,0.010000,391629000,888,23337,1,0,flying,0.016966,0.000050,-1.515739,0.081012,0.000331,-0.022420,0.000018,-0.023745,0.006099,602.301819,608.861633,601.112122,607.708923
2,joystick_flight,427807111,428,4.280000,0.010000,391652000,892,23391,1,0,flying,0.017788,0.000054,-1.515961,0.083331,0.000347,-0.021934,0.000016,-0.023778,0.006329,602.392029,608.748169,601.227234,607.619324
2,joystick_flight,427807111,429,4.290000,0.010000,391676000,891,23361,1,0,flying,0.018633,0.000057,-1.516177,0.085653,0.000364,-0.021448,0.000015,-0.023790,0.006563,602.482483,608.633301,601.343811,607.529358
2,joystick_flight,427807111,430,4.300000,0.010000,391700000,891,23473,1,0,flying,0.019501,0.000061,-1.516389,0.087974,0.000380,-0.020963,0.000013,-0.023784,0.006802,602.573120,608.517090,601.461670,607.439148
2,joystick_flight,427807111,431,4.310000,0.010000,391723000,889,23332,1,0,flying,0.020392,0.000065,-1.516597,0.090295,0.000398,-0.020516,0.000011,-0.023757,0.007045,602.474182,608.924133,601.291077,607.777893
2,joystick_flight,427807111,432,4.320000,0.010000,391746000,892,23235,1,0,flying,0.021307,0.000069,-1.516800,0.092613,0.000415,-0.020069,0.000009,-0.023711,0.007292,602.566833,608.801697,601.415405,607.685730
2,joystick_flight,427807111,433,4.330000,0.010000,391770000,892,23283,1,0,flying,0.022244,0.000073,-1.516998,0.094925,0.000433,-0.019622,0.000008,-0.023645,0.007544,602.659790,608.677917,601.541016,607.593140
2,joystick_flight,427807111,434,4.340000,0.010000,391793000,892,23384,1,0,flying,0.023205,0.000078,-1.517192,0.097229,0.000452,-0.019176,0.000006,-0.023560,0.007801,602.752930,608.553040,601.667786,607.500305
2,joystick_flight,427807111,435,4.350000,0.010000,391817000,893,23652,1,0,flying,0.024189,0.000082,-1.517382,0.099526,0.000470,-0.018765,0.000004,-0.023457,0.008062,602.646667,608.941833,601.496399,607.826904
2,joystick_flight,427807111,436,4.360000,0.010000,391840000,888,23300,1,0,flying,0.025196,0.000087,-1.517568,0.101811,0.000489,-0.018355,0.000002,-0.023333,0.008327,602.741882,608.810974,601.629333,607.731995
2,joystick_flight,427807111,437,4.370000,0.010000,391864000,891,23321,1,0,flying,0.026225,0.000092,-1.517749,0.104083,0.000509,-0.017945,-0.000000,-0.023191,0.008597,602.837402,608.679077,601.763306,607.636780
2,joystick_flight,427807111,438,4.380000,0.010000,391887000,891,23558,1,0,flying,0.027277,0.000097,-1.517926,0.106340,0.000528,-0.017536,-0.000003,-0.023031,0.008871,602.933167,608.546143,601.898193,607.541260
2,joystick_flight,427807111,439,4.390000,0.010000,391911000,892,23678,1,0,flying,0.028352,0.000103,-1.518100,0.108582,0.000548,-0.017159,-0.000005,-0.022852,0.009149,602.819641,608.917419,601.726624,607.856812
2,joystick_flight,427807111,440,4.400000,0.010000,391934000,889,23480,1,0,flying,0.029449,0.000108,-1.518270,0.110805,0.000568,-0.016783,-0.000007,-0.022655,0.009431,602.917419,608.778992,601.867249,607.759216
2,joystick_flight,427807111,441,4.410000,0.010000,391958000,894,23369,1,0,flying,0.030568,0.000114,-1.518436,0.113008,0.000588,-0.016408,-0.000009,-0.022441,0.009718,603.015564,608.639648,602.008789,607.661255
2,joystick_flight,427807111,442,4.420000,0.010000,391981000,892,23578,1,0,flying,0.031709,0.000120,-1.518598,0.115190,0.000609,-0.016033,-0.000011,-0.022209,0.010009,603.114014,608.499512,602.151062,607.562927
2,joystick_flight,427807111,443,4.430000,0.010000,392005000,893,23492,1,0,flying,0.032872,0.000126,-1.518756,0.117348,0.000630,-0.015688,-0.000013,-0.021961,0.010303,602.993225,608.854065,601.979675,607.868469
2,joystick_flight,427807111,444,4.440000,0.010000,392029000,889,23414,1,0,flying,0.034056,0.000133,-1.518912,0.119482,0.000651,-0.015344,-0.000015,-0.021695,0.010602,603.093811,608.708801,602.127197,607.768066
2,joystick_flight,427807111,445,4.450000,0.010000,392052000,893,23583,1,0,flying,0.035261,0.000139,-1.519063,0.121589,0.000672,-0.015001,-0.000017,-0.021413,0.010905,603.194641,608.562805,602.275452,607.667297
2,joystick_flight,427807111,446,4.460000,0.010000,392076000,892,23412,1,0,flying,0.036487,0.000146,-1.519212,0.123667,0.000693,-0.014658,-0.000019,-0.021116,0.011212,603.295837,608.416260,602.424194,607.566162
2,joystick_flight,427807111,447,4.470000,0.010000,392099000,893,23490,1,0,flying,0.037734,0.000153,-1.519357,0.125716,0.000714,-0.014343,-0.000021,-0.020804,0.011523,603.167786,608.754944,602.253235,607.862732
2,joystick_flight,427807111,448,4.480000,0.010000,392123000,892,23384,1,0,flying,0.039002,0.000160,-1.519498,0.127734,0.000736,-0.014029,-0.000023,-0.020476,0.011837,603.271179,608.603699,602.406799,607.759399
2,joystick_flight,427807111,449,4.490000,0.010000,392146000,890,23275,1,0,flying,0.040289,0.000168,-1.519637,0.129719,0.000757,-0.013716,-0.000025,-0.020133,0.012156,603.374878,608.452026,602.560791,607.655701
2,joystick_flight,427807111,450,4.500000,0.010000,392170000,894,23270,1,0,flying,0.041596,0.000176,-1.519773,0.131670,0.000778,-0.013403,-0.000027,-0.019777,0.012478,603.478882,608.299927,602.715088,607.551636
2,joystick_flight,427807111,451,4.510000,0.010000,392193000,890,23475,1,0,flying,0.042922,0.000183,-1.519905,0.133586,0.000800,-0.013117,-0.000029,-0.019408,0.012803,603.343750,608.623657,602.544800,607.840332
2,joystick_flight,427807111,452,4.520000,0.010000,392217000,891,23380,1,0,flying,0.044267,0.000192,-1.520035,0.135465,0.000821,-0.012830,-0.000030,-0.019025,0.013133,603.450012,608.467407,602.703369,607.734009
2,joystick_flight,427807111,453,4.530000,0.010000,392240000,890,23436,1,0,flying,0.045631,0.000200,-1.520162,0.137307,0.000843,-0.012545,-0.000032,-0.018630,0.013466,603.556641,608.310852,602.862183,607.627319
2,joystick_flight,427807111,454,4.540000,0.010000,392264000,892,23299,1,0,flying,0.047013,0.000208,-1.520286,0.139108,0.000864,-0.012260,-0.000033,-0.018223,0.013802,603.663574,608.154175,603.021057,607.520264
2,joystick_flight,427807111,455,4.550000,0.010000,392287000,893,23219,1,0,flying,0.048413,0.000217,-1.520407,0.140870,0.000886,-0.011999,-0.000034,-0.017805,0.014142,603.521362,608.463867,602.851501,607.801941
2,joystick_flight,427807111,456,4.560000,0.010000,392310000,894,23382,1,0,flying,0.049831,0.000226,-1.520526,0.142591,0.000907,-0.011739,-0.000035,-0.017375,0.014485,603.630615,608.303467,603.014160,607.692566
2,joystick_flight,427807111,457,4.570000,0.010000,392334000,891,23548,1,0,flying,0.051265,0.000235,-1.520642,0.144269,0.000928,-0.011479,-0.000036,-0.016936,0.014832,603.740234,608.143066,603.176819,607.582825
2,joystick_flight,427807111,458,4.580000,0.010000,392357000,893,23360,1,0,flying,0.052716,0.000245,-1.520756,0.145904,0.000949,-0.011221,-0.000037,-0.016487,0.015181,603.850098,607.982666,603.339294,607.472778
2,joystick_flight,427807111,459,4.590000,0.010000,392381000,891,23320,1,0,flying,0.054183,0.000254,-1.520867,0.147494,0.000970,-0.010983,-0.000038,-0.016029,0.015534,603.700989,608.279419,603.170410,607.748291
2,joystick_flight,427807111,460,4.600000,0.010000,392404000,892,23585,1,0,flying,0.055666,0.000264,-1.520975,0.149040,0.000990,-0.010747,-0.000038,-0.015562,0.015890,603.813354,608.115906,603.336182,607.635864
2,joystick_flight,427807111,461,4.610000,0.010000,392428000,892,23433,1,0,flying,0.057164,0.000274,-1.521082,0.150539,0.001011,-0.010511,-0.000038,-0.015087,0.016249,603.925964,607.952454,603.501709,607.523071
2,joystick_flight,427807111,462,4.620000,0.010000,392451000,891,23451,1,0,flying,0.058676,0.000284,-1.521185,0.151991,0.001031,-0.010275,-0.000038,-0.014605,0.016611,604.038879,607.789307,603.666870,607.409912
2,joystick_flight,427807111,463,4.630000,0.010000,392475000,889,23582,1,0,flying,0.060203,0.000295,-1.521287,0.153396,0.001051,-0.010060,-0.000038,-0.014117,0.016976,603.883118,608.074280,603.498535,607.680176
2,joystick_flight,427807111,464,4.640000,0.010000,392499000,890,23429,1,0,flying,0.061744,0.000305,-1.521387,0.154754,0.001070,-0.009845,-0.000038,-0.013622,0.017344,603.998474,607.908447,603.666382,607.564636
2,joystick_flight,427807111,465,4.650000,0.010000,392522000,891,23473,1,0,flying,0.063298,0.000316,-1.521484,0.156062,0.001089,-0.009631,-0.000037,-0.013122,0.017714,604.114197,607.742981,603.833801,607.448792
2,joystick_flight,427807111,466,4.660000,0.010000,392546000,892,23541,1,0,flying,0.064865,0.000327,-1.521579,0.157321,0.001108,-0.009417,-0.000036,-0.012617,0.018087,604.230164,607.578003,604.000671,607.332642
2,joystick_flight,427807111,467,4.670000,0.010000,392569000,893,23418,1,0,flying,0.066444,0.000338,-1.521672,0.158531,0.001127,-0.009221,-0.000035,-0.012108,0.018463,604.067932,607.852356,603.832825,607.598450
2,joystick_flight,427807111,468,4.680000,0.010000,392593000,893,23396,1,0,flying,0.068036,0.000350,-1.521764,0.159691,0.001145,-0.009026,-0.000034,-0.011595,0.018841,604.186401,607.685181,604.001831,607.479797
2,joystick_flight,427807111,469,4.690000,0.010000,392616000,894,23284,1,0,flying,0.069638,0.000361,-1.521853,0.160801,0.001163,-0.008831,-0.000032,-0.011079,0.019221,604.305115,607.518555,604.170166,607.360901
2,joystick_flight,427807111,470,4.700000,0.010000,392640000,894,23536,1,0,flying,0.071251,0.000373,-1.521940,0.161860,0.001181,-0.008637,-0.000031,-0.010561,0.019604,604.424133,607.352600,604.337769,607.241760
2,joystick_flight,427807111,471,4.710000,0.010000,392664000,892,23554,1,0,flying,0.072875,0.000385,-1.522026,0.162868,0.001198,-0.008459,-0.000029,-0.010042,0.019989,604.255676,607.617493,604.170105,607.503784
2,joystick_flight,427807111,472,4.720000,0.010000,392687000,892,23522,1,0,flying,0.074509,0.000397,-1.522110,0.163825,0.001214,-0.008282,-0.000026,-0.009521,0.020377,604.377197,607.449890,604.339355,607.382202
2,joystick_flight,427807111,473,4.730000,0.010000,392710000,891,23228,1,0,flying,0.076151,0.000409,-1.522191,0.164732,0.001230,-0.008105,-0.000024,-0.008999,0.020766,604.498962,607.282959,604.507690,607.260376
2,joystick_flight,427807111,474,4.740000,0.010000,392734000,891,23428,1,0,flying,0.077803,0.000421,-1.522272,0.165587,0.001246,-0.007929,-0.000021,-0.008478,0.021158,604.620850,607.116943,604.675171,607.138306
2,joystick_flight,427807111,475,4.750000,0.010000,392757000,894,23813,1,0,flying,0.079463,0.000434,-1.522350,0.166391,0.001262,-0.007767,-0.000017,-0.007958,0.021551,604.446594,607.373596,604.507324,607.397278
2,joystick_flight,427807111,476,4.760000,0.010000,392782000,891,23649,1,0,flying,0.081131,0.000447,-1.522427,0.167145,0.001276,-0.007605,-0.000014,-0.007438,0.021947,604.571045,607.206360,604.675964,607.272766
2,joystick_flight,427807111,477,4.770000,0.010000,392805000,892,23555,1,0,flying,0.082806,0.000459,-1.522502,0.167848,0.001291,-0.007444,-0.000010,-0.006921,0.022344,604.695679,607.040039,604.843506,607.148132
2,joystick_flight,427807111,478,4.780000,0.010000,392828000,894,23349,1,0,flying,0.084488,0.000472,-1.522576,0.168500,0.001305,-0.007283,-0.000006,-0.006406,0.022743,604.820435,606.874756,605.009949,607.023315
2,joystick_flight,427807111,479,4.790000,0.010000,392852000,892,23468,1,0,flying,0.086176,0.000486,-1.522648,0.169101,0.001318,-0.007136,-0.000002,-0.005878,0.023143,605.912048,607.626099,604.289856,606.058899
2,joystick_flight,427807111,480,4.800000,0.010000,392876000,894,23390,1,0,flying,0.087869,0.000499,-1.522719,0.169650,0.001331,-0.006989,0.000003,-0.005324,0.023544,606.013245,607.440918,604.477356,605.956299
2,joystick_flight,427807111,481,4.810000,0.010000,392899000,892,23529,1,0,flying,0.089568,0.000512,-1.522788,0.170143,0.001343,-0.006842,0.000008,-0.004744,0.023947,606.113647,607.256226,604.664246,605.854553
2,joystick_flight,427807111,482,4.820000,0.010000,392923000,893,23490,1,0,flying,0.091272,0.000526,-1.522855,0.170578,0.001355,-0.006695,0.000013,-0.004140,0.024350,606.213257,607.072205,604.850342,605.753479
2,joystick_flight,427807111,483,4.830000,0.010000,392946000,890,23502,1,0,flying,0.092980,0.000539,-1.522922,0.170953,0.001365,-0.006560,0.000018,-0.003512,0.024753,606.358276,606.937317,605.062378,605.677490
2,joystick_flight,427807111,484,4.840000,0.010000,392970000,892,23439,1,0,flying,0.094691,0.000553,-1.522987,0.171265,0.001375,-0.006426,0.000023,-0.002864,0.025157,606.455933,606.754761,605.246887,605.578308
2,joystick_flight,427807111,485,4.850000,0.010000,392994000,890,23588,1,0,flying,0.096405,0.000567,-1.523050,0.171512,0.001384,-0.006292,0.000029,-0.002195,0.025561,606.552734,606.573181,605.430298,605.479858
2,joystick_flight,427807111,486,4.860000,0.010000,393017000,890,23458,1,0,flying,0.098121,0.000581,-1.523112,0.171694,0.001392,-0.006158,0.000035,-0.001508,0.025965,606.648682,606.392761,605.612488,605.382263
2,joystick_flight,427807111,487,4.870000,0.010000,393041000,891,23476,1,0,flying,0.099839,0.000595,-1.523173,0.171807,0.001398,-0.006035,0.000041,-0.000803,0.026369,606.781799,606.253906,605.822021,605.311462
2,joystick_flight,427807111,488,4.880000,0.010000,393064000,893,23460,1,0,flying,0.101557,0.000609,-1.523233,0.171850,0.001404,-0.005911,0.000047,-0.000083,0.026772,606.875916,606.075989,606.001465,605.215637
2,joystick_flight,427807111,489,4.890000,0.010000,393088000,898,23619,1,0,flying,0.103275,0.000623,-1.523292,0.171822,0.001408,-0.005788,0.000054,0.000652,0.027175,606.969238,605.899536,606.179321,605.120605
2,joystick_flight,427807111,490,4.900000,0.010000,393112000,894,23568,1,0,flying,0.104993,0.000637,-1.523349,0.171722,0.001411,-0.005665,0.000061,0.001400,0.027576,607.061646,605.724731,606.355469,605.026367
2,joystick_flight,427807111,491,4.910000,0.010000,393135000,892,23486,1,0,flying,0.106709,0.000651,-1.523405,0.171548,0.001412,-0.005552,0.000068,0.002159,0.027977,607.182556,605.583557,606.561584,604.961914
2,joystick_flight,427807111,492,4.920000,0.010000,393159000,889,23272,1,0,flying,0.108424,0.000665,-1.523460,0.171298,0.001412,-0.005438,0.000076,0.002929,0.028376,607.273315,605.412292,606.733948,604.869446
2,joystick_flight,427807111,493,4.930000,0.010000,393182000,895,23555,1,0,flying,0.110135,0.000679,-1.523514,0.170973,0.001411,-0.005324,0.000083,0.003707,0.028774,607.363159,605.242920,606.904358,604.777771
2,joystick_flight,427807111,494,4.940000,0.010000,393206000,890,23495,1,0,flying,0.111843,0.000693,-1.523566,0.170572,0.001408,-0.005210,0.000091,0.004493,0.029171,607.452148,605.075562,607.072571,604.687012
2,joystick_flight,427807111,495,4.950000,0.010000,393229000,892,23510,1,0,flying,0.113546,0.000707,-1.523618,0.170093,0.001403,-0.005105,0.000100,0.005284,0.029565,607.560913,604.933899,607.274292,604.629761
2,joystick_flight,427807111,496,4.960000,0.010000,393253000,891,23433,1,0,flying,0.115245,0.000721,-1.523669,0.169536,0.001397,-0.004999,0.000108,0.006080,0.029958,607.648315,604.770996,607.437805,604.540649
2,joystick_flight,427807111,497,4.970000,0.010000,393276000,890,23436,1,0,flying,0.116937,0.000735,-1.523718,0.168901,0.001389,-0.004893,0.000117,0.006879,0.030348,607.734741,604.610474,607.598877,604.452454
2,joystick_flight,427807111,498,4.980000,0.010000,393300000,889,23381,1,0,flying,0.118622,0.000749,-1.523766,0.168188,0.001379,-0.004786,0.000126,0.007681,0.030736,607.820312,604.452332,607.757507,604.365112
2,joystick_flight,427807111,499,4.990000,0.010000,393323000,892,23373,1,0,flying,0.120300,0.000763,-1.523814,0.167396,0.001367,-0.004687,0.000136,0.008482,0.031121,607.917236,604.311890,607.953857,604.315918
2,joystick_flight,427807111,500,5.000000,0.010000,393347000,893,23567,1,0,flying,0.121970,0.000776,-1.523860,0.166526,0.001354,-0.004587,0.000145,0.009283,0.031504,608.001282,604.159119,608.106812,604.230225
2,joystick_flight,427807111,501,5.010000,0.010000,393371000,890,23435,1,0,flying,0.123631,0.000790,-1.523905,0.165578,0.001338,-0.004487,0.000155,0.010081,0.031884,608.084351,604.008972,608.257080,604.145447
2,joystick_flight,427807111,502,5.020000,0.010000,393394000,891,23519,1,0,flying,0.125281,0.000803,-1.523950,0.164551,0.001321,-0.004386,0.000165,0.010877,0.032261,608.166504,603.861572,608.404480,604.061646
2,joystick_flight,427807111,503,5.030000,0.010000,393418000,892,23364,1,0,flying,0.126921,0.000816,-1.523993,0.163447,0.001302,-0.004292,0.000176,0.011667,0.032634,608.251770,603.724182,608.594421,604.021057
2,joystick_flight,427807111,504,5.040000,0.010000,393441000,893,23321,1,0,flying,0.128550,0.000829,-1.524036,0.162265,0.001281,-0.004197,0.000186,0.012452,0.033004,608.332458,603.582947,608.735474,603.938843
2,joystick_flight,427807111,505,5.050000,0.010000,393464000,889,23511,1,0,flying,0.130166,0.000842,-1.524077,0.161007,0.001258,-0.004101,0.000197,0.013229,0.033371,608.412170,603.444641,608.873474,603.857605
2,joystick_flight,427807111,506,5.060000,0.010000,393488000,891,23373,1,0,flying,0.131770,0.000854,-1.524118,0.159673,0.001233,-0.004004,0.000208,0.013998,0.033734,608.490906,603.309387,609.008362,603.777405
2,joystick_flight,427807111,507,5.070000,0.010000,393512000,891,23360,1,0,flying,0.133360,0.000867,-1.524157,0.158264,0.001206,-0.003914,0.000219,0.014758,0.034093,608.564941,603.176758,609.190918,603.745911
2,joystick_flight,427807111,508,5.080000,0.010000,393535000,890,23345,1,0,flying,0.134935,0.000878,-1.524196,0.156782,0.001177,-0.003823,0.000231,0.015507,0.034448,608.642273,603.048279,609.318787,603.667236
2,joystick_flight,427807111,509,5.090000,0.010000,393558000,891,23529,1,0,flying,0.136495,0.000890,-1.524234,0.155226,0.001146,-0.003730,0.000242,0.016244,0.034799,608.718506,602.923035,609.443359,603.589661
2,joystick_flight,427807111,510,5.100000,0.010000,393582000,893,23543,1,0,flying,0.138039,0.000901,-1.524271,0.153599,0.001114,-0.003637,0.000254,0.016968,0.035146,608.793701,602.801025,609.564636,603.513245
2,joystick_flight,427807111,511,5.110000,0.010000,393606000,890,23572,1,0,flying,0.139567,0.000912,-1.524307,0.151902,0.001079,-0.003549,0.000265,0.017679,0.035488,608.856995,602.674744,609.738770,603.491028
2,joystick_flight,427807111,512,5.120000,0.010000,393629000,893,23471,1,0,flying,0.141077,0.000923,-1.524342,0.150136,0.001043,-0.003461,0.000277,0.018374,0.035825,608.930786,602.560120,609.852417,603.416077
2,joystick_flight,427807111,513,5.130000,0.010000,393653000,893,23311,1,0,flying,0.142569,0.000933,-1.524376,0.148302,0.001005,-0.003371,0.000289,0.019054,0.036158,609.003540,602.448914,609.962646,603.342346
2,joystick_flight,427807111,514,5.140000,0.010000,393676000,894,23300,1,0,flying,0.144043,0.000943,-1.524409,0.146402,0.000965,-0.003280,0.000301,0.019717,0.036486,609.075073,602.341125,610.069397,603.269775
2,joystick_flight,427807111,515,5.150000,0.010000,393699000,893,23536,1,0,flying,0.145497,0.000952,-1.524441,0.144439,0.000923,-0.003194,0.000313,0.020362,0.036809,609.128052,602.222717,610.234009,603.256897
2,joystick_flight,427807111,516,5.160000,0.010000,393723000,892,23540,1,0,flying,0.146931,0.000961,-1.524473,0.142413,0.000879,-0.003108,0.000326,0.020988,0.037127,609.198181,602.122803,610.332703,603.185913
2,joystick_flight,427807111,517,5.170000,0.010000,393747000,891,23475,1,0,flying,0.148345,0.000970,-1.524503,0.140326,0.000834,-0.003020,0.000338,0.021595,0.037440,609.267151,602.026428,610.427856,603.116211
2,joystick_flight,427807111,518,5.180000,0.010000,393770000,888,23704,1,0,flying,0.149738,0.000978,-1.524533,0.138182,0.000787,-0.002931,0.000350,0.022182,0.037748,609.334900,601.933594,610.519409,603.047729
2,joystick_flight,427807111,519,5.190000,0.010000,393794000,892,23572,1,0,flying,0.151109,0.000986,-1.524562,0.135980,0.000738,-0.002848,0.000362,0.022748,0.038049,609.378052,601.824280,610.673401,603.044006
2,joystick_flight,427807111,520,5.200000,0.010000,393818000,894,23366,1,0,flying,0.152457,0.000993,-1.524590,0.133724,0.000688,-0.002763,0.000374,0.023292,0.038346,609.444336,601.739685,610.756653,602.977173
2,joystick_flight,427807111,521,5.210000,0.010000,393841000,893,23467,1,0,flying,0.153783,0.001000,-1.524617,0.131416,0.000637,-0.002677,0.000386,0.023813,0.038636,609.509338,601.658691,610.836182,602.911682
2,joystick_flight,427807111,522,5.220000,0.010000,393865000,894,23464,1,0,flying,0.155085,0.001006,-1.524644,0.129058,0.000584,-0.002590,0.000398,0.024312,0.038921,609.572998,601.581360,610.912048,602.847595
2,joystick_flight,427807111,523,5.230000,0.010000,393888000,890,23429,1,0,flying,0.156364,0.001011,-1.524669,0.126652,0.000529,-0.002509,0.000410,0.024787,0.039200,609.606812,601.482300,611.054504,602.852661
2,joystick_flight,427807111,524,5.240000,0.010000,393912000,889,23330,1,0,flying,0.157618,0.001016,-1.524694,0.124201,0.000473,-0.002426,0.000421,0.025238,0.039473,609.669006,601.413452,611.121887,602.790283
2,joystick_flight,427807111,525,5.250000,0.010000,393935000,890,23468,1,0,flying,0.158848,0.001021,-1.524718,0.121707,0.000416,-0.002343,0.000433,0.025663,0.039740,609.729736,601.348206,611.185547,602.729370
2,joystick_flight,427807111,526,5.260000,0.010000,393959000,892,23278,1,0,flying,0.160052,0.001025,-1.524741,0.119172,0.000358,-0.002258,0.000444,0.026064,0.040001,609.789124,601.286621,611.245544,602.669922
2,joystick_flight,427807111,527,5.270000,0.010000,393982000,888,23210,1,0,flying,0.161231,0.001028,-1.524763,0.116599,0.000299,-0.002179,0.000455,0.026439,0.040256,609.813965,601.198730,611.375427,602.683289
2,joystick_flight,427807111,528,5.280000,0.010000,394005000,892,23280,1,0,flying,0.162384,0.001031,-1.524784,0.113991,0.000239,-0.002099,0.000466,0.026788,0.040504,609.871704,601.145752,611.426758,602.625671
2,joystick_flight,427807111,529,5.290000,0.010000,394029000,888,23470,1,0,flying,0.163511,0.001033,-1.524805,0.111350,0.000178,-0.002019,0.000477,0.027110,0.040746,609.927917,601.096375,611.474487,602.569580
2,joystick_flight,427807111,530,5.300000,0.010000,394053000,888,23596,1,0,flying,0.164611,0.001034,-1.524825,0.108678,0.000116,-0.001937,0.000488,0.027406,0.040981,609.982666,601.050659,611.518555,602.515076
2,joystick_flight,427807111,531,5.310000,0.010000,394076000,891,23570,1,0,flying,0.165684,0.001035,-1.524844,0.105979,0.000053,-0.001861,0.000498,0.027675,0.041210,609.998962,600.974670,611.634949,602.536133
2,joystick_flight,427807111,532,5.320000,0.010000,394100000,889,23448,1,0,flying,0.166730,0.001035,-1.524862,0.103255,-0.000010,-0.001784,0.000508,0.027916,0.041432,610.051941,600.937500,611.670471,602.483582
2,joystick_flight,427807111,533,5.330000,0.010000,394123000,890,23548,1,0,flying,0.167749,0.001035,-1.524879,0.100508,-0.000074,-0.001707,0.000517,0.028130,0.041647,610.103271,600.903992,611.702332,602.432617
2,joystick_flight,427807111,534,5.340000,0.010000,394147000,888,23380,1,0,flying,0.168741,0.001034,-1.524896,0.097742,-0.000138,-0.001629,0.000527,0.028316,0.041856,610.153015,600.873962,611.730652,602.383423
2,joystick_flight,427807111,535,5.350000,0.010000,394170000,889,23430,1,0,flying,0.169704,0.001032,-1.524912,0.094959,-0.000203,-0.001557,0.000536,0.028475,0.042058,610.161194,600.810364,611.832764,602.411499
2,joystick_flight,427807111,536,5.360000,0.010000,394194000,893,23737,1,0,flying,0.170640,0.001030,-1.524927,0.092161,-0.000268,-0.001485,0.000544,0.028605,0.042253,610.208984,600.788879,611.852600,602.364380
2,joystick_flight,427807111,537,5.370000,0.010000,394218000,893,23485,1,0,flying,0.171547,0.001027,-1.524942,0.089352,-0.000333,-0.001412,0.000552,0.028707,0.042441,610.255066,600.770874,611.869019,602.318970
2,joystick_flight,427807111,538,5.380000,0.010000,394241000,890,23527,1,0,flying,0.172427,0.001023,-1.524955,0.086535,-0.000398,-0.001339,0.000560,0.028782,0.042622,610.299438,600.756287,611.881958,602.275330
2,joystick_flight,427807111,539,5.390000,0.010000,394265000,893,23548,1,0,flying,0.173278,0.001019,-1.524969,0.083711,-0.000464,-0.001271,0.000568,0.028829,0.042796,610.299805,600.705383,611.968994,602.309692
2,joystick_flight,427807111,540,5.400000,0.010000,394289000,892,23498,1,0,flying,0.174101,0.001014,-1.524981,0.080884,-0.000529,-0.001204,0.000575,0.028848,0.042963,610.342041,600.699097,611.973755,602.268311
2,joystick_flight,427807111,541,5.410000,0.010000,394312000,892,23323,1,0,flying,0.174896,0.001008,-1.524993,0.078057,-0.000594,-0.001136,0.000581,0.028840,0.043123,610.382568,600.696167,611.975159,602.228760
2,joystick_flight,427807111,542,5.420000,0.010000,394336000,889,23419,1,0,flying,0.175662,0.001002,-1.525004,0.075231,-0.000659,-0.001069,0.000587,0.028804,0.043276,610.421204,600.696594,611.973267,602.191162
2,joystick_flight,427807111,543,5.430000,0.010000,394359000,894,23591,1,0,flying,0.176400,0.000995,-1.525014,0.072411,-0.000723,-0.001007,0.000593,0.028741,0.043422,610.414062,600.658569,612.044739,602.230957
2,joystick_flight,427807111,544,5.440000,0.010000,394383000,892,23594,1,0,flying,0.177110,0.000987,-1.525024,0.069597,-0.000787,-0.000945,0.000598,0.028650,0.043560,610.450378,600.666931,612.034973,602.195679
2,joystick_flight,427807111,545,5.450000,0.010000,394406000,892,23427,1,0,flying,0.177792,0.000979,-1.525033,0.066794,-0.000851,-0.000883,0.000603,0.028533,0.043692,610.484863,600.678467,612.022034,602.162415
2,joystick_flight,427807111,546,5.460000,0.010000,394430000,892,23599,1,0,flying,0.178446,0.000970,-1.525041,0.064004,-0.000913,-0.000822,0.000607,0.028390,0.043816,610.517334,600.693176,612.005981,602.131104
2,joystick_flight,427807111,547,5.470000,0.010000,394453000,890,23218,1,0,flying,0.179072,0.000961,-1.525049,0.061229,-0.000976,-0.000767,0.000611,0.028220,0.043933,610.503113,600.668030,612.061523,602.175598
2,joystick_flight,427807111,548,5.480000,0.010000,394477000,885,23372,1,0,flying,0.179671,0.000951,-1.525057,0.058472,-0.001037,-0.000711,0.000614,0.028025,0.044043,610.533142,600.690247,612.037964,602.146851
2,joystick_flight,427807111,549,5.490000,0.010000,394500000,888,23123,1,0,flying,0.180242,0.000940,-1.525064,0.055735,-0.001097,-0.000657,0.000617,0.027803,0.044146,610.561157,600.715515,612.011475,602.120178
2,joystick_flight,427807111,550,5.500000,0.010000,394523000,887,23248,1,0,flying,0.180786,0.000929,-1.525070,0.053021,-0.001157,-0.000603,0.000619,0.027558,0.044241,610.587219,600.743652,611.982117,602.095520
2,joystick_flight,427807111,551,5.510000,0.010000,394547000,893,23447,1,0,flying,0.181302,0.000917,-1.525076,0.050332,-0.001215,-0.000554,0.000621,0.027287,0.044330,610.566101,600.731323,612.021545,602.143921
2,joystick_flight,427807111,552,5.520000,0.010000,394570000,893,23465,1,0,flying,0.181792,0.000905,-1.525081,0.047671,-0.001272,-0.000505,0.000622,0.026993,0.044411,610.589478,600.766541,611.985168,602.122009
2,joystick_flight,427807111,553,5.530000,0.010000,394594000,890,23523,1,0,flying,0.182256,0.000892,-1.525086,0.045040,-0.001328,-0.000458,0.000623,0.026675,0.044485,610.610779,600.804565,611.946045,602.102234
2,joystick_flight,427807111,554,5.540000,0.010000,394618000,891,23347,1,0,flying,0.182693,0.000878,-1.525090,0.042441,-0.001383,-0.000412,0.000623,0.026334,0.044552,610.629944,600.845276,611.904297,602.084595
2,joystick_flight,427807111,555,5.550000,0.010000,394641000,893,23283,1,0,flying,0.183105,0.000864,-1.525094,0.039876,-0.001436,-0.000370,0.000623,0.025971,0.044611,610.602417,600.845459,611.927612,602.136230
2,joystick_flight,427807111,556,5.560000,0.010000,394664000,893,23378,1,0,flying,0.183491,0.000849,-1.525098,0.037349,-0.001488,-0.000329,0.000622,0.025585,0.044664,610.618713,600.892761,611.879395,602.121521
2,joystick_flight,427807111,557,5.570000,0.010000,394688000,889,23501,1,0,flying,0.183852,0.000834,-1.525101,0.034860,-0.001538,-0.000289,0.000620,0.025179,0.044710,610.632935,600.942505,611.828735,602.108948
2,joystick_flight,427807111,558,5.580000,0.010000,394711000,890,23409,1,0,flying,0.184188,0.000819,-1.525103,0.032411,-0.001587,-0.000250,0.000619,0.024752,0.044748,610.644897,600.994751,611.775635,602.098572
2,landing,427807111,559,5.590000,0.010000,394735000,889,23473,1,0,landing,0.184502,0.000802,-1.525056,0.030251,-0.001629,0.009781,0.000616,0.024306,0.044779,579.090881,568.954773,580.326172,570.164978
2,landing,427807111,560,5.600000,0.010000,394758000,893,23388,1,0,landing,0.184793,0.000786,-1.524908,0.028131,-0.001670,0.019812,0.000613,0.023840,0.044804,579.100342,569.016235,580.264038,570.157288
2,landing,427807111,561,5.610000,0.010000,394782000,887,23396,1,0,landing,0.185064,0.000769,-1.524659,0.026053,-0.001709,0.029841,0.000610,0.023355,0.044821,579.107483,569.080139,580.199524,570.151917
2,landing,427807111,562,5.620000,0.010000,394806000,892,23419,1,0,landing,0.185315,0.000752,-1.524311,0.024018,-0.001747,0.039870,0.000606,0.022853,0.044832,579.112305,569.146240,580.132812,570.148865
2,landing,427807111,563,5.630000,0.010000,394829000,890,23343,1,0,landing,0.185545,0.000734,-1.523866,0.022010,-0.001783,0.049095,0.000602,0.022334,0.044836,581.660217,571.805542,582.698303,572.827148
2,landing,427807111,564,5.640000,0.010000,394852000,887,23432,1,0,landing,0.185755,0.000716,-1.523329,0.020048,-0.001818,0.058319,0.000597,0.021799,0.044833,581.661499,571.876892,582.626465,572.827698
2,landing,427807111,565,5.650000,0.010000,394876000,890,23546,1,0,landing,0.185946,0.000698,-1.522700,0.018135,-0.001851,0.067543,0.000592,0.021248,0.044823,581.660461,571.950317,582.552673,572.830566
2,landing,427807111,566,5.660000,0.010000,394899000,891,23606,1,0,landing,0.186118,0.000679,-1.521978,0.016272,-0.001882,0.076765,0.000586,0.020683,0.044806,581.657043,572.025696,582.476868,572.835754
2,landing,427807111,567,5.670000,0.010000,394923000,889,23355,1,0,landing,0.186271,0.000660,-1.521168,0.014444,-0.001912,0.085248,0.000580,0.020105,0.044783,583.982300,574.473816,584.812683,575.296082
2,landing,427807111,568,5.680000,0.010000,394947000,891,23438,1,0,landing,0.186407,0.000641,-1.520273,0.012669,-0.001939,0.093730,0.000574,0.019513,0.044753,583.975281,574.553650,584.732544,575.304871
2,landing,427807111,569,5.690000,0.010000,394970000,892,23366,1,0,landing,0.186525,0.000621,-1.519293,0.010947,-0.001965,0.102212,0.000567,0.018909,0.044717,583.965942,574.635315,584.650696,575.316040
2,landing,427807111,570,5.700000,0.010000,394993000,890,23346,1,0,landing,0.186626,0.000602,-1.518229,0.009279,-0.001989,0.110692,0.000560,0.018295,0.044674,583.954224,574.718567,584.567200,575.329529
2,landing,427807111,571,5.710000,0.010000,395017000,891,23427,1,0,landing,0.186711,0.000582,-1.517083,0.007655,-0.002012,0.118493,0.000552,0.017670,0.044625,586.076477,576.974365,586.693115,577.590820
2,landing,427807111,572,5.720000,0.010000,395041000,889,23517,1,0,landing,0.186779,0.000561,-1.515859,0.006088,-0.002032,0.126292,0.000544,0.017035,0.044569,586.061096,577.061462,586.605957,577.607971
2,landing,427807111,573,5.730000,0.010000,395064000,890,23400,1,0,landing,0.186833,0.000541,-1.514557,0.004579,-0.002051,0.134091,0.000536,0.016392,0.044507,586.043396,577.149902,586.517395,577.627441
2,landing,427807111,574,5.740000,0.010000,395088000,888,23401,1,0,landing,0.186871,0.000520,-1.513177,0.003127,-0.002067,0.141889,0.000527,0.015742,0.044439,586.023376,577.239807,586.427490,577.649231
2,landing,427807111,575,5.750000,0.010000,395111000,892,23411,1,0,landing,0.186895,0.000500,-1.511722,0.001726,-0.002082,0.149062,0.000518,0.015084,0.044365,587.960449,579.320251,588.361694,579.728699
2,landing,427807111,576,5.760000,0.010000,395134000,895,23303,1,0,landing,0.186906,0.000479,-1.510196,0.000384,-0.002095,0.156234,0.000509,0.014421,0.044285,587.936707,579.413147,588.268860,579.754150
2,landing,427807111,577,5.770000,0.010000,395158000,888,23422,1,0,landing,0.186903,0.000458,-1.508598,-0.000898,-0.002106,0.163405,0.000499,0.013752,0.044199,587.910706,579.507202,588.174866,579.781860
2,landing,427807111,578,5.780000,0.010000,395181000,890,23513,1,0,landing,0.186888,0.000437,-1.506928,-0.002118,-0.002114,0.170576,0.000490,0.013080,0.044108,587.882446,579.602356,588.079834,579.811829
2,landing,427807111,579,5.790000,0.010000,395205000,889,23434,1,0,landing,0.186861,0.000415,-1.505189,-0.003284,-0.002122,0.177172,0.000480,0.012404,0.044010,589.650513,581.522583,589.838928,581.724976
2,landing,427807111,580,5.800000,0.010000,395229000,893,23326,1,0,landing,0.186823,0.000394,-1.503384,-0.004389,-0.002127,0.183767,0.000469,0.011725,0.043907,589.618591,581.620056,589.741638,581.758606
2,landing,427807111,581,5.810000,0.010000,395252000,892,23235,1,0,landing,0.186773,0.000373,-1.501514,-0.005431,-0.002130,0.190361,0.000459,0.011045,0.043798,589.584351,581.718445,589.643494,581.794373
2,landing,427807111,582,5.820000,0.010000,395275000,889,23541,1,0,landing,0.186714,0.000352,-1.499577,-0.006411,-0.002131,0.196955,0.000449,0.010364,0.043684,589.547974,581.817566,589.544556,581.832397
2,landing,427807111,583,5.830000,0.010000,395299000,893,23486,1,0,landing,0.186645,0.000330,-1.497577,-0.007334,-0.002131,0.203021,0.000438,0.009683,0.043564,591.161926,583.591431,591.143921,583.593628
2,landing,427807111,584,5.840000,0.010000,395322000,891,23409,1,0,landing,0.186568,0.000309,-1.495517,-0.008195,-0.002128,0.209086,0.000427,0.009003,0.043439,591.121887,583.692200,591.043396,583.635193
2,landing,427807111,585,5.850000,0.010000,395346000,892,23591,1,0,landing,0.186482,0.000288,-1.493396,-0.008993,-0.002124,0.215150,0.000416,0.008324,0.043309,591.079773,583.793579,590.942322,583.678833
2,landing,427807111,586,5.860000,0.010000,395370000,894,23576,1,0,landing,0.186388,0.000267,-1.491214,-0.009729,-0.002118,0.221214,0.000405,0.007649,0.043174,591.035461,583.895508,590.840759,583.724548
2,landing,427807111,587,5.870000,0.010000,395393000,892,23474,1,0,landing,0.186287,0.000245,-1.488974,-0.010406,-0.002110,0.226792,0.000394,0.006976,0.043034,592.508728,585.535278,592.294373,585.346802
2,landing,427807111,588,5.880000,0.010000,395417000,891,23332,1,0,landing,0.186180,0.000224,-1.486678,-0.011021,-0.002101,0.232370,0.000382,0.006307,0.042889,592.460876,585.638184,592.191833,585.395996
2,landing,427807111,589,5.890000,0.010000,395440000,893,23340,1,0,landing,0.186067,0.000203,-1.484326,-0.011575,-0.002090,0.237947,0.000371,0.005643,0.042740,592.411072,585.741455,592.088989,585.447144
2,landing,427807111,590,5.900000,0.010000,395464000,896,23444,1,0,landing,0.185949,0.000183,-1.481919,-0.012067,-0.002077,0.243524,0.000360,0.004985,0.042585,592.359253,585.844910,591.985901,585.500305
2,landing,427807111,591,5.910000,0.010000,395487000,890,23346,1,0,landing,0.185826,0.000162,-1.479458,-0.012501,-0.002063,0.248655,0.000348,0.004333,0.042426,593.703979,587.361816,593.306824,586.995361
2,landing,427807111,592,5.920000,0.010000,395511000,892,23397,1,0,landing,0.185699,0.000141,-1.476946,-0.012875,-0.002047,0.253785,0.000337,0.003687,0.042263,593.648743,587.465698,593.203369,587.051819
2,landing,427807111,593,5.930000,0.010000,395534000,895,23516,1,0,landing,0.185569,0.000121,-1.474382,-0.013189,-0.002029,0.258915,0.000325,0.003050,0.042095,593.591614,587.569641,593.099854,587.110107
2,landing,427807111,594,5.940000,0.010000,395558000,893,23396,1,0,landing,0.185435,0.000101,-1.471768,-0.013444,-0.002010,0.264045,0.000314,0.002421,0.041924,593.532654,587.673645,592.996338,587.170166
2,landing,427807111,595,5.950000,0.010000,395581000,892,23401,1,0,landing,0.185300,0.000081,-1.469104,-0.013642,-0.001989,0.268764,0.000303,0.001801,0.041748,594.760071,589.077576,594.196411,588.548828
2,landing,427807111,596,5.960000,0.010000,395605000,894,23540,1,0,landing,0.185163,0.000061,-1.466392,-0.013783,-0.001968,0.273483,0.000292,0.001191,0.041568,594.697815,589.181335,594.093079,588.612061
2,landing,427807111,597,5.970000,0.010000,395628000,891,23355,1,0,landing,0.185024,0.000041,-1.463634,-0.013867,-0.001944,0.278203,0.000280,0.000591,0.041384,594.633911,589.285034,593.989929,588.677002
2,landing,427807111,598,5.980000,0.010000,395652000,892,23563,1,0,landing,0.184886,0.000022,-1.460828,-0.013895,-0.001920,0.282922,0.000269,0.000002,0.041197,594.568237,589.388489,593.887024,588.743591
2,landing,427807111,599,5.990000,0.010000,395675000,892,23405,1,0,landing,0.184747,0.000003,-1.457977,-0.013869,-0.001894,0.287263,0.000258,-0.000575,0.041006,595.688538,590.688416,594.977234,590.015625
2,landing,427807111,600,6.000000,0.010000,395699000,892,23462,1,0,landing,0.184608,-0.000016,-1.455083,-0.013790,-0.001867,0.291605,0.000248,-0.001141,0.040812,595.619873,590.791138,594.875061,590.085083
2,landing,427807111,601,6.010000,0.010000,395723000,893,23415,1,0,landing,0.184471,-0.000034,-1.452145,-0.013658,-0.001839,0.295946,0.000237,-0.001693,0.040614,595.549683,590.893555,594.773193,590.156128
2,landing,427807111,602,6.020000,0.010000,395746000,892,23392,1,0,landing,0.184335,-0.000053,-1.449164,-0.013475,-0.001810,0.300288,0.000226,-0.002233,0.040413,595.477966,590.995544,594.671814,590.228577
2,landing,427807111,603,6.030000,0.010000,395770000,892,23485,1,0,landing,0.184202,-0.000071,-1.446141,-0.013241,-0.001780,0.304283,0.000216,-0.002758,0.040209,596.500366,592.199524,595.662354,591.402832
2,landing,427807111,604,6.040000,0.010000,395793000,896,23553,1,0,landing,0.184071,-0.000088,-1.443078,-0.012958,-0.001748,0.308277,0.000206,-0.003270,0.040001,596.425842,592.300354,595.562134,591.477966
2,landing,427807111,605,6.050000,0.010000,395817000,891,23392,1,0,landing,0.183943,-0.000105,-1.439976,-0.012628,-0.001716,0.312272,0.000196,-0.003767,0.039792,596.350037,592.400574,595.462463,591.554382
2,landing,427807111,606,6.060000,0.010000,395840000,894,23464,1,0,landing,0.183818,-0.000122,-1.436833,-0.012252,-0.001683,0.316267,0.000186,-0.004248,0.039579,596.272888,592.500244,595.363403,591.632080
2,landing,427807111,607,6.070000,0.010000,395864000,891,23517,1,0,landing,0.183698,-0.000139,-1.433652,-0.011830,-0.001650,0.319943,0.000176,-0.004715,0.039363,597.205872,593.615601,596.263611,592.716736
2,landing,427807111,608,6.080000,0.010000,395887000,888,23441,1,0,landing,0.183582,-0.000155,-1.430434,-0.011365,-0.001615,0.323619,0.000167,-0.005165,0.039146,597.126221,593.713623,596.166138,592.796814
2,landing,427807111,609,6.090000,0.010000,395911000,891,23227,1,0,landing,0.183471,-0.000171,-1.427180,-0.010858,-0.001580,0.327295,0.000158,-0.005599,0.038926,597.045471,593.810974,596.069397,592.877930
2,landing,427807111,610,6.100000,0.010000,395934000,893,23594,1,0,landing,0.183365,-0.000187,-1.423888,-0.010310,-0.001544,0.330971,0.000149,-0.006017,0.038703,596.963623,593.907532,595.973389,592.960083
2,landing,427807111,611,6.110000,0.010000,395958000,891,23495,1,0,landing,0.183265,-0.000202,-1.420562,-0.009722,-0.001508,0.334353,0.000140,-0.006418,0.038479,597.814819,594.940613,596.791809,593.962463
2,landing,427807111,612,6.120000,0.010000,395981000,892,23561,1,0,landing,0.183171,-0.000217,-1.417201,-0.009097,-0.001471,0.337736,0.000131,-0.006801,0.038252,597.730835,595.035217,596.697815,594.046692
2,landing,427807111,613,6.130000,0.010000,396005000,890,23732,1,0,landing,0.183083,-0.000232,-1.413807,-0.008437,-0.001434,0.341119,0.000123,-0.007167,0.038024,597.645874,595.128967,596.604736,594.131775
2,landing,427807111,614,6.140000,0.010000,396029000,893,23458,1,0,landing,0.183002,-0.000246,-1.410379,-0.007742,-0.001396,0.344502,0.000115,-0.007516,0.037794,597.560120,595.221802,596.512451,594.217651
2,landing,427807111,615,6.150000,0.010000,396052000,891,23452,1,0,landing,0.182928,-0.000260,-1.406918,-0.007014,-0.001358,0.347615,0.000107,-0.007847,0.037562,598.336609,596.178467,597.256897,595.144409
2,landing,427807111,616,6.160000,0.010000,396076000,892,23495,1,0,landing,0.182862,-0.000273,-1.403427,-0.006255,-0.001320,0.350728,0.000100,-0.008159,0.037329,598.249023,596.268982,597.166992,595.231934
2,landing,427807111,617,6.170000,0.010000,396100000,891,23332,1,0,landing,0.182803,-0.000286,-1.399904,-0.005467,-0.001281,0.353841,0.000093,-0.008453,0.037095,598.160767,596.358521,597.078064,595.320129
2,landing,427807111,618,6.180000,0.010000,396123000,891,23372,1,0,landing,0.182752,-0.000299,-1.396350,-0.004652,-0.001243,0.356954,0.000086,-0.008729,0.036859,598.071899,596.447083,596.990173,595.408936
2,landing,427807111,619,6.190000,0.010000,396146000,897,23456,1,0,landing,0.182710,-0.000311,-1.392766,-0.003809,-0.001204,0.359819,0.000079,-0.008987,0.036622,598.780029,597.332642,597.667847,596.266052
2,landing,427807111,620,6.200000,0.010000,396170000,892,23516,1,0,landing,0.182676,-0.000323,-1.389153,-0.002943,-0.001165,0.362684,0.000073,-0.009226,0.036385,598.689819,597.418579,597.582520,596.356140
2,landing,427807111,621,6.210000,0.010000,396194000,893,23385,1,0,landing,0.182651,-0.000334,-1.385512,-0.002055,-0.001126,0.365549,0.000067,-0.009446,0.036146,598.599060,597.503418,597.498291,596.446533
2,landing,427807111,622,6.220000,0.010000,396217000,890,23547,1,0,landing,0.182635,-0.000345,-1.381842,-0.001146,-0.001087,0.368414,0.000061,-0.009648,0.035907,598.507996,597.587158,597.415161,596.537354
2,landing,427807111,623,6.230000,0.010000,396241000,892,23376,1,0,landing,0.182629,-0.000356,-1.378145,-0.000217,-0.001048,0.371051,0.000055,-0.009831,0.035667,599.153687,598.406311,598.032654,597.330322
2,landing,427807111,624,6.240000,0.010000,396264000,892,23464,1,0,landing,0.182631,-0.000366,-1.374421,0.000728,-0.001010,0.373687,0.000050,-0.009995,0.035427,599.061584,598.487244,597.952332,597.421936
2,landing,427807111,625,6.250000,0.010000,396287000,894,23360,1,0,landing,0.182643,-0.000376,-1.370671,0.001688,-0.000971,0.376323,0.000045,-0.010141,0.035186,598.969360,598.567017,597.873169,597.513794
2,landing,427807111,626,6.260000,0.010000,396311000,890,23430,1,0,landing,0.182665,-0.000386,-1.366895,0.002661,-0.000933,0.378960,0.000040,-0.010268,0.034946,598.876892,598.645569,597.795227,597.605713
2,landing,427807111,627,6.270000,0.010000,396334000,889,23182,1,0,landing,0.182696,-0.000395,-1.363093,0.003648,-0.000895,0.381386,0.000036,-0.010377,0.034705,599.465576,599.402588,598.358643,598.339417
2,landing,427807111,628,6.280000,0.010000,396358000,889,23407,1,0,landing,0.182738,-0.000404,-1.359267,0.004644,-0.000857,0.383812,0.000032,-0.010467,0.034464,599.372620,599.478210,598.283691,598.431763
2,landing,427807111,629,6.290000,0.010000,396382000,891,23641,1,0,landing,0.182789,-0.000412,-1.355417,0.005648,-0.000820,0.386238,0.000028,-0.010539,0.034223,599.279724,599.552551,598.209900,598.524048
2,landing,427807111,630,6.300000,0.010000,396405000,887,23601,1,0,landing,0.182851,-0.000420,-1.351542,0.006658,-0.000783,0.388664,0.000024,-0.010592,0.033983,599.186890,599.625671,598.137390,598.616211
2,landing,427807111,631,6.310000,0.010000,396429000,888,23380,1,0,landing,0.182923,-0.000428,-1.347645,0.007675,-0.000746,0.390896,0.000021,-0.010628,0.033743,599.723450,600.324463,598.652222,599.295105
2,landing,427807111,632,6.320000,0.010000,396452000,888,23480,1,0,landing,0.183004,-0.000435,-1.343724,0.008694,-0.000710,0.393129,0.000018,-0.010647,0.033503,599.630554,600.394531,598.582825,599.387207
2,landing,427807111,633,6.330000,0.010000,396476000,889,23431,1,0,landing,0.183096,-0.000442,-1.339782,0.009713,-0.000675,0.395361,0.000015,-0.010647,0.033264,599.537964,600.463257,598.514709,599.479065
2,landing,427807111,634,6.340000,0.010000,396499000,888,23421,1,0,landing,0.183199,-0.000448,-1.335817,0.010733,-0.000640,0.397593,0.000012,-0.010630,0.033026,599.445679,600.530701,598.447815,599.570496
2,landing,427807111,635,6.350000,0.010000,396523000,890,23237,1,0,landing,0.183311,-0.000455,-1.331831,0.011751,-0.000605,0.399646,0.000010,-0.010597,0.032789,599.934631,601.174866,598.919067,600.198669
2,landing,427807111,636,6.360000,0.010000,396546000,890,23420,1,0,landing,0.183434,-0.000461,-1.327824,0.012766,-0.000571,0.401700,0.000008,-0.010546,0.032552,599.842773,601.239136,598.855469,600.289612
2,landing,427807111,637,6.370000,0.010000,396570000,889,23557,1,0,landing,0.183566,-0.000466,-1.323797,0.013775,-0.000537,0.403753,0.000006,-0.010479,0.032317,599.751404,601.302063,598.793091,600.380066
2,landing,427807111,638,6.380000,0.010000,396593000,891,23412,1,0,landing,0.183709,-0.000471,-1.319749,0.014777,-0.000505,0.405807,0.000005,-0.010396,0.032083,599.660583,601.363708,598.732056,600.469910
2,landing,427807111,639,6.390000,0.010000,396617000,889,23398,1,0,landing,0.183862,-0.000476,-1.315682,0.015771,-0.000473,0.407696,0.000003,-0.010297,0.031850,600.106201,601.956604,599.164368,601.051025
2,landing,427807111,640,6.400000,0.010000,396640000,890,23173,1,0,landing,0.184024,-0.000481,-1.311595,0.016756,-0.000441,0.409585,0.000002,-0.010182,0.031618,600.016235,602.015015,599.106567,601.139954
2,landing,427807111,641,6.410000,0.010000,396664000,891,23528,1,0,landing,0.184197,-0.000485,-1.307490,0.017728,-0.000410,0.411473,0.000001,-0.010052,0.031388,599.927063,602.072083,599.050110,601.228088
2,landing,427807111,642,6.420000,0.010000,396687000,891,23678,1,0,landing,0.184379,-0.000489,-1.303366,0.018688,-0.000380,0.413362,0.000000,-0.009908,0.031160,599.838623,602.127869,598.994934,601.315430
2,landing,427807111,643,6.430000,0.010000,396711000,892,23367,1,0,landing,0.184571,-0.000493,-1.299224,0.019634,-0.000351,0.415099,-0.000000,-0.009749,0.030933,600.244812,602.672546,599.392456,601.852783
2,landing,427807111,644,6.440000,0.010000,396734000,896,23449,1,0,landing,0.184772,-0.000496,-1.295064,0.020565,-0.000322,0.416837,-0.000001,-0.009576,0.030709,600.157715,602.725098,599.340515,601.938782
2,landing,427807111,645,6.450000,0.010000,396758000,894,23644,1,0,landing,0.184982,-0.000499,-1.290887,0.021478,-0.000294,0.418574,-0.000001,-0.009389,0.030486,600.071533,602.776306,599.289917,602.023804
2,landing,427807111,646,6.460000,0.010000,396782000,895,23433,1,0,landing,0.185201,-0.000502,-1.286692,0.022373,-0.000267,0.420311,-0.000001,-0.009190,0.030265,599.986389,602.826172,599.240662,602.107788
2,landing,427807111,647,6.470000,0.010000,396805000,893,23690,1,0,landing,0.185429,-0.000504,-1.282481,0.023249,-0.000241,0.421908,-0.000001,-0.008978,0.030046,600.356812,603.325500,599.607117,602.604431
2,landing,427807111,648,6.480000,0.010000,396829000,893,23510,1,0,landing,0.185666,-0.000507,-1.278254,0.024104,-0.000215,0.423506,-0.000000,-0.008753,0.029829,600.273376,603.372192,599.561035,602.686646
2,landing,427807111,649,6.490000,0.010000,396853000,895,23335,1,0,landing,0.185911,-0.000509,-1.274011,0.024936,-0.000190,0.425103,0.000000,-0.008516,0.029615,600.191101,603.417542,599.516296,602.767639
2,landing,427807111,650,6.500000,0.010000,396876000,894,23619,1,0,landing,0.186165,-0.000510,-1.269752,0.025746,-0.000167,0.426701,0.000001,-0.008269,0.029403,600.110046,603.461609,599.472839,602.847473
2,landing,427807111,651,6.510000,0.010000,396900000,895,23399,1,0,landing,0.186426,-0.000512,-1.265478,0.026532,-0.000143,0.428170,0.000002,-0.008010,0.029194,600.448059,603.918335,599.811768,603.306152
2,landing,427807111,652,6.520000,0.010000,396923000,892,23550,1,0,landing,0.186695,-0.000513,-1.261189,0.027292,-0.000121,0.429639,0.000003,-0.007741,0.028987,600.369141,603.959229,599.771423,603.383789
2,landing,427807111,653,6.530000,0.010000,396947000,895,23263,1,0,landing,0.186972,-0.000514,-1.256885,0.028026,-0.000100,0.431108,0.000004,-0.007462,0.028782,600.291626,603.998840,599.732422,603.460022
2,landing,427807111,654,6.540000,0.010000,396970000,890,23461,1,0,landing,0.187256,-0.000515,-1.252567,0.028733,-0.000079,0.432576,0.000005,-0.007174,0.028581,600.215454,604.037109,599.694702,603.534973
2,landing,427807111,655,6.550000,0.010000,396994000,889,23438,1,0,landing,0.187546,-0.000516,-1.248234,0.029412,-0.000059,0.433927,0.000006,-0.006878,0.028382,600.524231,604.453918,600.009216,603.958191
2,landing,427807111,656,6.560000,0.010000,397017000,889,23505,1,0,landing,0.187844,-0.000517,-1.243888,0.030063,-0.000040,0.435278,0.000008,-0.006572,0.028186,600.450623,604.489197,599.974548,604.030518
2,landing,427807111,657,6.570000,0.010000,397041000,890,23418,1,0,landing,0.188148,-0.000517,-1.239529,0.030683,-0.000022,0.436628,0.000009,-0.006259,0.027993,600.378540,604.523132,599.941162,604.101318
2,landing,427807111,658,6.580000,0.010000,397064000,890,23354,1,0,landing,0.188457,-0.000517,-1.235156,0.031273,-0.000004,0.437978,0.000011,-0.005939,0.027803,600.307983,604.555786,599.909058,604.170593
2,landing,427807111,659,6.590000,0.010000,397088000,890,23340,1,0,landing,0.188773,-0.000517,-1.230770,0.031832,0.000012,0.439220,0.000012,-0.005612,0.027617,600.590454,604.934998,600.201782,604.560608
2,landing,427807111,660,6.600000,0.010000,397111000,890,23607,1,0,landing,0.189094,-0.000517,-1.226371,0.032359,0.000028,0.440462,0.000014,-0.005279,0.027433,600.522827,604.964783,600.172607,604.627014
2,landing,427807111,661,6.610000,0.010000,397135000,894,23392,1,0,landing,0.189420,-0.000516,-1.221960,0.032853,0.000043,0.441704,0.000016,-0.004940,0.027253,600.456848,604.993286,600.144714,604.691711
2,landing,427807111,662,6.620000,0.010000,397159000,892,23555,1,0,landing,0.189751,-0.000516,-1.217537,0.033315,0.000057,0.442946,0.000018,-0.004596,0.027076,600.392578,605.020508,600.117981,604.754761
2,landing,427807111,663,6.630000,0.010000,397182000,896,23361,1,0,landing,0.190086,-0.000515,-1.213102,0.033743,0.000071,0.444088,0.000020,-0.004248,0.026902,600.651550,605.364563,600.391602,605.113647
2,landing,427807111,664,6.640000,0.010000,397205000,891,23240,1,0,landing,0.190426,-0.000514,-1.208655,0.034138,0.000083,0.445230,0.000022,-0.003896,0.026732,600.590515,605.389038,600.367676,605.173462
2,landing,427807111,665,6.650000,0.010000,397229000,892,23062,1,0,landing,0.190769,-0.000514,-1.204197,0.034498,0.000095,0.446371,0.000024,-0.003540,0.026565,600.531311,605.412231,600.345032,605.231506
2,landing,427807111,666,6.660000,0.010000,397252000,893,23204,1,0,landing,0.191115,-0.000513,-1.199728,0.034824,0.000106,0.447513,0.000026,-0.003181,0.026402,600.473877,605.434204,600.323608,605.287781
2,landing,427807111,667,6.670000,0.010000,397275000,892,23199,1,0,landing,0.191465,-0.000511,-1.195247,0.035115,0.000117,0.448563,0.000028,-0.002819,0.026243,600.711914,605.745361,600.580200,605.617493
2,landing,427807111,668,6.680000,0.010000,397298000,893,23070,1,0,landing,0.191818,-0.000510,-1.190757,0.035370,0.000126,0.449613,0.000031,-0.002456,0.026087,600.658020,605.764709,600.561401,605.670227
2,landing,427807111,669,6.690000,0.010000,397322000,890,23438,1,0,landing,0.192173,-0.000509,-1.186255,0.035591,0.000135,0.450663,0.000033,-0.002092,0.025935,600.606018,605.782837,600.543762,605.721130
2,landing,427807111,670,6.700000,0.010000,397345000,890,23300,1,0,landing,0.192529,-0.000508,-1.181743,0.035776,0.000143,0.451713,0.000035,-0.001726,0.025787,600.555908,605.799805,600.527344,605.770142
2,landing,427807111,671,6.710000,0.010000,397369000,892,23481,1,0,landing,0.192888,-0.000506,-1.177221,0.035925,0.000150,0.452679,0.000038,-0.001360,0.025642,600.775391,606.080200,600.768921,606.072449
2,landing,427807111,672,6.720000,0.010000,397392000,890,23226,1,0,landing,0.193248,-0.000505,-1.172690,0.036040,0.000157,0.453645,0.000040,-0.000995,0.025502,600.729065,606.094666,600.755005,606.117737
2,landing,427807111,673,6.730000,0.010000,397416000,890,23409,1,0,landing,0.193609,-0.000503,-1.168148,0.036118,0.000163,0.454611,0.000042,-0.000630,0.025365,600.684753,606.107971,600.742188,606.161072
2,landing,427807111,674,6.740000,0.010000,397439000,888,23632,1,0,landing,0.193970,-0.000501,-1.163598,0.036162,0.000168,0.455576,0.000045,-0.000266,0.025232,600.642395,606.120117,600.730530,606.202393
2,landing,427807111,675,6.750000,0.010000,397463000,893,23698,1,0,landing,0.194332,-0.000500,-1.159037,0.036170,0.000173,0.456465,0.000047,0.000096,0.025103,600.845459,606.371826,600.958862,606.478943
2,landing,427807111,676,6.760000,0.010000,397487000,891,23559,1,0,landing,0.194693,-0.000498,-1.154468,0.036143,0.000177,0.457353,0.000049,0.000455,0.024978,600.807068,606.381653,600.949524,606.516418
2,landing,427807111,677,6.770000,0.010000,397510000,893,23250,1,0,landing,0.195054,-0.000496,-1.149890,0.036081,0.000180,0.458242,0.000051,0.000813,0.024858,600.770752,606.390320,600.941284,606.551880
2,landing,427807111,678,6.780000,0.010000,397533000,893,23335,1,0,landing,0.195415,-0.000494,-1.145303,0.035985,0.000183,0.459130,0.000054,0.001167,0.024741,600.736450,606.397888,600.934204,606.585327
2,landing,427807111,679,6.790000,0.010000,397557000,893,23078,1,0,landing,0.195774,-0.000492,-1.140708,0.035854,0.000185,0.459948,0.000056,0.001517,0.024629,600.925232,606.622986,601.150696,606.837524
2,landing,427807111,680,6.800000,0.010000,397580000,892,23541,1,0,landing,0.196132,-0.000490,-1.136104,0.035690,0.000187,0.460765,0.000058,0.001863,0.024520,600.895020,606.628357,601.145752,606.866943
2,landing,427807111,681,6.810000,0.010000,397604000,891,23387,1,0,landing,0.196488,-0.000489,-1.131493,0.035492,0.000188,0.461583,0.000061,0.002205,0.024416,600.866882,606.632690,601.141907,606.894348
2,landing,427807111,682,6.820000,0.010000,397627000,890,23423,1,0,landing,0.196842,-0.000487,-1.126873,0.035261,0.000188,0.462401,0.000063,0.002543,0.024316,600.840820,606.635864,601.139099,606.919678
2,landing,427807111,683,6.830000,0.010000,397651000,891,23583,1,0,landing,0.197193,-0.000485,-1.122245,0.034997,0.000188,0.463153,0.000065,0.002874,0.024220,601.017151,606.836243,601.345093,607.148987
2,landing,427807111,684,6.840000,0.010000,397674000,892,23342,1,0,landing,0.197541,-0.000483,-1.117610,0.034702,0.000187,0.463905,0.000067,0.003200,0.024128,600.995239,606.837463,601.344299,607.170166
2,landing,427807111,685,6.850000,0.010000,397698000,895,23456,1,0,landing,0.197887,-0.000481,-1.112967,0.034374,0.000186,0.464658,0.000069,0.003520,0.024041,600.975464,606.837585,601.344543,607.189392
2,landing,427807111,686,6.860000,0.010000,397721000,892,23465,1,0,landing,0.198229,-0.000479,-1.108317,0.034017,0.000184,0.465411,0.000072,0.003834,0.023958,600.957764,606.836670,601.345825,607.206604
2,landing,427807111,687,6.870000,0.010000,397745000,890,23185,1,0,landing,0.198567,-0.000477,-1.103659,0.033628,0.000182,0.466103,0.000074,0.004140,0.023879,601.123291,607.014221,601.542358,607.414185
2,landing,427807111,688,6.880000,0.010000,397768000,894,23233,1,0,landing,0.198901,-0.000476,-1.098995,0.033210,0.000179,0.466796,0.000076,0.004440,0.023804,601.109802,607.011414,601.545471,607.427185
2,landing,427807111,689,6.890000,0.010000,397791000,892,23545,1,0,landing,0.199231,-0.000474,-1.094323,0.032764,0.000176,0.467489,0.000078,0.004731,0.023734,601.098389,607.007629,601.549622,607.438171
2,landing,427807111,690,6.900000,0.010000,397815000,891,23437,1,0,landing,0.199556,-0.000472,-1.089645,0.032289,0.000173,0.468182,0.000080,0.005015,0.023668,601.088989,607.002869,601.554749,607.447205
2,landing,427807111,691,6.910000,0.010000,397839000,894,23526,1,0,landing,0.199877,-0.000470,-1.084960,0.031787,0.000169,0.468819,0.000082,0.005291,0.023606,601.245300,607.159241,601.742737,607.634338
2,landing,427807111,692,6.920000,0.010000,397862000,892,23612,1,0,landing,0.200192,-0.000469,-1.080268,0.031258,0.000164,0.469457,0.000084,0.005558,0.023549,601.240173,607.152771,601.749512,607.639160
2,landing,427807111,693,6.930000,0.010000,397886000,898,23630,1,0,landing,0.200502,-0.000467,-1.075571,0.030704,0.000159,0.470095,0.000085,0.005817,0.023496,601.237000,607.145264,601.757324,607.642029
2,landing,427807111,694,6.940000,0.010000,397910000,897,23431,1,0,landing,0.200806,-0.000466,-1.070866,0.030125,0.000154,0.470733,0.000087,0.006066,0.023447,601.235901,607.136841,601.765991,607.642944
2,landing,427807111,695,6.950000,0.010000,397933000,890,23511,1,0,landing,0.201104,-0.000464,-1.066156,0.029522,0.000149,0.471320,0.000089,0.006307,0.023402,601.384216,607.273743,601.946228,607.810669
2,landing,427807111,696,6.960000,0.010000,397957000,891,23508,1,0,landing,0.201396,-0.000463,-1.061440,0.028896,0.000143,0.471908,0.000091,0.006537,0.023362,601.387329,607.263733,601.956482,607.807495
2,landing,427807111,697,6.970000,0.010000,397980000,888,23436,1,0,landing,0.201682,-0.000461,-1.056718,0.028247,0.000137,0.472495,0.000092,0.006758,0.023325,601.392334,607.252747,601.967651,607.802368
2,landing,427807111,698,6.980000,0.010000,398004000,888,23392,1,0,landing,0.201961,-0.000460,-1.051990,0.027578,0.000130,0.473083,0.000094,0.006969,0.023293,601.399231,607.240845,601.979797,607.795410
2,landing,427807111,699,6.990000,0.010000,398027000,892,23538,1,0,landing,0.202234,-0.000459,-1.047257,0.026889,0.000123,0.473623,0.000095,0.007170,0.023266,601.540894,607.359985,602.152771,607.944763
2,landing,427807111,700,7.000000,0.010000,398051000,892,23554,1,0,landing,0.202499,-0.000457,-1.042518,0.026180,0.000116,0.474164,0.000097,0.007361,0.023242,601.551880,607.346619,602.166321,607.933777
2,landing,427807111,701,7.010000,0.010000,398075000,889,23639,1,0,landing,0.202757,-0.000456,-1.037773,0.025453,0.000109,0.474705,0.000098,0.007541,0.023223,601.564758,607.332336,602.180725,607.921021
2,landing,427807111,702,7.020000,0.010000,398098000,893,23600,1,0,landing,0.203008,-0.000455,-1.033024,0.024709,0.000101,0.475247,0.000100,0.007710,0.023208,601.579468,607.317200,602.195984,607.906433
2,landing,427807111,703,7.030000,0.010000,398122000,892,23686,1,0,landing,0.203251,-0.000454,-1.028269,0.023949,0.000093,0.475745,0.000101,0.007869,0.023197,601.715454,607.419983,602.362244,608.038452
2,landing,427807111,704,7.040000,0.010000,398146000,890,23591,1,0,landing,0.203487,-0.000453,-1.023509,0.023174,0.000085,0.476243,0.000102,0.008017,0.023190,601.734131,607.403503,602.378845,608.020020
2,landing,427807111,705,7.050000,0.010000,398170000,888,23653,1,0,landing,0.203715,-0.000453,-1.018744,0.022385,0.000077,0.476741,0.000103,0.008153,0.023187,601.754517,607.386169,602.396240,607.999817
2,landing,427807111,706,7.060000,0.010000,398193000,893,23708,1,0,landing,0.203935,-0.000452,-1.013974,0.021584,0.000069,0.477239,0.000104,0.008279,0.023188,601.776672,607.368042,602.414551,607.977966
2,landing,427807111,707,7.070000,0.010000,398217000,890,23547,1,0,landing,0.204146,-0.000451,-1.009199,0.020770,0.000060,0.477698,0.000106,0.008394,0.023194,601.907837,607.455872,602.574402,608.093567
2,landing,427807111,708,7.080000,0.010000,398240000,893,23429,1,0,landing,0.204350,-0.000451,-1.004420,0.019945,0.000051,0.478157,0.000107,0.008497,0.023203,601.933716,607.436462,602.593872,608.068054
2,landing,427807111,709,7.090000,0.010000,398264000,891,23434,1,0,landing,0.204545,-0.000450,-0.999636,0.019111,0.000042,0.478615,0.000107,0.008590,0.023216,601.961243,607.416260,602.614136,608.040894
2,landing,427807111,710,7.100000,0.010000,398288000,891,23569,1,0,landing,0.204732,-0.000450,-0.994848,0.018269,0.000033,0.479074,0.000108,0.008671,0.023233,601.990356,607.395203,602.635193,608.012207
2,landing,427807111,711,7.110000,0.010000,398311000,888,23425,1,0,landing,0.204911,-0.000449,-0.990055,0.017418,0.000024,0.479497,0.000109,0.008741,0.023254,602.117493,607.469543,602.788940,608.112305
2,landing,427807111,712,7.120000,0.010000,398335000,889,23310,1,0,landing,0.205080,-0.000449,-0.985258,0.016562,0.000015,0.479919,0.000110,0.008799,0.023279,602.150085,607.447388,602.811157,608.080139
2,landing,427807111,713,7.130000,0.010000,398358000,892,23591,1,0,landing,0.205242,-0.000449,-0.980456,0.015700,0.000005,0.480341,0.000111,0.008847,0.023308,602.184265,607.424438,602.834045,608.046509
2,landing,427807111,714,7.140000,0.010000,398382000,892,23241,1,0,landing,0.205394,-0.000449,-0.975651,0.014835,-0.000004,0.480763,0.000111,0.008883,0.023341,602.219849,607.400696,602.857727,608.011475
2,landing,427807111,715,7.150000,0.010000,398405000,893,23571,1,0,landing,0.205538,-0.000449,-0.970841,0.013966,-0.000013,0.481152,0.000112,0.008908,0.023377,602.343567,607.462830,603.005615,608.096985
2,landing,427807111,716,7.160000,0.010000,398429000,893,23276,1,0,landing,0.205674,-0.000449,-0.966028,0.013095,-0.000023,0.481541,0.000112,0.008923,0.023417,602.382385,607.438049,603.030273,608.058777
2,landing,427807111,717,7.170000,0.010000,398452000,891,23554,1,0,landing,0.205800,-0.000450,-0.961210,0.012223,-0.000032,0.481929,0.000113,0.008926,0.023460,602.422607,607.412598,603.055725,608.019165
2,landing,427807111,718,7.180000,0.010000,398476000,892,23357,1,0,landing,0.205918,-0.000450,-0.956389,0.011351,-0.000042,0.482318,0.000113,0.008918,0.023508,602.464111,607.386353,603.081787,607.978333
2,landing,427807111,719,7.190000,0.010000,398499000,893,23473,1,0,landing,0.206027,-0.000451,-0.951564,0.010481,-0.000051,0.482675,0.000113,0.008900,0.023558,602.584900,607.437439,603.223938,608.050110
2,landing,427807111,720,7.200000,0.010000,398523000,892,23414,1,0,landing,0.206128,-0.000451,-0.946736,0.009612,-0.000060,0.483033,0.000113,0.008871,0.023613,602.629333,607.410278,603.251038,608.006348
2,landing,427807111,721,7.210000,0.010000,398546000,887,23306,1,0,landing,0.206220,-0.000452,-0.941904,0.008747,-0.000070,0.483390,0.000114,0.008832,0.023670,602.674988,607.382385,603.278748,607.961426
2,landing,427807111,722,7.220000,0.010000,398570000,895,23483,1,0,landing,0.206303,-0.000452,-0.937068,0.007887,-0.000079,0.483748,0.000114,0.008782,0.023731,602.721802,607.353882,603.307129,607.915405
2,landing,427807111,723,7.230000,0.010000,398593000,894,23428,1,0,landing,0.206377,-0.000453,-0.932229,0.007031,-0.000088,0.484077,0.000114,0.008723,0.023796,602.840027,607.395081,603.443665,607.974365
2,landing,427807111,724,7.240000,0.010000,398617000,895,23376,1,0,landing,0.206443,-0.000454,-0.927386,0.006182,-0.000097,0.484405,0.000114,0.008653,0.023863,602.889465,607.365662,603.472900,607.925720
2,landing,427807111,725,7.250000,0.010000,398640000,894,23452,1,0,landing,0.206501,-0.000455,-0.922541,0.005340,-0.000106,0.484734,0.000113,0.008573,0.023934,602.939941,607.335571,603.502747,607.876038
2,landing,427807111,726,7.260000,0.010000,398663000,894,23166,1,0,landing,0.206550,-0.000456,-0.917692,0.004506,-0.000115,0.485063,0.000113,0.008484,0.024008,602.991333,607.304871,603.533264,607.825439
2,landing,427807111,727,7.270000,0.010000,398687000,893,23267,1,0,landing,0.206591,-0.000458,-0.912840,0.003681,-0.000124,0.485365,0.000113,0.008386,0.024085,603.107300,607.337219,603.664185,607.872437
2,landing,427807111,728,7.280000,0.010000,398710000,891,23322,1,0,landing,0.206624,-0.000459,-0.907984,0.002867,-0.000133,0.485667,0.000113,0.008278,0.024165,603.161011,607.305725,603.695435,607.819519
2,landing,427807111,729,7.290000,0.010000,398734000,890,23522,1,0,landing,0.206649,-0.000460,-0.903126,0.002063,-0.000141,0.485969,0.000112,0.008161,0.024248,603.215576,607.273621,603.727356,607.765808
2,landing,427807111,730,7.300000,0.010000,398757000,893,23299,1,0,landing,0.206665,-0.000462,-0.898265,0.001271,-0.000150,0.486271,0.000112,0.008036,0.024334,603.270996,607.240906,603.759827,607.711304
2,landing,427807111,731,7.310000,0.010000,398781000,895,23556,1,0,landing,0.206674,-0.000463,-0.893401,0.000492,-0.000158,0.486549,0.000111,0.007902,0.024423,603.384888,607.265503,603.885193,607.747253
2,landing,427807111,732,7.320000,0.010000,398804000,892,23480,1,0,landing,0.206675,-0.000465,-0.888534,-0.000274,-0.000166,0.486826,0.000111,0.007760,0.024515,603.442139,607.232056,603.918396,607.690796
2,landing,427807111,733,7.330000,0.010000,398828000,891,23137,1,0,landing,0.206669,-0.000467,-0.883664,-0.001026,-0.000173,0.487104,0.000110,0.007610,0.024609,603.500122,607.198059,603.952087,607.633667
2,landing,427807111,734,7.340000,0.010000,398851000,892,23419,1,0,landing,0.206655,-0.000468,-0.878792,-0.001762,-0.000181,0.487381,0.000109,0.007452,0.024706,603.558777,607.163513,603.986389,607.575928
2,landing,427807111,735,7.350000,0.010000,398875000,891,23617,1,0,landing,0.206633,-0.000470,-0.873917,-0.002483,-0.000188,0.487636,0.000108,0.007287,0.024806,603.670715,607.181335,604.106323,607.601807
2,landing,427807111,736,7.360000,0.010000,398898000,895,23473,1,0,landing,0.206605,-0.000472,-0.869039,-0.003188,-0.000195,0.487891,0.000107,0.007115,0.024908,603.730835,607.146118,604.141235,607.542480
2,landing,427807111,737,7.370000,0.010000,398922000,891,23804,1,0,landing,0.206570,-0.000474,-0.864159,-0.003875,-0.000202,0.488146,0.000106,0.006936,0.025012,603.791504,607.110413,604.176636,607.482666
2,landing,427807111,738,7.380000,0.010000,398946000,891,23784,1,0,landing,0.206528,-0.000476,-0.859276,-0.004544,-0.000208,0.488401,0.000105,0.006750,0.025119,603.852661,607.074219,604.212524,607.422363
2,landing,427807111,739,7.390000,0.010000,398970000,893,23404,1,0,landing,0.206479,-0.000478,-0.854391,-0.005195,-0.000214,0.488635,0.000104,0.006558,0.025228,603.962585,607.086060,604.327026,607.439026
2,landing,427807111,740,7.400000,0.010000,398993000,894,23324,1,0,landing,0.206424,-0.000480,-0.849504,-0.005827,-0.000220,0.488869,0.000103,0.006361,0.025340,604.024902,607.049255,604.363525,607.377563
2,landing,427807111,741,7.410000,0.010000,399016000,887,23291,1,0,landing,0.206362,-0.000483,-0.844614,-0.006440,-0.000226,0.489103,0.000102,0.006157,0.025453,604.087524,607.012024,604.400391,607.315735
2,landing,427807111,742,7.420000,0.010000,399040000,889,23401,1,0,landing,0.206295,-0.000485,-0.839722,-0.007032,-0.000231,0.489336,0.000100,0.005949,0.025569,604.150452,606.974365,604.437805,607.253601
2,landing,427807111,743,7.430000,0.010000,399064000,891,23675,1,0,landing,0.206222,-0.000487,-0.834827,-0.007604,-0.000236,0.489551,0.000099,0.005736,0.025687,604.258423,606.981140,604.546936,607.261963
2,landing,427807111,744,7.440000,0.010000,399087000,892,23396,1,0,landing,0.206143,-0.000490,-0.829931,-0.008155,-0.000240,0.489766,0.000097,0.005517,0.025806,604.322144,606.942993,604.584778,607.199036
2,landing,427807111,745,7.450000,0.010000,399111000,892,23490,1,0,landing,0.206059,-0.000492,-0.825032,-0.008684,-0.000245,0.489981,0.000096,0.005295,0.025928,604.385986,606.904358,604.623047,607.135986
2,landing,427807111,746,7.460000,0.010000,399134000,890,23398,1,0,landing,0.205969,-0.000494,-0.820131,-0.009191,-0.000248,0.490195,0.000094,0.005068,0.026051,604.450012,606.865417,604.661682,607.072693
2,landing,427807111,747,7.470000,0.010000,399158000,892,23575,1,0,landing,0.205875,-0.000497,-0.815228,-0.009676,-0.000252,0.490393,0.000092,0.004838,0.026176,604.555847,606.867859,604.765442,607.073669
2,landing,427807111,748,7.480000,0.010000,399182000,892,23734,1,0,landing,0.205776,-0.000500,-0.810323,-0.010138,-0.000255,0.490590,0.000091,0.004605,0.026303,604.620300,606.828430,604.804565,607.009949
2,landing,427807111,749,7.490000,0.010000,399205000,896,23500,1,0,landing,0.205672,-0.000502,-0.805416,-0.010577,-0.000258,0.490787,0.000089,0.004369,0.026431,604.684692,606.788696,604.843994,606.946228
2,landing,427807111,750,7.500000,0.010000,399229000,892,23641,1,0,landing,0.205565,-0.000505,-0.800507,-0.010993,-0.000260,0.490984,0.000087,0.004130,0.026561,604.749084,606.748596,604.883728,606.882568
2,landing,427807111,751,7.510000,0.010000,399252000,894,23374,1,0,landing,0.205453,-0.000507,-0.795597,-0.011386,-0.000262,0.491165,0.000085,0.003889,0.026692,604.852722,606.747559,604.982239,606.877075
2,landing,427807111,752,7.520000,0.010000,399276000,896,23372,1,0,landing,0.205337,-0.000510,-0.790684,-0.011755,-0.000264,0.491346,0.000083,0.003645,0.026824,604.917175,606.707092,605.022339,606.813293
2,landing,427807111,753,7.530000,0.010000,399299000,896,23284,1,0,landing,0.205218,-0.000513,-0.785770,-0.012099,-0.000265,0.491527,0.000081,0.003400,0.026958,604.981445,606.666382,605.062744,606.749634
2,landing,427807111,754,7.540000,0.010000,399323000,894,23396,1,0,landing,0.205095,-0.000515,-0.780853,-0.012420,-0.000266,0.491708,0.000079,0.003154,0.027093,605.045532,606.625427,605.103394,606.686157
2,landing,427807111,755,7.550000,0.010000,399346000,891,23602,1,0,landing,0.204969,-0.000518,-0.775936,-0.012717,-0.000267,0.491874,0.000077,0.002907,0.027229,605.146729,606.621460,605.196716,606.675110
2,landing,427807111,756,7.560000,0.010000,399370000,890,23621,1,0,landing,0.204841,-0.000521,-0.771016,-0.012990,-0.000267,0.492040,0.000074,0.002659,0.027366,605.210510,606.580200,605.237671,606.611877
2,landing,427807111,757,7.570000,0.010000,399394000,893,23351,1,0,landing,0.204710,-0.000523,-0.766095,-0.013238,-0.000266,0.492207,0.000072,0.002411,0.027504,605.273987,606.538757,605.278809,606.548889
2,landing,427807111,758,7.580000,0.010000,399417000,894,23456,1,0,landing,0.204576,-0.000526,-0.761172,-0.013462,-0.000266,0.492373,0.000070,0.002163,0.027643,605.337158,606.497070,605.320190,606.486267
2,landing,427807111,759,7.590000,0.010000,399441000,893,23480,1,0,landing,0.204440,-0.000529,-0.756247,-0.013662,-0.000264,0.492525,0.000067,0.001915,0.027782,605.435730,606.490845,605.408325,606.470581
2,landing,427807111,760,7.600000,0.010000,399464000,890,23449,1,0,landing,0.204303,-0.000531,-0.751321,-0.013837,-0.000263,0.492678,0.000065,0.001668,0.027923,605.498230,606.448975,605.449890,606.408508
2,landing,427807111,761,7.610000,0.010000,399488000,893,23522,1,0,landing,0.204164,-0.000534,-0.746394,-0.013989,-0.000261,0.492831,0.000063,0.001422,0.028064,605.560364,606.406982,605.491638,606.346802
2,landing,427807111,762,7.620000,0.010000,399511000,894,23339,1,0,landing,0.204023,-0.000536,-0.741465,-0.014116,-0.000258,0.492983,0.000060,0.001177,0.028206,605.621948,606.364868,605.533447,606.285583
2,landing,427807111,763,7.630000,0.010000,399535000,889,23217,1,0,landing,0.203881,-0.000539,-0.736534,-0.014219,-0.000255,0.493124,0.000057,0.000933,0.028348,605.717590,606.356934,605.616577,606.266113
2,landing,427807111,764,7.640000,0.010000,399558000,891,23397,1,0,landing,0.203739,-0.000541,-0.731602,-0.014299,-0.000252,0.493264,0.000055,0.000692,0.028490,605.778259,606.314758,605.658508,606.205811
2,landing,427807111,765,7.650000,0.010000,399582000,893,23385,1,0,landing,0.203596,-0.000544,-0.726669,-0.014355,-0.000249,0.493404,0.000052,0.000453,0.028633,605.838379,606.272461,605.700562,606.145996
2,landing,427807111,766,7.660000,0.010000,399605000,893,23280,1,0,landing,0.203452,-0.000546,-0.721734,-0.014388,-0.000245,0.493545,0.000050,0.000216,0.028777,605.897949,606.230103,605.742615,606.086731
2,landing,427807111,767,7.670000,0.010000,399628000,892,23330,1,0,landing,0.203308,-0.000549,-0.716798,-0.014398,-0.000240,0.493674,0.000047,-0.000018,0.028920,605.990295,606.220947,605.820801,606.064331
2,landing,427807111,768,7.680000,0.010000,399652000,890,23324,1,0,landing,0.203164,-0.000551,-0.711861,-0.014385,-0.000235,0.493803,0.000044,-0.000250,0.029064,606.048645,606.178589,605.862915,606.006226
2,landing,427807111,769,7.690000,0.010000,399675000,894,23536,1,0,landing,0.203020,-0.000554,-0.706922,-0.014349,-0.000230,0.493932,0.000041,-0.000478,0.029207,606.106323,606.136292,605.905029,605.948792
2,landing,427807111,770,7.700000,0.010000,399699000,893,23462,1,0,landing,0.202877,-0.000556,-0.701982,-0.014292,-0.000224,0.494061,0.000039,-0.000702,0.029351,606.163269,606.093994,605.947083,605.892029
2,landing,427807111,771,7.710000,0.010000,399722000,890,23502,1,0,landing,0.202735,-0.000558,-0.697041,-0.014212,-0.000218,0.494180,0.000036,-0.000923,0.029495,606.252136,606.084106,606.020447,605.867615
2,landing,427807111,772,7.720000,0.010000,399746000,893,23502,1,0,landing,0.202593,-0.000560,-0.692098,-0.014111,-0.000212,0.494299,0.000033,-0.001139,0.029638,606.307617,606.041931,606.062439,605.812256
2,landing,427807111,773,7.730000,0.010000,399770000,892,23333,1,0,landing,0.202452,-0.000562,-0.687155,-0.013990,-0.000205,0.494418,0.000030,-0.001352,0.029781,606.362366,605.999817,606.104309,605.757629
2,landing,427807111,774,7.740000,0.010000,399793000,893,23535,1,0,landing,0.202313,-0.000564,-0.682210,-0.013847,-0.000198,0.494537,0.000028,-0.001559,0.029924,606.416260,605.957825,606.146179,605.703796
2,landing,427807111,775,7.750000,0.010000,399817000,890,23485,1,0,landing,0.202175,-0.000566,-0.677264,-0.013684,-0.000191,0.494646,0.000025,-0.001763,0.030067,606.501343,605.947510,606.214722,605.678040
2,landing,427807111,776,7.760000,0.010000,399841000,890,23569,1,0,landing,0.202040,-0.000568,-0.672317,-0.013502,-0.000183,0.494755,0.000022,-0.001961,0.030209,606.553528,605.905762,606.256348,605.625854
2,landing,427807111,777,7.770000,0.010000,399864000,891,23532,1,0,landing,0.201905,-0.000570,-0.667369,-0.013301,-0.000175,0.494865,0.000019,-0.002154,0.030350,606.604919,605.864136,606.297852,605.574463
2,landing,427807111,778,7.780000,0.010000,399888000,890,23514,1,0,landing,0.201774,-0.000572,-0.662420,-0.013081,-0.000166,0.494974,0.000016,-0.002342,0.030491,606.655457,605.822754,606.339172,605.523987
2,landing,427807111,779,7.790000,0.010000,399911000,890,23514,1,0,landing,0.201644,-0.000573,-0.657470,-0.012843,-0.000158,0.495075,0.000013,-0.002524,0.030632,606.736328,605.812439,606.403076,605.497620
2,landing,427807111,780,7.800000,0.010000,399935000,891,23379,1,0,landing,0.201517,-0.000575,-0.652518,-0.012587,-0.000149,0.495176,0.000011,-0.002700,0.030772,606.784973,605.771362,606.444092,605.448975
2,landing,427807111,781,7.810000,0.010000,399958000,889,23356,1,0,landing,0.201392,-0.000576,-0.647566,-0.012314,-0.000139,0.495277,0.000008,-0.002871,0.030911,606.832642,605.730530,606.484863,605.401245
2,landing,427807111,782,7.820000,0.010000,399982000,896,23394,1,0,landing,0.201271,-0.000578,-0.642613,-0.012025,-0.000130,0.495378,0.000005,-0.003036,0.031049,606.879333,605.689941,606.525330,605.354431
2,landing,427807111,783,7.830000,0.010000,400005000,892,23408,1,0,landing,0.201152,-0.000579,-0.637659,-0.011720,-0.000120,0.495471,0.000002,-0.003194,0.031186,606.955872,605.679932,606.584778,605.328186
2,landing,427807111,784,7.840000,0.010000,400029000,892,23592,1,0,landing,0.201036,-0.000580,-0.632703,-0.011399,-0.000110,0.495564,-0.000000,-0.003347,0.031322,607.000549,605.639832,606.624878,605.283386
2,landing,427807111,785,7.850000,0.010000,400052000,891,23412,1,0,landing,0.200924,-0.000581,-0.627747,-0.011064,-0.000099,0.495657,-0.000003,-0.003492,0.031457,607.044250,605.600037,606.664612,605.239502
2,landing,427807111,786,7.860000,0.010000,400076000,891,23284,1,0,landing,0.200815,-0.000582,-0.622790,-0.010715,-0.000089,0.495750,-0.000006,-0.003632,0.031592,607.086914,605.560547,606.704041,605.196655
2,landing,427807111,787,7.870000,0.010000,400099000,892,23400,1,0,landing,0.200710,-0.000583,-0.617833,-0.010353,-0.000078,0.495800,-0.000008,-0.003764,0.031725,607.267822,605.660583,606.868225,605.280701
2,landing,427807111,788,7.880000,0.010000,400123000,891,23541,1,0,landing,0.200608,-0.000584,-0.612874,-0.009978,-0.000067,0.495851,-0.000011,-0.003890,0.031857,607.308350,605.621704,606.907104,605.239990
2,landing,427807111,789,7.890000,0.010000,400146000,890,23264,1,0,landing,0.200510,-0.000584,-0.607916,-0.009591,-0.000056,0.495901,-0.000014,-0.004009,0.031987,607.347778,605.583252,606.945618,605.200317
2,landing,427807111,790,7.900000,0.010000,400170000,888,23282,1,0,landing,0.200416,-0.000585,-0.602956,-0.009193,-0.000045,0.495951,-0.000016,-0.004121,0.032117,607.386230,605.545166,606.983704,605.161621
2,landing,427807111,791,7.910000,0.010000,400193000,892,23221,1,0,landing,0.200326,-0.000585,-0.597998,-0.008782,-0.000033,0.495681,-0.000019,-0.004226,0.032245,608.423096,606.509705,608.004944,606.111206
2,landing,427807111,792,7.920000,0.010000,400216000,893,23356,1,0,landing,0.200241,-0.000585,-0.593043,-0.008362,-0.000021,0.495410,-0.000021,-0.004324,0.032371,608.459106,606.472412,608.042297,606.074829
2,landing,427807111,793,7.930000,0.010000,400240000,892,23436,1,0,landing,0.200159,-0.000585,-0.588090,-0.007932,-0.000010,0.495139,-0.000023,-0.004415,0.032496,608.494141,606.435608,608.079163,606.039551
2,landing,427807111,794,7.940000,0.010000,400263000,890,23328,1,0,landing,0.200082,-0.000586,-0.583140,-0.007494,0.000002,0.494868,-0.000026,-0.004499,0.032620,608.528076,606.399231,608.115601,606.005310
2,landing,427807111,795,7.950000,0.010000,400287000,890,23509,1,0,landing,0.200009,-0.000585,-0.578194,-0.007047,0.000014,0.494302,-0.000028,-0.004575,0.032742,609.479553,607.284851,609.052368,606.876770
2,landing,427807111,796,7.960000,0.010000,400310000,891,23462,1,0,landing,0.199941,-0.000585,-0.573254,-0.006592,0.000026,0.493736,-0.000030,-0.004645,0.032862,609.511108,607.249390,609.087891,606.844849
2,landing,427807111,797,7.970000,0.010000,400334000,894,23626,1,0,landing,0.199877,-0.000585,-0.568319,-0.006131,0.000038,0.493170,-0.000032,-0.004707,0.032981,609.541565,607.214539,609.122864,606.814026
2,landing,427807111,798,7.980000,0.010000,400358000,890,23545,1,0,landing,0.199818,-0.000584,-0.563390,-0.005664,0.000050,0.492604,-0.000034,-0.004762,0.033098,609.570923,607.180176,609.157288,606.784302
2,landing,427807111,799,7.990000,0.010000,400381000,893,23165,1,0,landing,0.199764,-0.000584,-0.558469,-0.005191,0.000063,0.491767,-0.000036,-0.004810,0.033213,610.441162,607.991211,610.013977,607.582275
2,landing,427807111,800,8.000000,0.010000,400404000,891,23177,1,0,landing,0.199715,-0.000583,-0.553555,-0.004713,0.000075,0.490931,-0.000038,-0.004850,0.033327,610.468079,607.957886,610.047424,607.554932
2,landing,427807111,801,8.010000,0.010000,400428000,889,23339,1,0,landing,0.199670,-0.000582,-0.548650,-0.004232,0.000087,0.490094,-0.000040,-0.004883,0.033438,610.493958,607.925232,610.080322,607.528687
2,landing,427807111,802,8.020000,0.010000,400451000,892,23571,1,0,landing,0.199630,-0.000581,-0.543753,-0.003748,0.000099,0.489257,-0.000042,-0.004910,0.033548,610.518738,607.893127,610.112549,607.503479
2,landing,427807111,803,8.030000,0.010000,400475000,894,23439,1,0,landing,0.199595,-0.000580,-0.538866,-0.003260,0.000111,0.488173,-0.000044,-0.004929,0.033656,611.311584,608.633728,610.893250,608.232300
2,landing,427807111,804,8.040000,0.010000,400498000,892,23078,1,0,landing,0.199565,-0.000579,-0.533990,-0.002771,0.000123,0.487090,-0.000045,-0.004941,0.033761,611.333984,608.602783,610.924377,608.209534
2,landing,427807111,805,8.050000,0.010000,400521000,888,23118,1,0,landing,0.199540,-0.000578,-0.529124,-0.002281,0.000135,0.486006,-0.000047,-0.004946,0.033865,611.355225,608.572510,610.954834,608.187805
2,landing,427807111,806,8.060000,0.010000,400545000,892,23345,1,0,landing,0.199519,-0.000577,-0.524270,-0.001791,0.000147,0.484922,-0.000048,-0.004944,0.033967,611.375427,608.542908,610.984619,608.167175
2,landing,427807111,807,8.070000,0.010000,400568000,892,23214,1,0,landing,0.199504,-0.000575,-0.519427,-0.001300,0.000159,0.483613,-0.000050,-0.004936,0.034067,612.094727,609.217041,611.693359,608.830994
2,landing,427807111,808,8.080000,0.010000,400592000,893,23420,1,0,landing,0.199493,-0.000573,-0.514597,-0.000810,0.000171,0.482304,-0.000051,-0.004920,0.034164,612.112549,609.188721,611.721924,608.812744
2,landing,427807111,809,8.090000,0.010000,400615000,891,23339,1,0,landing,0.199488,-0.000572,-0.509781,-0.000322,0.000182,0.480995,-0.000052,-0.004898,0.034259,612.129333,609.161072,611.749756,608.795593
2,landing,427807111,810,8.100000,0.010000,400639000,892,23449,1,0,landing,0.199487,-0.000570,-0.504977,0.000163,0.000194,0.479686,-0.000053,-0.004870,0.034353,612.145020,609.134216,611.776855,608.779480
2,landing,427807111,811,8.110000,0.010000,400662000,893,23632,1,0,landing,0.199491,-0.000568,-0.500188,0.000646,0.000205,0.478173,-0.000054,-0.004835,0.034444,612.794434,609.745667,612.417480,609.382263
2,landing,427807111,812,8.120000,0.010000,400686000,893,23600,1,0,landing,0.199500,-0.000566,-0.495414,0.001125,0.000216,0.476660,-0.000055,-0.004793,0.034532,612.807800,609.720154,612.443298,609.368469
2,landing,427807111,813,8.130000,0.010000,400710000,894,23647,1,0,landing,0.199513,-0.000563,-0.490655,0.001600,0.000227,0.475147,-0.000056,-0.004746,0.034619,612.820068,609.695435,612.468262,609.355713
2,landing,427807111,814,8.140000,0.010000,400733000,892,23545,1,0,landing,0.199532,-0.000561,-0.485911,0.002070,0.000238,0.473634,-0.000057,-0.004692,0.034703,612.831360,609.671509,612.492432,609.344055
2,landing,427807111,815,8.150000,0.010000,400757000,893,23563,1,0,landing,0.199555,-0.000559,-0.481183,0.002535,0.000248,0.471937,-0.000058,-0.004633,0.034785,613.414551,610.223877,613.068787,609.889587
2,landing,427807111,816,8.160000,0.010000,400781000,892,23377,1,0,landing,0.199582,-0.000556,-0.476472,0.002994,0.000258,0.470240,-0.000058,-0.004567,0.034864,613.423523,610.201355,613.091553,609.880188
2,landing,427807111,817,8.170000,0.010000,400804000,890,23329,1,0,landing,0.199614,-0.000553,-0.471778,0.003446,0.000268,0.468543,-0.000059,-0.004496,0.034941,613.431519,610.179688,613.113464,609.871704
2,landing,427807111,818,8.180000,0.010000,400827000,894,23305,1,0,landing,0.199651,-0.000551,-0.467101,0.003891,0.000278,0.466846,-0.000059,-0.004420,0.035016,613.438538,610.158875,613.134521,609.864319
2,landing,427807111,819,8.190000,0.010000,400851000,892,23447,1,0,landing,0.199692,-0.000548,-0.462442,0.004328,0.000287,0.464984,-0.000060,-0.004338,0.035088,613.958862,610.655701,613.650024,610.356201
2,landing,427807111,820,8.200000,0.010000,400874000,895,23507,1,0,landing,0.199738,-0.000545,-0.457802,0.004758,0.000296,0.463121,-0.000060,-0.004252,0.035158,613.963684,610.636353,613.669617,610.350952
2,landing,427807111,821,8.210000,0.010000,400898000,890,23406,1,0,landing,0.199787,-0.000542,-0.453180,0.005178,0.000305,0.461259,-0.000060,-0.004160,0.035225,613.967590,610.617981,613.688354,610.346680
2,landing,427807111,822,8.220000,0.010000,400922000,893,23488,1,0,landing,0.199841,-0.000539,-0.448577,0.005589,0.000314,0.459396,-0.000060,-0.004063,0.035290,613.970459,610.600464,613.706177,610.343384
2,landing,427807111,823,8.230000,0.010000,400945000,895,23614,1,0,landing,0.199899,-0.000536,-0.443993,0.005990,0.000322,0.457387,-0.000060,-0.003962,0.035353,614.431396,611.044983,614.164307,610.784973
2,landing,427807111,824,8.240000,0.010000,400969000,894,23729,1,0,landing,0.199961,-0.000532,-0.439429,0.006382,0.000330,0.455377,-0.000060,-0.003856,0.035413,614.432251,611.029053,614.180542,610.783752
2,landing,427807111,825,8.250000,0.010000,400993000,893,23441,1,0,landing,0.200027,-0.000529,-0.434885,0.006762,0.000337,0.453367,-0.000060,-0.003746,0.035470,614.432190,611.014038,614.195862,610.783447
2,landing,427807111,826,8.260000,0.010000,401016000,894,23289,1,0,landing,0.200096,-0.000526,-0.430362,0.007131,0.000344,0.451357,-0.000060,-0.003632,0.035525,614.431213,610.999939,614.210266,610.784058
2,landing,427807111,827,8.270000,0.010000,401040000,891,23434,1,0,landing,0.200169,-0.000522,-0.425859,0.007489,0.000351,0.449216,-0.000059,-0.003514,0.035578,614.835999,611.395447,614.614319,611.178589
2,landing,427807111,828,8.280000,0.010000,401063000,893,23328,1,0,landing,0.200246,-0.000519,-0.421377,0.007835,0.000357,0.447075,-0.000059,-0.003393,0.035628,614.833069,611.382996,614.627075,611.181152
2,landing,427807111,829,8.290000,0.010000,401087000,888,23600,1,0,landing,0.200326,-0.000515,-0.416917,0.008169,0.000363,0.444934,-0.000058,-0.003268,0.035675,614.829285,611.371460,614.638916,611.184570
2,landing,427807111,830,8.300000,0.010000,401110000,889,23468,1,0,landing,0.200409,-0.000511,-0.412479,0.008490,0.000369,0.442794,-0.000058,-0.003139,0.035720,614.824646,611.360901,614.649780,611.188904
2,landing,427807111,831,8.310000,0.010000,401134000,894,23555,1,0,landing,0.200496,-0.000508,-0.408062,0.008798,0.000374,0.440538,-0.000057,-0.003008,0.035762,615.176514,611.710388,615.002930,611.539368
2,landing,427807111,832,8.320000,0.010000,401157000,889,23445,1,0,landing,0.200585,-0.000504,-0.403668,0.009094,0.000379,0.438282,-0.000056,-0.002874,0.035802,615.170044,611.701538,615.012085,611.545532
2,landing,427807111,833,8.330000,0.010000,401181000,893,23407,1,0,landing,0.200678,-0.000500,-0.399296,0.009375,0.000384,0.436026,-0.000056,-0.002737,0.035839,615.162781,611.693604,615.020325,611.552490
2,landing,427807111,834,8.340000,0.010000,401204000,889,23287,1,0,landing,0.200773,-0.000496,-0.394947,0.009643,0.000388,0.433770,-0.000055,-0.002598,0.035873,615.154724,611.686646,615.027649,611.560242
2,landing,427807111,835,8.350000,0.010000,401228000,893,23364,1,0,landing,0.200870,-0.000492,-0.390621,0.009896,0.000391,0.431414,-0.000054,-0.002456,0.035905,615.456726,611.993042,615.332825,611.869446
2,landing,427807111,836,8.360000,0.010000,401251000,890,23386,1,0,landing,0.200971,-0.000488,-0.386319,0.010136,0.000395,0.429058,-0.000053,-0.002313,0.035935,615.447021,611.987854,615.338318,611.878906
2,landing,427807111,837,8.370000,0.010000,401275000,893,23678,1,0,landing,0.201073,-0.000484,-0.382040,0.010361,0.000398,0.426702,-0.000052,-0.002168,0.035962,615.436523,611.983521,615.342957,611.889160
2,landing,427807111,838,8.380000,0.010000,401298000,895,23328,1,0,landing,0.201178,-0.000480,-0.377785,0.010571,0.000400,0.424346,-0.000050,-0.002021,0.035986,615.425293,611.980225,615.346558,611.900085
2,landing,427807111,839,8.390000,0.010000,401322000,890,23409,1,0,landing,0.201284,-0.000476,-0.373554,0.010767,0.000402,0.421904,-0.000049,-0.001873,0.036008,615.680542,612.246399,615.606812,612.170837
2,landing,427807111,840,8.400000,0.010000,401345000,890,23358,1,0,landing,0.201393,-0.000472,-0.369347,0.010948,0.000404,0.419462,-0.000048,-0.001723,0.036028,615.667847,612.244873,615.608643,612.183350
2,landing,427807111,841,8.410000,0.010000,401369000,890,23388,1,0,landing,0.201503,-0.000468,-0.365164,0.011114,0.000405,0.417020,-0.000047,-0.001573,0.036044,615.654419,612.244202,615.609558,612.196594
2,landing,427807111,842,8.420000,0.010000,401392000,891,23418,1,0,landing,0.201615,-0.000464,-0.361006,0.011264,0.000406,0.414578,-0.000045,-0.001422,0.036059,615.640320,612.244507,615.609558,612.210449
2,landing,427807111,843,8.430000,0.010000,401416000,894,23587,1,0,landing,0.201729,-0.000460,-0.356873,0.011400,0.000406,0.412062,-0.000044,-0.001271,0.036070,615.851685,612.473145,615.827515,612.445190
2,landing,427807111,844,8.440000,0.010000,401440000,895,23541,1,0,landing,0.201843,-0.000456,-0.352765,0.011520,0.000406,0.409547,-0.000042,-0.001119,0.036080,615.836243,612.475220,615.825684,612.460449
2,landing,427807111,845,8.450000,0.010000,401463000,889,23376,1,0,landing,0.201959,-0.000452,-0.348682,0.011625,0.000406,0.407031,-0.000041,-0.000967,0.036087,615.820129,612.478210,615.822937,612.476379
2,landing,427807111,846,8.460000,0.010000,401486000,894,23360,1,0,landing,0.202076,-0.000448,-0.344625,0.011715,0.000405,0.404516,-0.000039,-0.000815,0.036091,615.803406,612.482178,615.819275,612.492920
2,landing,427807111,847,8.470000,0.010000,401510000,889,23496,1,0,landing,0.202193,-0.000444,-0.340592,0.011789,0.000404,0.401940,-0.000038,-0.000663,0.036093,615.973816,612.675720,615.997681,612.694031
2,landing,427807111,848,8.480000,0.010000,401534000,889,23503,1,0,landing,0.202311,-0.000440,-0.336586,0.011848,0.000402,0.399363,-0.000036,-0.000512,0.036093,615.955933,612.681458,615.992249,612.711792
2,landing,427807111,849,8.490000,0.010000,401557000,891,23463,1,0,landing,0.202430,-0.000436,-0.332605,0.011892,0.000400,0.396787,-0.000035,-0.000362,0.036090,615.937439,612.688049,615.985840,612.730103
2,landing,427807111,850,8.500000,0.010000,401581000,893,23457,1,0,landing,0.202549,-0.000432,-0.328650,0.011921,0.000398,0.394211,-0.000033,-0.000213,0.036085,615.918457,612.695557,615.978577,612.749023
2,landing,427807111,851,8.510000,0.010000,401604000,891,23668,1,0,landing,0.202668,-0.000428,-0.324721,0.011935,0.000395,0.391585,-0.000031,-0.000064,0.036077,616.050598,612.856506,616.120056,612.918701
2,landing,427807111,852,8.520000,0.010000,401628000,894,23328,1,0,landing,0.202788,-0.000424,-0.320818,0.011935,0.000392,0.388959,-0.000030,0.000083,0.036067,616.030518,612.865723,616.111023,612.938721
2,landing,427807111,853,8.530000,0.010000,401651000,892,23280,1,0,landing,0.202907,-0.000420,-0.316942,0.011919,0.000388,0.386333,-0.000028,0.000228,0.036055,616.010010,612.875854,616.101135,612.959167
2,landing,427807111,854,8.540000,0.010000,401675000,891,23481,1,0,landing,0.203026,-0.000416,-0.313092,0.011889,0.000385,0.383707,-0.000026,0.000372,0.036040,615.988953,612.886841,616.090393,612.980164
2,landing,427807111,855,8.550000,0.010000,401698000,891,23411,1,0,landing,0.203145,-0.000413,-0.309268,0.011844,0.000380,0.381043,-0.000024,0.000515,0.036023,616.085571,613.017456,616.197266,613.120544
2,landing,427807111,856,8.560000,0.010000,401722000,892,23487,1,0,landing,0.203263,-0.000409,-0.305471,0.011786,0.000376,0.378378,-0.000023,0.000655,0.036004,616.063660,613.030151,616.184814,613.142456
2,landing,427807111,857,8.570000,0.010000,401745000,893,23585,1,0,landing,0.203381,-0.000405,-0.301700,0.011713,0.000371,0.375713,-0.000021,0.000793,0.035983,616.041260,613.043640,616.171509,613.164795
2,landing,427807111,858,8.580000,0.010000,401769000,891,23305,1,0,landing,0.203497,-0.000401,-0.297957,0.011626,0.000366,0.373049,-0.000019,0.000929,0.035959,616.018494,613.057983,616.157349,613.187561
2,landing,427807111,859,8.590000,0.010000,401792000,892,23120,1,0,landing,0.203613,-0.000398,-0.294240,0.011526,0.000361,0.370355,-0.000017,0.001062,0.035933,616.082153,613.160461,616.232056,613.300659
2,landing,427807111,860,8.600000,0.010000,401816000,894,23338,1,0,landing,0.203728,-0.000394,-0.290549,0.011412,0.000355,0.367662,-0.000015,0.001193,0.035906,616.058594,613.176453,616.216309,613.324158
2,landing,427807111,861,8.610000,0.010000,401839000,892,23263,1,0,landing,0.203841,-0.000391,-0.286886,0.011286,0.000349,0.364968,-0.000014,0.001320,0.035876,616.034729,613.193176,616.199768,613.348083
2,landing,427807111,862,8.620000,0.010000,401862000,889,23487,1,0,landing,0.203953,-0.000387,-0.283250,0.011147,0.000343,0.362274,-0.000012,0.001445,0.035844,616.010498,613.210632,616.182373,613.372314
2,landing,427807111,863,8.630000,0.010000,401886000,893,23441,1,0,landing,0.204064,-0.000384,-0.279641,0.010995,0.000336,0.359561,-0.000010,0.001567,0.035809,616.043640,613.287109,616.227173,613.459900
2,landing,427807111,864,8.640000,0.010000,401909000,892,23447,1,0,landing,0.204173,-0.000380,-0.276059,0.010831,0.000329,0.356848,-0.000008,0.001686,0.035773,616.018799,613.306152,616.208252,613.484802
2,landing,427807111,865,8.650000,0.010000,401933000,892,23577,1,0,landing,0.204281,-0.000377,-0.272504,0.010656,0.000322,0.354134,-0.000007,0.001801,0.035735,615.993652,613.325928,616.188599,613.509949
2,landing,427807111,866,8.660000,0.010000,401957000,895,23454,1,0,landing,0.204386,-0.000374,-0.268976,0.010469,0.000315,0.351421,-0.000005,0.001913,0.035695,615.968262,613.346375,616.168274,613.535461
2,landing,427807111,867,8.670000,0.010000,401980000,893,23366,1,0,landing,0.204490,-0.000371,-0.265476,0.010270,0.000308,0.348696,-0.000003,0.002022,0.035653,615.973328,613.398743,616.185303,613.599243
2,landing,427807111,868,8.680000,0.010000,402004000,888,23267,1,0,landing,0.204592,-0.000368,-0.262002,0.010061,0.000300,0.345972,-0.000001,0.002127,0.035609,615.947449,613.420715,616.163452,613.625244
2,landing,427807111,869,8.690000,0.010000,402027000,893,23309,1,0,landing,0.204691,-0.000365,-0.258556,0.009842,0.000292,0.343247,0.000000,0.002228,0.035563,615.921326,613.443298,616.140930,613.651489
2,landing,427807111,870,8.700000,0.010000,402050000,893,23462,1,0,landing,0.204788,-0.000362,-0.255137,0.009613,0.000284,0.340523,0.000002,0.002325,0.035516,615.894958,613.466553,616.117798,613.677979
2,landing,427807111,871,8.710000,0.010000,402074000,893,23267,1,0,landing,0.204883,-0.000359,-0.251746,0.009374,0.000276,0.337795,0.000003,0.002418,0.035467,615.874268,613.496643,616.109070,613.719543
2,landing,427807111,872,8.720000,0.010000,402097000,889,23430,1,0,landing,0.204976,-0.000356,-0.248381,0.009126,0.000267,0.335067,0.000005,0.002507,0.035416,615.847595,613.521240,616.084595,613.746399
2,landing,427807111,873,8.730000,0.010000,402121000,893,23722,1,0,landing,0.205066,-0.000354,-0.245044,0.008869,0.000259,0.332339,0.000007,0.002592,0.035363,615.820679,613.546387,616.059448,613.773438
2,landing,427807111,874,8.740000,0.010000,402145000,889,23443,1,0,landing,0.205153,-0.000351,-0.241735,0.008604,0.000250,0.329611,0.000008,0.002673,0.035308,615.793640,613.572144,616.033752,613.800659
2,landing,427807111,875,8.750000,0.010000,402168000,891,23457,1,0,landing,0.205238,-0.000349,-0.238452,0.008330,0.000241,0.326887,0.000009,0.002750,0.035252,615.749451,613.581787,616.001343,613.821533
2,landing,427807111,876,8.760000,0.010000,402192000,891,23579,1,0,landing,0.205320,-0.000346,-0.235197,0.008050,0.000233,0.324163,0.000011,0.002822,0.035195,615.722229,613.608765,615.974426,613.848938
2,landing,427807111,877,8.770000,0.010000,402215000,892,23495,1,0,landing,0.205399,-0.000344,-0.231969,0.007762,0.000224,0.321439,0.000012,0.002890,0.035135,615.694763,613.636230,615.946960,613.876526
2,landing,427807111,878,8.780000,0.010000,402239000,891,23486,1,0,landing,0.205475,-0.000342,-0.228768,0.007467,0.000215,0.318715,0.000014,0.002954,0.035075,615.667236,613.664185,615.919006,613.904236
2,landing,427807111,879,8.790000,0.010000,402263000,893,23555,1,0,landing,0.205548,-0.000340,-0.225595,0.007167,0.000206,0.316001,0.000015,0.003013,0.035013,615.601685,613.654907,615.864685,613.905884
2,landing,427807111,880,8.800000,0.010000,402286000,895,23647,1,0,landing,0.205618,-0.000338,-0.222448,0.006861,0.000196,0.313288,0.000016,0.003067,0.034949,615.574036,613.684021,615.835632,613.933655
2,landing,427807111,881,8.810000,0.010000,402310000,891,23879,1,0,landing,0.205685,-0.000336,-0.219329,0.006549,0.000187,0.310574,0.000017,0.003118,0.034884,615.546387,613.713501,615.806152,613.961548
2,landing,427807111,882,8.820000,0.010000,402334000,890,23560,1,0,landing,0.205749,-0.000334,-0.216237,0.006233,0.000178,0.307861,0.000019,0.003163,0.034818,615.518555,613.743408,615.776184,613.989563
2,landing,427807111,883,8.830000,0.010000,402357000,889,23421,1,0,landing,0.205810,-0.000332,-0.213171,0.005912,0.000169,0.305164,0.000020,0.003204,0.034750,615.433655,613.716797,615.701904,613.973206
2,landing,427807111,884,8.840000,0.010000,402381000,888,23229,1,0,landing,0.205868,-0.000331,-0.210133,0.005587,0.000159,0.302467,0.000021,0.003241,0.034681,615.405884,613.747681,615.671021,614.001160
2,landing,427807111,885,8.850000,0.010000,402404000,889,23473,1,0,landing,0.205922,-0.000329,-0.207122,0.005259,0.000150,0.299770,0.000022,0.003272,0.034611,615.378113,613.778870,615.639771,614.029175
2,landing,427807111,886,8.860000,0.010000,402428000,889,23674,1,0,landing,0.205973,-0.000328,-0.204138,0.004928,0.000141,0.297073,0.000023,0.003300,0.034540,615.350281,613.810364,615.608215,614.057251
2,landing,427807111,887,8.870000,0.010000,402452000,891,23552,1,0,landing,0.206020,-0.000326,-0.201181,0.004595,0.000132,0.294398,0.000024,0.003323,0.034468,615.247925,613.767883,615.515686,614.024170
2,landing,427807111,888,8.880000,0.010000,402475000,894,23444,1,0,landing,0.206065,-0.000325,-0.198250,0.004259,0.000123,0.291724,0.000024,0.003341,0.034395,615.220215,613.800232,615.483276,614.052124
2,landing,427807111,889,8.890000,0.010000,402499000,890,23322,1,0,landing,0.206106,-0.000324,-0.195346,0.003922,0.000114,0.289049,0.000025,0.003355,0.034320,615.192505,613.832825,615.450623,614.080017
2,landing,427807111,890,8.900000,0.010000,402522000,892,23243,1,0,landing,0.206143,-0.000323,-0.192469,0.003584,0.000105,0.286374,0.000026,0.003364,0.034245,615.164856,613.865601,615.417664,614.107971
2,landing,427807111,891,8.910000,0.010000,402545000,889,23218,1,0,landing,0.206177,-0.000322,-0.189618,0.003245,0.000096,0.283727,0.000027,0.003369,0.034168,615.046875,613.808594,615.308594,614.059448
2,landing,427807111,892,8.920000,0.010000,402569000,889,23256,1,0,landing,0.206208,-0.000321,-0.186794,0.002905,0.000087,0.281079,0.000027,0.003369,0.034091,615.019409,613.842041,615.275024,614.087097
2,landing,427807111,893,8.930000,0.010000,402592000,889,23393,1,0,landing,0.206235,-0.000320,-0.183997,0.002566,0.000078,0.278432,0.000028,0.003365,0.034013,614.992004,613.875671,615.241272,614.114807
2,landing,427807111,894,8.940000,0.010000,402615000,889,23301,1,0,landing,0.206259,-0.000319,-0.181226,0.002228,0.000069,0.275785,0.000028,0.003357,0.033934,614.964661,613.909424,615.207336,614.142395
2,landing,427807111,895,8.950000,0.010000,402639000,890,23528,1,0,landing,0.206280,-0.000319,-0.178481,0.001891,0.000061,0.273169,0.000029,0.003344,0.033855,614.832825,613.839050,615.083191,614.079407
2,landing,427807111,896,8.960000,0.010000,402662000,885,23590,1,0,landing,0.206297,-0.000318,-0.175762,0.001555,0.000052,0.270554,0.000029,0.003327,0.033774,614.805786,613.873291,615.048828,614.106689
2,landing,427807111,897,8.970000,0.010000,402686000,888,23465,1,0,landing,0.206311,-0.000318,-0.173070,0.001221,0.000044,0.267938,0.000030,0.003306,0.033693,614.778748,613.907593,615.014343,614.133972
2,landing,427807111,898,8.980000,0.010000,402710000,889,23546,1,0,landing,0.206322,-0.000317,-0.170404,0.000890,0.000036,0.265323,0.000030,0.003281,0.033612,614.751892,613.942017,614.979797,614.161072
2,landing,427807111,899,8.990000,0.010000,402733000,893,23373,1,0,landing,0.206329,-0.000317,-0.167763,0.000561,0.000028,0.262743,0.000030,0.003252,0.033529,614.607849,613.859497,614.842224,614.084717
2,landing,427807111,900,9.000000,0.010000,402757000,890,23370,1,0,landing,0.206333,-0.000317,-0.165149,0.000235,0.000020,0.260164,0.000030,0.003219,0.033447,614.581360,613.894165,614.807373,614.111511
2,landing,427807111,901,9.010000,0.010000,402780000,889,23247,1,0,landing,0.206334,-0.000317,-0.162560,-0.000087,0.000012,0.257584,0.000031,0.003182,0.033363,614.554932,613.928894,614.772461,614.138184
2,landing,427807111,902,9.020000,0.010000,402803000,891,23387,1,0,landing,0.206331,-0.000316,-0.159997,-0.000405,0.000005,0.255005,0.000031,0.003141,0.033280,614.528687,613.963562,614.737610,614.164673
2,landing,427807111,903,9.030000,0.010000,402827000,891,23251,1,0,landing,0.206325,-0.000316,-0.157460,-0.000719,-0.000002,0.252465,0.000031,0.003097,0.033196,614.374023,613.869934,614.588074,614.075989
2,landing,427807111,904,9.040000,0.010000,402850000,890,23511,1,0,landing,0.206317,-0.000317,-0.154948,-0.001028,-0.000010,0.249925,0.000031,0.003049,0.033111,614.348206,613.904724,614.553101,614.102051
2,landing,427807111,905,9.050000,0.010000,402874000,890,23524,1,0,landing,0.206305,-0.000317,-0.152461,-0.001332,-0.000017,0.247386,0.000031,0.002998,0.033026,614.322510,613.939453,614.518188,614.127991
2,landing,427807111,906,9.060000,0.010000,402898000,897,23569,1,0,landing,0.206290,-0.000317,-0.150000,-0.001631,-0.000023,0.244846,0.000031,0.002943,0.032941,614.296936,613.974060,614.483337,614.153809
2,landing,427807111,907,9.070000,0.010000,402921000,892,23440,1,0,landing,0.206272,-0.000317,-0.147564,-0.001924,-0.000030,0.242349,0.000031,0.002885,0.032856,614.133118,613.870361,614.323242,614.053650
2,landing,427807111,908,9.080000,0.010000,402945000,890,23349,1,0,landing,0.206252,-0.000317,-0.145153,-0.002211,-0.000036,0.239853,0.000030,0.002824,0.032771,614.108093,613.904907,614.288452,614.078918
2,landing,427807111,909,9.090000,0.010000,402968000,891,23536,1,0,landing,0.206228,-0.000318,-0.142767,-0.002492,-0.000042,0.237356,0.000030,0.002760,0.032685,614.083191,613.939331,614.253845,614.104004
2,landing,427807111,910,9.100000,0.010000,402992000,889,23387,1,0,landing,0.206202,-0.000318,-0.140406,-0.002766,-0.000048,0.234860,0.000030,0.002693,0.032600,614.058533,613.973572,614.219360,614.128906
2,landing,427807111,911,9.110000,0.010000,403015000,889,23530,1,0,landing,0.206173,-0.000319,-0.138069,-0.003033,-0.000054,0.232563,0.000030,0.002623,0.032514,613.417908,613.391663,613.581177,613.549377
2,landing,427807111,912,9.120000,0.010000,403039000,888,23339,1,0,landing,0.206141,-0.000319,-0.135755,-0.003292,-0.000059,0.230266,0.000029,0.002550,0.032428,613.393738,613.425659,613.546936,613.573730
2,landing,427807111,913,9.130000,0.010000,403062000,891,23487,1,0,landing,0.206107,-0.000320,-0.133464,-0.003544,-0.000065,0.227969,0.000029,0.002475,0.032343,613.369812,613.459473,613.512878,613.597900
2,landing,427807111,914,9.140000,0.010000,403086000,890,23482,1,0,landing,0.206070,-0.000321,-0.131195,-0.003789,-0.000070,0.225672,0.000028,0.002397,0.032257,613.346069,613.493042,613.479126,613.621826
2,landing,427807111,915,9.150000,0.010000,403109000,889,23369,1,0,landing,0.206031,-0.000321,-0.128949,-0.004025,-0.000075,0.223559,0.000028,0.002317,0.032172,612.755127,612.959290,612.889160,613.089050
2,landing,427807111,916,9.160000,0.010000,403133000,890,23475,1,0,landing,0.205990,-0.000322,-0.126724,-0.004253,-0.000079,0.221446,0.000027,0.002235,0.032087,612.731995,612.992432,612.855774,613.112427
2,landing,427807111,917,9.170000,0.010000,403156000,891,23425,1,0,landing,0.205946,-0.000323,-0.124520,-0.004473,-0.000083,0.219333,0.000027,0.002151,0.032001,612.709045,613.025330,612.822693,613.135559
2,landing,427807111,918,9.180000,0.010000,403180000,894,23522,1,0,landing,0.205900,-0.000324,-0.122337,-0.004684,-0.000088,0.217220,0.000026,0.002064,0.031917,612.686401,613.057861,612.789856,613.158447
2,landing,427807111,919,9.190000,0.010000,403204000,892,23341,1,0,landing,0.205853,-0.000325,-0.120175,-0.004886,-0.000091,0.215275,0.000026,0.001976,0.031832,612.141602,612.568298,612.244690,612.668457
2,landing,427807111,920,9.200000,0.010000,403227000,889,23264,1,0,landing,0.205803,-0.000326,-0.118032,-0.005079,-0.000095,0.213331,0.000025,0.001887,0.031748,612.119507,612.600281,612.212463,612.690735
2,landing,427807111,921,9.210000,0.010000,403250000,890,23235,1,0,landing,0.205751,-0.000327,-0.115908,-0.005263,-0.000098,0.211387,0.000024,0.001795,0.031664,612.097717,612.631897,612.180603,612.712769
2,landing,427807111,922,9.220000,0.010000,403273000,890,23284,1,0,landing,0.205697,-0.000328,-0.113804,-0.005438,-0.000101,0.209443,0.000024,0.001703,0.031581,612.076172,612.663147,612.149109,612.734436
2,landing,427807111,923,9.230000,0.010000,403297000,890,23344,1,0,landing,0.205642,-0.000329,-0.111719,-0.005603,-0.000104,0.207654,0.000023,0.001609,0.031498,611.574219,612.213989,611.645386,612.283630
2,landing,427807111,924,9.240000,0.010000,403320000,893,23536,1,0,landing,0.205585,-0.000330,-0.109651,-0.005759,-0.000107,0.205865,0.000022,0.001514,0.031416,611.553345,612.244507,611.614624,612.304688
2,landing,427807111,925,9.250000,0.010000,403344000,891,23465,1,0,landing,0.205527,-0.000331,-0.107601,-0.005906,-0.000109,0.204077,0.000021,0.001418,0.031334,611.532715,612.274658,611.584229,612.325500
2,landing,427807111,926,9.260000,0.010000,403367000,891,23395,1,0,landing,0.205467,-0.000332,-0.105570,-0.006042,-0.000112,0.202288,0.000021,0.001321,0.031252,611.512390,612.304321,611.554321,612.345947
2,landing,427807111,927,9.270000,0.010000,403391000,889,23555,1,0,landing,0.205406,-0.000333,-0.103555,-0.006169,-0.000114,0.200642,0.000020,0.001224,0.031172,611.050171,611.892151,611.089172,611.930969
2,landing,427807111,928,9.280000,0.010000,403415000,891,23485,1,0,landing,0.205344,-0.000334,-0.101557,-0.006286,-0.000115,0.198996,0.000019,0.001126,0.031092,611.030518,611.920959,611.060120,611.950745
2,landing,427807111,929,9.290000,0.010000,403438000,892,23488,1,0,landing,0.205281,-0.000335,-0.099575,-0.006394,-0.000117,0.197351,0.000018,0.001027,0.031012,611.011169,611.949341,611.031555,611.970276
2,landing,427807111,930,9.300000,0.010000,403462000,891,23449,1,0,landing,0.205216,-0.000337,-0.097610,-0.006491,-0.000118,0.195705,0.000017,0.000928,0.030933,610.992126,611.977173,611.003479,611.989441
2,landing,427807111,931,9.310000,0.010000,403485000,893,23532,1,0,landing,0.205151,-0.000338,-0.095660,-0.006579,-0.000119,0.194191,0.000016,0.000829,0.030855,610.566833,611.598755,610.574097,611.607117
2,landing,427807111,932,9.320000,0.010000,403509000,892,22941,1,0,landing,0.205085,-0.000339,-0.093726,-0.006656,-0.000120,0.192677,0.000015,0.000730,0.030778,610.548523,611.625671,610.546997,611.625610
2,landing,427807111,933,9.330000,0.010000,403532000,892,23003,1,0,landing,0.205018,-0.000340,-0.091807,-0.006724,-0.000120,0.191163,0.000015,0.000631,0.030702,610.530457,611.652039,610.520447,611.643799
2,landing,427807111,934,9.340000,0.010000,403555000,891,23312,1,0,landing,0.204950,-0.000341,-0.089903,-0.006782,-0.000121,0.189649,0.000014,0.000533,0.030626,610.512817,611.677856,610.494385,611.661560
2,landing,427807111,935,9.350000,0.010000,403578000,891,23332,1,0,landing,0.204882,-0.000343,-0.088013,-0.006830,-0.000121,0.188256,0.000013,0.000434,0.030552,610.121765,611.330261,610.098328,611.309143
2,landing,427807111,936,9.360000,0.010000,403602000,891,23184,1,0,landing,0.204814,-0.000344,-0.086138,-0.006869,-0.000121,0.186863,0.000012,0.000336,0.030478,610.104797,611.354980,610.073425,611.326233
2,landing,427807111,937,9.370000,0.010000,403625000,894,23459,1,0,landing,0.204745,-0.000345,-0.084276,-0.006897,-0.000121,0.185470,0.000011,0.000239,0.030405,610.088135,611.379150,610.049072,611.343018
2,landing,427807111,938,9.380000,0.010000,403649000,888,23439,1,0,landing,0.204676,-0.000346,-0.082428,-0.006916,-0.000120,0.184077,0.000010,0.000142,0.030333,610.071838,611.402710,610.025269,611.359375
2,landing,427807111,939,9.390000,0.010000,403672000,890,23326,1,0,landing,0.204606,-0.000347,-0.080594,-0.006926,-0.000120,0.182795,0.000009,0.000047,0.030262,609.712585,611.083191,609.660217,611.034241
2,landing,427807111,940,9.400000,0.010000,403695000,891,23334,1,0,landing,0.204537,-0.000349,-0.078772,-0.006926,-0.000119,0.181514,0.000008,-0.000048,0.030192,609.697021,611.105591,609.637634,611.049927
2,landing,427807111,941,9.410000,0.010000,403719000,891,23231,1,0,landing,0.204468,-0.000350,-0.076964,-0.006916,-0.000118,0.180232,0.000007,-0.000142,0.030123,609.681824,611.127380,609.615662,611.065186
2,landing,427807111,942,9.420000,0.010000,403742000,895,23603,1,0,landing,0.204399,-0.000351,-0.075168,-0.006897,-0.000117,0.178951,0.000006,-0.000235,0.030056,609.666992,611.148560,609.594299,611.080139
2,landing,427807111,943,9.430000,0.010000,403766000,894,23531,1,0,landing,0.204330,-0.000352,-0.073384,-0.006870,-0.000115,0.177772,0.000005,-0.000326,0.029989,609.337219,610.854614,609.258118,610.779968
2,landing,427807111,944,9.440000,0.010000,403790000,891,23767,1,0,landing,0.204262,-0.000353,-0.071612,-0.006833,-0.000114,0.176593,0.000004,-0.000416,0.029923,609.323120,610.874512,609.238037,610.794128
2,landing,427807111,945,9.450000,0.010000,403813000,893,23572,1,0,landing,0.204193,-0.000354,-0.069852,-0.006787,-0.000112,0.175414,0.000003,-0.000504,0.029859,609.309387,610.893799,609.218567,610.807922
2,landing,427807111,946,9.460000,0.010000,403837000,890,23524,1,0,landing,0.204126,-0.000355,-0.068104,-0.006733,-0.000110,0.174235,0.000002,-0.000591,0.029796,609.296021,610.912415,609.199829,610.821289
2,landing,427807111,947,9.470000,0.010000,403861000,892,23562,1,0,landing,0.204059,-0.000357,-0.066367,-0.006670,-0.000108,0.173150,0.000001,-0.000676,0.029734,608.993652,610.641724,608.890442,610.543884
2,landing,427807111,948,9.480000,0.010000,403884000,889,23658,1,0,landing,0.203992,-0.000358,-0.064641,-0.006599,-0.000106,0.172065,0.000001,-0.000759,0.029673,608.981018,610.658997,608.873047,610.556580
2,landing,427807111,949,9.490000,0.010000,403908000,891,23550,1,0,landing,0.203927,-0.000359,-0.062926,-0.006520,-0.000103,0.170981,-0.000000,-0.000840,0.029613,608.968811,610.675659,608.856262,610.568787
2,landing,427807111,950,9.500000,0.010000,403932000,894,23801,1,0,landing,0.203862,-0.000360,-0.061221,-0.006433,-0.000101,0.169896,-0.000001,-0.000920,0.029555,608.956970,610.691650,608.840149,610.580627
2,landing,427807111,951,9.510000,0.010000,403955000,888,23437,1,0,landing,0.203798,-0.000361,-0.059527,-0.006338,-0.000098,0.168898,-0.000002,-0.000997,0.029498,608.679932,610.442017,608.555786,610.324036
2,landing,427807111,952,9.520000,0.010000,403979000,890,23445,1,0,landing,0.203735,-0.000362,-0.057843,-0.006235,-0.000095,0.167900,-0.000003,-0.001072,0.029442,608.668823,610.456665,608.541077,610.335144
2,landing,427807111,953,9.530000,0.010000,404002000,891,23333,1,0,landing,0.203674,-0.000363,-0.056169,-0.006125,-0.000093,0.166902,-0.000004,-0.001145,0.029388,608.658203,610.470581,608.527039,610.345825
2,landing,427807111,954,9.540000,0.010000,404026000,894,23368,1,0,landing,0.203613,-0.000363,-0.054505,-0.006008,-0.000090,0.165905,-0.000005,-0.001216,0.029335,608.647949,610.483887,608.513733,610.356079
2,landing,427807111,955,9.550000,0.010000,404049000,892,23495,1,0,landing,0.203553,-0.000364,-0.052851,-0.005885,-0.000086,0.164987,-0.000006,-0.001284,0.029283,608.394348,610.253357,608.252747,610.118469
2,landing,427807111,956,9.560000,0.010000,404073000,895,23409,1,0,landing,0.203495,-0.000365,-0.051206,-0.005754,-0.000083,0.164069,-0.000006,-0.001350,0.029233,608.384888,610.265259,608.240784,610.127991
2,landing,427807111,957,9.570000,0.010000,404096000,890,23526,1,0,landing,0.203438,-0.000366,-0.049569,-0.005617,-0.000080,0.163151,-0.000007,-0.001414,0.029184,608.375793,610.276428,608.229553,610.137085
2,landing,427807111,958,9.580000,0.010000,404120000,893,23466,1,0,landing,0.203383,-0.000367,-0.047943,-0.005475,-0.000076,0.162233,-0.000008,-0.001474,0.029136,608.367126,610.286926,608.218994,610.145691
2,landing,427807111,959,9.590000,0.010000,404144000,893,23542,1,0,landing,0.203329,-0.000368,-0.046324,-0.005326,-0.000073,0.161388,-0.000009,-0.001533,0.029090,608.135315,610.073853,607.979797,609.925476
2,landing,427807111,960,9.600000,0.010000,404167000,890,23451,1,0,landing,0.203276,-0.000368,-0.044715,-0.005171,-0.000069,0.160544,-0.000009,-0.001588,0.029045,608.127441,610.082947,607.970703,609.933411
2,landing,427807111,961,9.610000,0.010000,404191000,890,23431,1,0,landing,0.203225,-0.000369,-0.043114,-0.005012,-0.000066,0.159699,-0.000010,-0.001641,0.029002,608.119934,610.091370,607.962280,609.940857
2,landing,427807111,962,9.620000,0.010000,404214000,889,23623,1,0,landing,0.203176,-0.000370,-0.041521,-0.004847,-0.000062,0.158854,-0.000011,-0.001691,0.028960,608.112854,610.099121,607.954529,609.947876
2,landing,427807111,963,9.630000,0.010000,404238000,894,23271,1,0,landing,0.203129,-0.000370,-0.039936,-0.004677,-0.000058,0.158078,-0.000012,-0.001739,0.028920,607.901245,609.901733,607.735657,609.743591
2,landing,427807111,964,9.640000,0.010000,404261000,893,23628,1,0,landing,0.203083,-0.000371,-0.038359,-0.004503,-0.000054,0.157301,-0.000012,-0.001783,0.028881,607.894958,609.908020,607.729370,609.749817
2,landing,427807111,965,9.650000,0.010000,404285000,891,23661,1,0,landing,0.203038,-0.000371,-0.036790,-0.004325,-0.000050,0.156524,-0.000013,-0.001825,0.028844,607.889038,609.913696,607.723694,609.755676
2,landing,427807111,966,9.660000,0.010000,404309000,896,23464,1,0,landing,0.202996,-0.000372,-0.035229,-0.004143,-0.000046,0.155747,-0.000013,-0.001864,0.028808,607.883606,609.918701,607.718750,609.761047
2,landing,427807111,967,9.670000,0.010000,404332000,893,23466,1,0,landing,0.202956,-0.000372,-0.033675,-0.003957,-0.000042,0.155032,-0.000014,-0.001900,0.028773,607.690613,609.735474,607.518860,609.571228
2,landing,427807111,968,9.680000,0.010000,404356000,893,23471,1,0,landing,0.202917,-0.000373,-0.032128,-0.003768,-0.000038,0.154317,-0.000015,-0.001933,0.028740,607.685913,609.739075,607.515259,609.575867
2,landing,427807111,969,9.690000,0.010000,404380000,891,23652,1,0,landing,0.202880,-0.000373,-0.030589,-0.003575,-0.000034,0.153602,-0.000015,-0.001963,0.028709,607.681702,609.742004,607.512390,609.580078
2,landing,427807111,970,9.700000,0.010000,404403000,892,23464,1,0,landing,0.202846,-0.000373,-0.029056,-0.003380,-0.000030,0.152888,-0.000016,-0.001991,0.028679,607.677856,609.744324,607.510132,609.583801
2,landing,427807111,971,9.710000,0.010000,404427000,888,23387,1,0,landing,0.202813,-0.000374,-0.027531,-0.003182,-0.000026,0.152230,-0.000016,-0.002015,0.028650,607.502136,609.573975,607.327942,609.407288
2,landing,427807111,972,9.720000,0.010000,404450000,894,23634,1,0,landing,0.202782,-0.000374,-0.026012,-0.002982,-0.000022,0.151573,-0.000017,-0.002036,0.028624,607.499084,609.574890,607.327087,609.410278
2,landing,427807111,973,9.730000,0.010000,404474000,891,23262,1,0,landing,0.202753,-0.000374,-0.024499,-0.002780,-0.000018,0.150915,-0.000017,-0.002055,0.028598,607.496460,609.575195,607.326904,609.412842
2,landing,427807111,974,9.740000,0.010000,404497000,890,23304,1,0,landing,0.202726,-0.000374,-0.022993,-0.002577,-0.000014,0.150258,-0.000018,-0.002070,0.028574,607.494263,609.574890,607.327332,609.414917
2,landing,427807111,975,9.750000,0.010000,404520000,889,23158,1,0,landing,0.202702,-0.000374,-0.021494,-0.002372,-0.000010,0.149653,-0.000018,-0.002083,0.028552,607.334412,609.416199,607.161621,609.250610
2,landing,427807111,976,9.760000,0.010000,404544000,890,23425,1,0,landing,0.202679,-0.000374,-0.020000,-0.002166,-0.000006,0.149048,-0.000018,-0.002093,0.028531,607.333008,609.414551,607.163391,609.251953
2,landing,427807111,977,9.770000,0.010000,404567000,888,23312,1,0,landing,0.202658,-0.000374,-0.018513,-0.001959,-0.000002,0.148443,-0.000019,-0.002099,0.028512,607.332031,609.412231,607.165771,609.252869
2,landing,427807111,978,9.780000,0.010000,404591000,889,23298,1,0,landing,0.202640,-0.000374,-0.017031,-0.001752,0.000002,0.147838,-0.000019,-0.002103,0.028494,607.331482,609.409363,607.168701,609.253296
2,landing,427807111,979,9.790000,0.010000,404614000,890,23435,1,0,landing,0.202623,-0.000374,-0.015556,-0.001544,0.000006,0.147281,-0.000019,-0.002105,0.028478,607.186340,609.261230,607.018433,609.100159
2,landing,427807111,980,9.800000,0.010000,404638000,890,23367,1,0,landing,0.202609,-0.000374,-0.014086,-0.001337,0.000010,0.146725,-0.000019,-0.002103,0.028463,607.186523,609.257080,607.022705,609.099915
2,landing,427807111,981,9.810000,0.010000,404661000,893,23531,1,0,landing,0.202596,-0.000374,-0.012621,-0.001130,0.000014,0.146168,-0.000020,-0.002098,0.028450,607.187134,609.252380,607.027527,609.099182
2,landing,427807111,982,9.820000,0.010000,404684000,893,23168,1,0,landing,0.202586,-0.000374,-0.011162,-0.000923,0.000018,0.145612,-0.000020,-0.002091,0.028438,607.188232,609.247070,607.032898,609.098022
2,landing,427807111,983,9.830000,0.010000,404708000,891,23450,1,0,landing,0.202578,-0.000374,-0.009709,-0.000717,0.000022,0.145100,-0.000020,-0.002081,0.028428,607.056641,609.108459,606.896851,608.955078
2,landing,427807111,984,9.840000,0.010000,404731000,890,23423,1,0,landing,0.202572,-0.000374,-0.008260,-0.000513,0.000026,0.144588,-0.000020,-0.002069,0.028419,607.058411,609.101990,606.903503,608.953186
2,landing,427807111,985,9.850000,0.010000,404755000,892,23236,1,0,landing,0.202568,-0.000373,-0.006817,-0.000310,0.000030,0.144076,-0.000020,-0.002054,0.028412,607.060608,609.094971,606.910645,608.950867
2,landing,427807111,986,9.860000,0.010000,404778000,893,23150,1,0,landing,0.202566,-0.000373,-0.005379,-0.000108,0.000034,0.143564,-0.000020,-0.002036,0.028406,607.063293,609.087402,606.918335,608.948120
2,landing,427807111,987,9.870000,0.010000,404801000,895,23438,1,0,landing,0.202566,-0.000373,-0.003946,0.000092,0.000037,0.143092,-0.000021,-0.002016,0.028402,606.944214,608.957397,606.795654,608.814636
2,landing,427807111,988,9.880000,0.010000,404825000,892,23356,1,0,landing,0.202567,-0.000372,-0.002517,0.000289,0.000041,0.142621,-0.000021,-0.001993,0.028399,606.947571,608.948730,606.804504,608.811096
2,landing,427807111,989,9.890000,0.010000,404848000,893,23453,1,0,landing,0.202571,-0.000372,-0.001093,0.000484,0.000044,0.142150,-0.000021,-0.001968,0.028398,606.951355,608.939575,606.813782,608.807190
2,landing,427807111,990,9.900000,0.010000,404872000,889,23756,1,0,landing,0.202577,-0.000371,0.000000,0.000677,0.000048,0.000000,-0.000021,-0.001940,0.028398,606.955566,608.929932,606.823608,608.802917
2,landing,427807111,991,9.910000,0.010000,404896000,290,23157,0,0,grounded,0.202584,-0.000371,0.000000,0.000677,0.000048,0.000000,-0.000021,-0.001912,0.028399,0.000000,0.000000,0.000000,0.000000
2,grounded_complete,427807111,992,9.920000,0.010000,404919000,288,22932,0,0,grounded,0.202591,-0.000370,0.000000,0.000677,0.000048,0.000000,-0.000021,-0.001883,0.028399,0.000000,0.000000,0.000000,0.000000
3,grounded,2164593186,1,0.010000,0.010000,404943000,1474,24112,0,0,grounded,0.000000,0.000000,0.000000,0.000000,0.000000,0.000000,0.000000,0.000000,0.000000,0.000000,0.000000,0.000000,0.000000
3,grounded,2164593186,2,0.020000,0.010000,404967000,285,22699,0,0,grounded,0.000000,0.000000,0.000000,0.000000,0.000000,0.000000,0.000000,0.000000,0.000000,0.000000,0.000000,0.000000,0.000000
3,grounded,2164593186,3,0.030000,0.010000,404990000,284,22832,0,0,grounded,0.000000,0.000000,0.000000,0.000000,0.000000,0.000000,0.000000,0.000000,0.000000,0.000000,0.000000,0.000000,0.000000
3,takeoff,2164593186,4,0.040000,0.010000,405012000,669,23382,1,0,taking_off,0.000000,0.000000,0.000000,0.000000,0.000000,0.000000,0.000000,0.000000,0.000000,0.000000,0.000000,0.000000,0.000000
3,takeoff,2164593186,5,0.050000,0.010000,405036000,669,23031,1,0,taking_off,0.000000,0.000000,0.000000,0.000000,0.000000,0.000000,0.000000,0.000000,0.000000,0.000000,0.000000,0.000000,0.000000
3,takeoff,2164593186,6,0.060000,0.010000,405059000,669,23068,1,0,taking_off,0.000000,0.000000,0.000000,0.000000,0.000000,0.000000,0.000000,0.000000,0.000000,0.000000,0.000000,0.000000,0.000000
3,takeoff,2164593186,7,0.070000,0.010000,405082000,774,23317,1,0,taking_off,0.000000,0.000000,-0.000070,0.000000,0.000000,-0.014000,0.000000,0.000000,0.000000,648.266418,648.266418,648.266418,648.266418
3,takeoff,2164593186,8,0.080000,0.010000,405105000,774,23422,1,0,taking_off,0.000000,0.000000,-0.000280,0.000000,0.000000,-0.028000,0.000000,0.000000,0.000000,648.266418,648.266418,648.266418,648.266418
3,takeoff,2164593186,9,0.090000,0.010000,405129000,774,23345,1,0,taking_off,0.000000,0.000000,-0.000630,0.000000,0.000000,-0.042000,0.000000,0.000000,0.000000,648.266418,648.266418,648.266418,648.266418
3,takeoff,2164593186,10,0.100000,0.010000,405152000,774,23206,1,0,taking_off,0.000000,0.000000,-0.001120,0.000000,0.000000,-0.056000,0.000000,0.000000,0.000000,648.266418,648.266418,648.266418,648.266418
3,takeoff,2164593186,11,0.110000,0.010000,405176000,771,23492,1,0,taking_off,0.000000,0.000000,-0.001744,0.000000,0.000000,-0.068880,0.000000,0.000000,0.000000,645.018921,645.018921,645.018921,645.018921
3,takeoff,2164593186,12,0.120000,0.010000,405199000,771,23188,1,0,taking_off,0.000000,0.000000,-0.002498,0.000000,0.000000,-0.081760,0.000000,0.000000,0.000000,645.018921,645.018921,645.018921,645.018921
3,takeoff,2164593186,13,0.130000,0.010000,405222000,771,23352,1,0,taking_off,0.000000,0.000000,-0.003380,0.000000,0.000000,-0.094640,0.000000,0.000000,0.000000,645.018921,645.018921,645.018921,645.018921
3,takeoff,2164593186,14,0.140000,0.010000,405246000,771,23420,1,0,taking_off,0.000000,0.000000,-0.004390,0.000000,0.000000,-0.107520,0.000000,0.000000,0.000000,645.018921,645.018921,645.018921,645.018921
3,takeoff,2164593186,15,0.150000,0.010000,405269000,766,23198,1,0,taking_off,0.000000,0.000000,-0.005525,0.000000,0.000000,-0.119370,0.000000,0.000000,0.000000,642.016663,642.016663,642.016663,642.016663
3,takeoff,2164593186,16,0.160000,0.010000,405293000,766,23388,1,0,taking_off,0.000000,0.000000,-0.006778,0.000000,0.000000,-0.131219,0.000000,0.000000,0.000000,642.016663,642.016663,642.016663,642.016663
3,takeoff,2164593186,17,0.170000,0.010000,405316000,766,23203,1,0,taking_off,0.000000,0.000000,-0.008149,0.000000,0.000000,-0.143069,0.000000,0.000000,0.000000,642.016663,642.016663,642.016663,642.016663
3,takeoff,2164593186,18,0.180000,0.010000,405339000,766,23160,1,0,taking_off,0.000000,0.000000,-0.009639,0.000000,0.000000,-0.154918,0.000000,0.000000,0.000000,642.016663,642.016663,642.016663,642.016663
3,takeoff,2164593186,19,0.190000,0.010000,405363000,773,23222,1,0,taking_off,0.000000,0.000000,-0.011243,0.000000,0.000000,-0.165820,0.000000,0.000000,0.000000,639.242126,639.242126,639.242126,639.242126
3,takeoff,2164593186,20,0.200000,0.010000,405386000,773,23293,1,0,taking_off,0.000000,0.000000,-0.012956,0.000000,0.000000,-0.176722,0.000000,0.000000,0.000000,639.242126,639.242126,639.242126,639.242126
3,takeoff,2164593186,21,0.210000,0.010000,405409000,773,23307,1,0,taking_off,0.000000,0.000000,-0.014777,0.000000,0.000000,-0.187623,0.000000,0.000000,0.000000,639.242126,639.242126,639.242126,639.242126
3,takeoff,2164593186,22,0.220000,0.010000,405433000,773,23191,1,0,taking_off,0.000000,0.000000,-0.016708,0.000000,0.000000,-0.198525,0.000000,0.000000,0.000000,639.242126,639.242126,639.242126,639.242126
3,takeoff,2164593186,23,0.230000,0.010000,405456000,772,23207,1,0,taking_off,0.000000,0.000000,-0.018743,0.000000,0.000000,-0.208554,0.000000,0.000000,0.000000,636.678894,636.678894,636.678894,636.678894
3,takeoff,2164593186,24,0.240000,0.010000,405479000,772,23253,1,0,taking_off,0.000000,0.000000,-0.020879,0.000000,0.000000,-0.218584,0.000000,0.000000,0.000000,636.678894,636.678894,636.678894,636.678894
3,takeoff,2164593186,25,0.250000,0.010000,405503000,772,23176,1,0,taking_off,0.000000,0.000000,-0.023115,0.000000,0.000000,-0.228613,0.000000,0.000000,0.000000,636.678894,636.678894,636.678894,636.678894
3,takeoff,2164593186,26,0.260000,0.010000,405526000,772,23235,1,0,taking_off,0.000000,0.000000,-0.025451,0.000000,0.000000,-0.238643,0.000000,0.000000,0.000000,636.678894,636.678894,636.678894,636.678894
3,takeoff,2164593186,27,0.270000,0.010000,405549000,767,23428,1,0,taking_off,0.000000,0.000000,-0.027884,0.000000,0.000000,-0.247870,0.000000,0.000000,0.000000,634.311523,634.311523,634.311523,634.311523
3,takeoff,2164593186,28,0.280000,0.010000,405573000,767,23212,1,0,taking_off,0.000000,0.000000,-0.030409,0.000000,0.000000,-0.257097,0.000000,0.000000,0.000000,634.311523,634.311523,634.311523,634.311523
3,takeoff,2164593186,29,0.290000,0.010000,405596000,767,23173,1,0,taking_off,0.000000,0.000000,-0.033026,0.000000,0.000000,-0.266324,0.000000,0.000000,0.000000,634.311523,634.311523,634.311523,634.311523
3,takeoff,2164593186,30,0.300000,0.010000,405619000,767,23189,1,0,taking_off,0.000000,0.000000,-0.035735,0.000000,0.000000,-0.275551,0.000000,0.000000,0.000000,634.311523,634.311523,634.311523,634.311523
3,takeoff,2164593186,31,0.310000,0.010000,405643000,769,23468,1,0,taking_off,0.000000,0.000000,-0.038533,0.000000,0.000000,-0.284040,0.000000,0.000000,0.000000,632.125793,632.125793,632.125793,632.125793
3,takeoff,2164593186,32,0.320000,0.010000,405666000,769,23352,1,0,taking_off,0.000000,0.000000,-0.041416,0.000000,0.000000,-0.292529,0.000000,0.000000,0.000000,632.125793,632.125793,632.125793,632.125793
3,takeoff,2164593186,33,0.330000,0.010000,405689000,769,23085,1,0,taking_off,0.000000,0.000000,-0.044384,0.000000,0.000000,-0.301018,0.000000,0.000000,0.000000,632.125793,632.125793,632.125793,632.125793
3,takeoff,2164593186,34,0.340000,0.010000,405713000,769,23237,1,0,taking_off,0.000000,0.000000,-0.047436,0.000000,0.000000,-0.309507,0.000000,0.000000,0.000000,632.125793,632.125793,632.125793,632.125793
3,takeoff,2164593186,35,0.350000,0.010000,405736000,768,23270,1,0,taking_off,0.000000,0.000000,-0.050571,0.000000,0.000000,-0.317317,0.000000,0.000000,0.000000,630.108154,630.108154,630.108154,630.108154
3,takeoff,2164593186,36,0.360000,0.010000,405759000,768,23178,1,0,taking_off,0.000000,0.000000,-0.053783,0.000000,0.000000,-0.325127,0.000000,0.000000,0.000000,630.108154,630.108154,630.108154,630.108154
3,takeoff,2164593186,37,0.370000,0.010000,405783000,768,23283,1,0,taking_off,0.000000,0.000000,-0.057073,0.000000,0.000000,-0.332937,0.000000,0.000000,0.000000,630.108154,630.108154,630.108154,630.108154
3,takeoff,2164593186,38,0.380000,0.010000,405806000,768,23173,1,0,taking_off,0.000000,0.000000,-0.060442,0.000000,0.000000,-0.340747,0.000000,0.000000,0.000000,630.108154,630.108154,630.108154,630.108154
3,takeoff,2164593186,39,0.390000,0.010000,405829000,772,23495,1,0,taking_off,0.000000,0.000000,-0.063885,0.000000,0.000000,-0.347932,0.000000,0.000000,0.000000,628.246277,628.246277,628.246277,628.246277
3,takeoff,2164593186,40,0.400000,0.010000,405853000,772,23213,1,0,taking_off,0.000000,0.000000,-0.067400,0.000000,0.000000,-0.355117,0.000000,0.000000,0.000000,628.246277,628.246277,628.246277,628.246277
3,takeoff,2164593186,41,0.410000,0.010000,405876000,772,23207,1,0,taking_off,0.000000,0.000000,-0.070987,0.000000,0.000000,-0.362302,0.000000,0.000000,0.000000,628.246277,628.246277,628.246277,628.246277
3,takeoff,2164593186,42,0.420000,0.010000,405899000,772,23479,1,0,taking_off,0.000000,0.000000,-0.074646,0.000000,0.000000,-0.369487,0.000000,0.000000,0.000000,628.246277,628.246277,628.246277,628.246277
3,takeoff,2164593186,43,0.430000,0.010000,405923000,770,23581,1,0,taking_off,0.000000,0.000000,-0.078374,0.000000,0.000000,-0.376097,0.000000,0.000000,0.000000,626.528442,626.528442,626.528442,626.528442
3,takeoff,2164593186,44,0.440000,0.010000,405947000,770,23343,1,0,taking_off,0.000000,0.000000,-0.082168,0.000000,0.000000,-0.382708,0.000000,0.000000,0.000000,626.528442,626.528442,626.528442,626.528442
3,takeoff,2164593186,45,0.450000,0.010000,405970000,770,23368,1,0,taking_off,0.000000,0.000000,-0.086028,0.000000,0.000000,-0.389318,0.000000,0.000000,0.000000,626.528442,626.528442,626.528442,626.528442
3,takeoff,2164593186,46,0.460000,0.010000,405994000,770,23491,1,0,taking_off,0.000000,0.000000,-0.089955,0.000000,0.000000,-0.395928,0.000000,0.000000,0.000000,626.528442,626.528442,626.528442,626.528442
3,takeoff,2164593186,47,0.470000,0.010000,406017000,770,23395,1,0,taking_off,0.000000,0.000000,-0.093944,0.000000,0.000000,-0.402010,0.000000,0.000000,0.000000,624.943787,624.943787,624.943787,624.943787
3,takeoff,2164593186,48,0.480000,0.010000,406041000,770,23365,1,0,taking_off,0.000000,0.000000,-0.097995,0.000000,0.000000,-0.408091,0.000000,0.000000,0.000000,624.943787,624.943787,624.943787,624.943787
3,takeoff,2164593186,49,0.490000,0.010000,406064000,770,23325,1,0,taking_off,0.000000,0.000000,-0.102106,0.000000,0.000000,-0.414172,0.000000,0.000000,0.000000,624.943787,624.943787,624.943787,624.943787
3,takeoff,2164593186,50,0.500000,0.010000,406087000,770,23434,1,0,taking_off,0.000000,0.000000,-0.106278,0.000000,0.000000,-0.420254,0.000000,0.000000,0.000000,624.943787,624.943787,624.943787,624.943787
3,takeoff,2164593186,51,0.510000,0.010000,406111000,773,23463,1,0,taking_off,0.000000,0.000000,-0.110509,0.000000,0.000000,-0.425849,0.000000,0.000000,0.000000,623.482422,623.482422,623.482422,623.482422
3,takeoff,2164593186,52,0.520000,0.010000,406135000,773,23425,1,0,taking_off,0.000000,0.000000,-0.114795,0.000000,0.000000,-0.431444,0.000000,0.000000,0.000000,623.482422,623.482422,623.482422,623.482422
3,takeoff,2164593186,53,0.530000,0.010000,406158000,773,23380,1,0,taking_off,0.000000,0.000000,-0.119138,0.000000,0.000000,-0.437039,0.000000,0.000000,0.000000,623.482422,623.482422,623.482422,623.482422
3,takeoff,2164593186,54,0.540000,0.010000,406181000,773,23315,1,0,taking_off,0.000000,0.000000,-0.123536,0.000000,0.000000,-0.442634,0.000000,0.000000,0.000000,623.482422,623.482422,623.482422,623.482422
3,takeoff,2164593186,55,0.550000,0.010000,406205000,772,23186,1,0,taking_off,0.000000,0.000000,-0.127988,0.000000,0.000000,-0.447781,0.000000,0.000000,0.000000,622.134888,622.134888,622.134888,622.134888
3,takeoff,2164593186,56,0.560000,0.010000,406228000,772,23627,1,0,taking_off,0.000000,0.000000,-0.132492,0.000000,0.000000,-0.452928,0.000000,0.000000,0.000000,622.134888,622.134888,622.134888,622.134888
3,takeoff,2164593186,57,0.570000,0.010000,406252000,772,23499,1,0,taking_off,0.000000,0.000000,-0.137047,0.000000,0.000000,-0.458075,0.000000,0.000000,0.000000,622.134888,622.134888,622.134888,622.134888
3,takeoff,2164593186,58,0.580000,0.010000,406275000,772,23152,1,0,taking_off,0.000000,0.000000,-0.141653,0.000000,0.000000,-0.463223,0.000000,0.000000,0.000000,622.134888,622.134888,622.134888,622.134888
3,takeoff,2164593186,59,0.590000,0.010000,406298000,767,23164,1,0,taking_off,0.000000,0.000000,-0.146309,0.000000,0.000000,-0.467958,0.000000,0.000000,0.000000,620.892639,620.892639,620.892639,620.892639
3,takeoff,2164593186,60,0.600000,0.010000,406322000,767,23356,1,0,taking_off,0.000000,0.000000,-0.151012,0.000000,0.000000,-0.472694,0.000000,0.000000,0.000000,620.892639,620.892639,620.892639,620.892639
3,takeoff,2164593186,61,0.610000,0.010000,406345000,767,23409,1,0,taking_off,0.000000,0.000000,-0.155763,0.000000,0.000000,-0.477429,0.000000,0.000000,0.000000,620.892639,620.892639,620.892639,620.892639
3,takeoff,2164593186,62,0.620000,0.010000,406369000,767,23404,1,0,taking_off,0.000000,0.000000,-0.160561,0.000000,0.000000,-0.482165,0.000000,0.000000,0.000000,620.892639,620.892639,620.892639,620.892639
3,takeoff,2164593186,63,0.630000,0.010000,406392000,773,23224,1,0,taking_off,0.000000,0.000000,-0.165404,0.000000,0.000000,-0.486522,0.000000,0.000000,0.000000,619.747498,619.747498,619.747498,619.747498
3,takeoff,2164593186,64,0.640000,0.010000,406415000,773,23079,1,0,taking_off,0.000000,0.000000,-0.170291,0.000000,0.000000,-0.490878,0.000000,0.000000,0.000000,619.747498,619.747498,619.747498,619.747498
3,takeoff,2164593186,65,0.650000,0.010000,406439000,773,23337,1,0,taking_off,0.000000,0.000000,-0.175222,0.000000,0.000000,-0.495235,0.000000,0.000000,0.000000,619.747498,619.747498,619.747498,619.747498
3,takeoff,2164593186,66,0.660000,0.010000,406462000,773,23497,1,0,taking_off,0.000000,0.000000,-0.180196,0.000000,0.000000,-0.499592,0.000000,0.000000,0.000000,619.747498,619.747498,619.747498,619.747498
3,takeoff,2164593186,67,0.670000,0.010000,406486000,769,23050,1,0,taking_off,0.000000,0.000000,-0.185212,0.000000,0.000000,-0.503600,0.000000,0.000000,0.000000,618.692139,618.692139,618.692139,618.692139
3,takeoff,2164593186,68,0.680000,0.010000,406509000,769,22959,1,0,taking_off,0.000000,0.000000,-0.190268,0.000000,0.000000,-0.507608,0.000000,0.000000,0.000000,618.692139,618.692139,618.692139,618.692139
3,takeoff,2164593186,69,0.690000,0.010000,406532000,769,23553,1,0,taking_off,0.000000,0.000000,-0.195364,0.000000,0.000000,-0.511616,0.000000,0.000000,0.000000,618.692139,618.692139,618.692139,618.692139
3,takeoff,2164593186,70,0.700000,0.010000,406555000,769,23245,1,0,taking_off,0.000000,0.000000,-0.200500,0.000000,0.000000,-0.515624,0.000000,0.000000,0.000000,618.692139,618.692139,618.692139,618.692139
3,takeoff,2164593186,71,0.710000,0.010000,406579000,769,23253,1,0,taking_off,0.000000,0.000000,-0.205675,0.000000,0.000000,-0.519312,0.000000,0.000000,0.000000,617.719666,617.719666,617.719666,617.719666
3,takeoff,2164593186,72,0.720000,0.010000,406602000,769,23252,1,0,taking_off,0.000000,0.000000,-0.210886,0.000000,0.000000,-0.522999,0.000000,0.000000,0.000000,617.719666,617.719666,617.719666,617.719666
3,takeoff,2164593186,73,0.730000,0.010000,406625000,769,23258,1,0,taking_off,0.000000,0.000000,-0.216135,0.000000,0.000000,-0.526687,0.000000,0.000000,0.000000,617.719666,617.719666,617.719666,617.719666
3,takeoff,2164593186,74,0.740000,0.010000,406649000,769,23307,1,0,taking_off,0.000000,0.000000,-0.221420,0.000000,0.000000,-0.530374,0.000000,0.000000,0.000000,617.719666,617.719666,617.719666,617.719666
3,takeoff,2164593186,75,0.750000,0.010000,406672000,770,23131,1,0,taking_off,0.000000,0.000000,-0.226741,0.000000,0.000000,-0.533767,0.000000,0.000000,0.000000,616.823547,616.823547,616.823547,616.823547
3,takeoff,2164593186,76,0.760000,0.010000,406695000,770,23271,1,0,taking_off,0.000000,0.000000,-0.232096,0.000000,0.000000,-0.537159,0.000000,0.000000,0.000000,616.823547,616.823547,616.823547,616.823547
3,takeoff,2164593186,77,0.770000,0.010000,406719000,770,23498,1,0,taking_off,0.000000,0.000000,-0.237484,0.000000,0.000000,-0.540552,0.000000,0.000000,0.000000,616.823547,616.823547,616.823547,616.823547
3,takeoff,2164593186,78,0.780000,0.010000,406742000,770,23300,1,0,taking_off,0.000000,0.000000,-0.242907,0.000000,0.000000,-0.543944,0.000000,0.000000,0.000000,616.823547,616.823547,616.823547,616.823547
3,takeoff,2164593186,79,0.790000,0.010000,406766000,771,23210,1,0,taking_off,0.000000,0.000000,-0.248362,0.000000,0.000000,-0.547066,0.000000,0.000000,0.000000,615.997986,615.997986,615.997986,615.997986
3,takeoff,2164593186,80,0.800000,0.010000,406789000,771,23211,1,0,taking_off,0.000000,0.000000,-0.253848,0.000000,0.000000,-0.550187,0.000000,0.000000,0.000000,615.997986,615.997986,615.997986,615.997986
3,takeoff,2164593186,81,0.810000,0.010000,406812000,771,23151,1,0,taking_off,0.000000,0.000000,-0.259365,0.000000,0.000000,-0.553308,0.000000,0.000000,0.000000,615.997986,615.997986,615.997986,615.997986
3,takeoff,2164593186,82,0.820000,0.010000,406835000,771,22966,1,0,taking_off,0.000000,0.000000,-0.264914,0.000000,0.000000,-0.556429,0.000000,0.000000,0.000000,615.997986,615.997986,615.997986,615.997986
3,takeoff,2164593186,83,0.830000,0.010000,406858000,773,23110,1,0,taking_off,0.000000,0.000000,-0.270493,0.000000,0.000000,-0.559300,0.000000,0.000000,0.000000,615.237549,615.237549,615.237549,615.237549
3,takeoff,2164593186,84,0.840000,0.010000,406882000,773,23380,1,0,taking_off,0.000000,0.000000,-0.276100,0.000000,0.000000,-0.562172,0.000000,0.000000,0.000000,615.237549,615.237549,615.237549,615.237549
3,takeoff,2164593186,85,0.850000,0.010000,406905000,773,23226,1,0,taking_off,0.000000,0.000000,-0.281736,0.000000,0.000000,-0.565043,0.000000,0.000000,0.000000,615.237549,615.237549,615.237549,615.237549
3,takeoff,2164593186,86,0.860000,0.010000,406929000,773,23325,1,0,taking_off,0.000000,0.000000,-0.287401,0.000000,0.000000,-0.567915,0.000000,0.000000,0.000000,615.237549,615.237549,615.237549,615.237549
3,takeoff,2164593186,87,0.870000,0.010000,406952000,769,23243,1,0,taking_off,0.000000,0.000000,-0.293093,0.000000,0.000000,-0.570556,0.000000,0.000000,0.000000,614.537048,614.537048,614.537048,614.537048
3,takeoff,2164593186,88,0.880000,0.010000,406975000,769,23458,1,0,taking_off,0.000000,0.000000,-0.298812,0.000000,0.000000,-0.573198,0.000000,0.000000,0.000000,614.537048,614.537048,614.537048,614.537048
3,takeoff,2164593186,89,0.890000,0.010000,406999000,769,23425,1,0,taking_off,0.000000,0.000000,-0.304557,0.000000,0.000000,-0.575840,0.000000,0.000000,0.000000,614.537048,614.537048,614.537048,614.537048
3,takeoff,2164593186,90,0.900000,0.010000,407022000,769,23369,1,0,taking_off,0.000000,0.000000,-0.310329,0.000000,0.000000,-0.578481,0.000000,0.000000,0.000000,614.537048,614.537048,614.537048,614.537048
3,takeoff,2164593186,91,0.910000,0.010000,407046000,770,23676,1,0,taking_off,0.000000,0.000000,-0.316126,0.000000,0.000000,-0.580912,0.000000,0.000000,0.000000,613.891907,613.891907,613.891907,613.891907
3,takeoff,2164593186,92,0.920000,0.010000,407070000,770,23417,1,0,taking_off,0.000000,0.000000,-0.321947,0.000000,0.000000,-0.583342,0.000000,0.000000,0.000000,613.891907,613.891907,613.891907,613.891907
3,takeoff,2164593186,93,0.930000,0.010000,407093000,770,23512,1,0,taking_off,0.000000,0.000000,-0.327793,0.000000,0.000000,-0.585773,0.000000,0.000000,0.000000,613.891907,613.891907,613.891907,613.891907
3,takeoff,2164593186,94,0.940000,0.010000,407117000,770,23269,1,0,taking_off,0.000000,0.000000,-0.333663,0.000000,0.000000,-0.588203,0.000000,0.000000,0.000000,613.891907,613.891907,613.891907,613.891907
3,takeoff,2164593186,95,0.950000,0.010000,407140000,772,23292,1,0,taking_off,0.000000,0.000000,-0.339556,0.000000,0.000000,-0.590439,0.000000,0.000000,0.000000,613.297791,613.297791,613.297791,613.297791
3,takeoff,2164593186,96,0.960000,0.010000,407163000,772,23391,1,0,taking_off,0.000000,0.000000,-0.345471,0.000000,0.000000,-0.592675,0.000000,0.000000,0.000000,613.297791,613.297791,613.297791,613.297791
3,takeoff,2164593186,97,0.970000,0.010000,407187000,772,23163,1,0,taking_off,0.000000,0.000000,-0.351409,0.000000,0.000000,-0.594911,0.000000,0.000000,0.000000,613.297791,613.297791,613.297791,613.297791
3,takeoff,2164593186,98,0.980000,0.010000,407210000,772,23405,1,0,taking_off,0.000000,0.000000,-0.357370,0.000000,0.000000,-0.597147,0.000000,0.000000,0.000000,613.297791,613.297791,613.297791,613.297791
3,takeoff,2164593186,99,0.990000,0.010000,407234000,773,23520,1,0,taking_off,0.000000,0.000000,-0.363351,0.000000,0.000000,-0.599204,0.000000,0.000000,0.000000,612.750671,612.750671,612.750671,612.750671
3,takeoff,2164593186,100,1.000000,0.010000,407257000,773,23362,1,0,taking_off,0.000000,0.000000,-0.369354,0.000000,0.000000,-0.601261,0.000000,0.000000,0.000000,612.750671,612.750671,612.750671,612.750671
3,takeoff,2164593186,101,1.010000,0.010000,407281000,773,23420,1,0,taking_off,0.000000,0.000000,-0.375377,0.000000,0.000000,-0.603318,0.000000,0.000000,0.000000,612.750671,612.750671,612.750671,612.750671
3,takeoff,2164593186,102,1.020000,0.010000,407304000,773,23372,1,0,taking_off,0.000000,0.000000,-0.381420,0.000000,0.000000,-0.605375,0.000000,0.000000,0.000000,612.750671,612.750671,612.750671,612.750671
3,takeoff,2164593186,103,1.030000,0.010000,407328000,769,23211,1,0,taking_off,0.000000,0.000000,-0.387483,0.000000,0.000000,-0.607268,0.000000,0.000000,0.000000,612.246887,612.246887,612.246887,612.246887
3,takeoff,2164593186,104,1.040000,0.010000,407351000,769,23122,1,0,taking_off,0.000000,0.000000,-0.393565,0.000000,0.000000,-0.609160,0.000000,0.000000,0.000000,612.246887,612.246887,612.246887,612.246887
3,takeoff,2164593186,105,1.050000,0.010000,407374000,769,23247,1,0,taking_off,0.000000,0.000000,-0.399666,0.000000,0.000000,-0.611053,0.000000,0.000000,0.000000,612.246887,612.246887,612.246887,612.246887
3,takeoff,2164593186,106,1.060000,0.010000,407397000,769,23281,1,0,taking_off,0.000000,0.000000,-0.405786,0.000000,0.000000,-0.612945,0.000000,0.000000,0.000000,612.246887,612.246887,612.246887,612.246887
3,takeoff,2164593186,107,1.070000,0.010000,407421000,766,23231,1,0,taking_off,0.000000,0.000000,-0.411925,0.000000,0.000000,-0.614686,0.000000,0.000000,0.000000,611.783020,611.783020,611.783020,611.783020
3,takeoff,2164593186,108,1.080000,0.010000,407444000,766,23395,1,0,taking_off,0.000000,0.000000,-0.418080,0.000000,0.000000,-0.616427,0.000000,0.000000,0.000000,611.783020,611.783020,611.783020,611.783020
3,takeoff,2164593186,109,1.090000,0.010000,407468000,766,23393,1,0,taking_off,0.000000,0.000000,-0.424253,0.000000,0.000000,-0.618168,0.000000,0.000000,0.000000,611.783020,611.783020,611.783020,611.783020
3,takeoff,2164593186,110,1.100000,0.010000,407491000,766,23483,1,0,taking_off,0.000000,0.000000,-0.430443,0.000000,0.000000,-0.619909,0.000000,0.000000,0.000000,611.783020,611.783020,611.783020,611.783020
3,takeoff,2164593186,111,1.110000,0.010000,407515000,770,23289,1,0,taking_off,0.000000,0.000000,-0.436651,0.000000,0.000000,-0.621511,0.000000,0.000000,0.000000,611.356018,611.356018,611.356018,611.356018
3,takeoff,2164593186,112,1.120000,0.010000,407538000,770,23335,1,0,taking_off,0.000000,0.000000,-0.442874,0.000000,0.000000,-0.623113,0.000000,0.000000,0.000000,611.356018,611.356018,611.356018,611.356018
3,takeoff,2164593186,113,1.130000,0.010000,407562000,770,23434,1,0,taking_off,0.000000,0.000000,-0.449113,0.000000,0.000000,-0.624715,0.000000,0.000000,0.000000,611.356018,611.356018,611.356018,611.356018
3,takeoff,2164593186,114,1.140000,0.010000,407585000,770,23389,1,0,taking_off,0.000000,0.000000,-0.455368,0.000000,0.000000,-0.626317,0.000000,0.000000,0.000000,611.356018,611.356018,611.356018,611.356018
3,takeoff,2164593186,115,1.150000,0.010000,407608000,769,23169,1,0,taking_off,0.000000,0.000000,-0.461639,0.000000,0.000000,-0.627790,0.000000,0.000000,0.000000,610.962891,610.962891,610.962891,610.962891
3,takeoff,2164593186,116,1.160000,0.010000,407632000,769,23327,1,0,taking_off,0.000000,0.000000,-0.467924,0.000000,0.000000,-0.629264,0.000000,0.000000,0.000000,610.962891,610.962891,610.962891,610.962891
3,takeoff,2164593186,117,1.170000,0.010000,407655000,769,23252,1,0,taking_off,0.000000,0.000000,-0.474224,0.000000,0.000000,-0.630738,0.000000,0.000000,0.000000,610.962891,610.962891,610.962891,610.962891
3,takeoff,2164593186,118,1.180000,0.010000,407679000,769,23331,1,0,taking_off,0.000000,0.000000,-0.480539,0.000000,0.000000,-0.632211,0.000000,0.000000,0.000000,610.962891,610.962891,610.962891,610.962891
3,takeoff,2164593186,119,1.190000,0.010000,407702000,772,23339,1,0,taking_off,0.000000,0.000000,-0.486867,0.000000,0.000000,-0.633567,0.000000,0.000000,0.000000,610.600952,610.600952,610.600952,610.600952
3,takeoff,2164593186,120,1.200000,0.010000,407725000,772,23474,1,0,taking_off,0.000000,0.000000,-0.493210,0.000000,0.000000,-0.634923,0.000000,0.000000,0.000000,610.600952,610.600952,610.600952,610.600952
3,takeoff,2164593186,121,1.210000,0.010000,407749000,772,23279,1,0,taking_off,0.000000,0.000000,-0.499566,0.000000,0.000000,-0.636279,0.000000,0.000000,0.000000,610.600952,610.600952,610.600952,610.600952
3,takeoff,2164593186,122,1.220000,0.010000,407772000,772,23067,1,0,taking_off,0.000000,0.000000,-0.505935,0.000000,0.000000,-0.637634,0.000000,0.000000,0.000000,610.600952,610.600952,610.600952,610.600952
3,takeoff,2164593186,123,1.230000,0.010000,407795000,774,23072,1,0,taking_off,0.000000,0.000000,-0.512318,0.000000,0.000000,-0.638882,0.000000,0.000000,0.000000,610.267822,610.267822,610.267822,610.267822
3,takeoff,2164593186,124,1.240000,0.010000,407818000,774,23215,1,0,taking_off,0.000000,0.000000,-0.518713,0.000000,0.000000,-0.640129,0.000000,0.000000,0.000000,610.267822,610.267822,610.267822,610.267822
3,takeoff,2164593186,125,1.250000,0.010000,407842000,774,22990,1,0,taking_off,0.000000,0.000000,-0.525121,0.000000,0.000000,-0.641376,0.000000,0.000000,0.000000,610.267822,610.267822,610.267822,610.267822
3,takeoff,2164593186,126,1.260000,0.010000,407865000,774,23268,1,0,taking_off,0.000000,0.000000,-0.531541,0.000000,0.000000,-0.642624,0.000000,0.000000,0.000000,610.267822,610.267822,610.267822,610.267822
3,takeoff,2164593186,127,1.270000,0.010000,407888000,773,23203,1,0,taking_off,0.000000,0.000000,-0.537973,0.000000,0.000000,-0.643771,0.000000,0.000000,0.000000,609.961182,609.961182,609.961182,609.961182
3,takeoff,2164593186,128,1.280000,0.010000,407911000,773,23465,1,0,taking_off,0.000000,0.000000,-0.544416,0.000000,0.000000,-0.644919,0.000000,0.000000,0.000000,609.961182,609.961182,609.961182,609.961182
3,takeoff,2164593186,129,1.290000,0.010000,407935000,773,23213,1,0,taking_off,0.000000,0.000000,-0.550871,0.000000,0.000000,-0.646066,0.000000,0.000000,0.000000,609.961182,609.961182,609.961182,609.961182
3,takeoff,2164593186,130,1.300000,0.010000,407958000,773,23250,1,0,taking_off,0.000000,0.000000,-0.557337,0.000000,0.000000,-0.647214,0.000000,0.000000,0.000000,609.961182,609.961182,609.961182,609.961182
3,takeoff,2164593186,131,1.310000,0.010000,407982000,767,23338,1,0,taking_off,0.000000,0.000000,-0.563815,0.000000,0.000000,-0.648270,0.000000,0.000000,0.000000,609.678894,609.678894,609.678894,609.678894
3,takeoff,2164593186,132,1.320000,0.010000,408005000,767,23298,1,0,taking_off,0.000000,0.000000,-0.570303,0.000000,0.000000,-0.649325,0.000000,0.000000,0.000000,609.678894,609.678894,609.678894,609.678894
3,takeoff,2164593186,133,1.330000,0.010000,408028000,767,23389,1,0,taking_off,0.000000,0.000000,-0.576801,0.000000,0.000000,-0.650381,0.000000,0.000000,0.000000,609.678894,609.678894,609.678894,609.678894
3,takeoff,2164593186,134,1.340000,0.010000,408052000,767,23280,1,0,taking_off,0.000000,0.000000,-0.583310,0.000000,0.000000,-0.651437,0.000000,0.000000,0.000000,609.678894,609.678894,609.678894,609.678894
3,takeoff,2164593186,135,1.350000,0.010000,408075000,771,23450,1,0,taking_off,0.000000,0.000000,-0.589830,0.000000,0.000000,-0.652408,0.000000,0.000000,0.000000,609.419067,609.419067,609.419067,609.419067
3,takeoff,2164593186,136,1.360000,0.010000,408099000,771,23390,1,0,taking_off,0.000000,0.000000,-0.596359,0.000000,0.000000,-0.653379,0.000000,0.000000,0.000000,609.419067,609.419067,609.419067,609.419067
3,takeoff,2164593186,137,1.370000,0.010000,408122000,771,23478,1,0,taking_off,0.000000,0.000000,-0.602897,0.000000,0.000000,-0.654351,0.000000,0.000000,0.000000,609.419067,609.419067,609.419067,609.419067
3,takeoff,2164593186,138,1.380000,0.010000,408146000,771,23335,1,0,taking_off,0.000000,0.000000,-0.609446,0.000000,0.000000,-0.655322,0.000000,0.000000,0.000000,609.419067,609.419067,609.419067,609.419067
3,takeoff,2164593186,139,1.390000,0.010000,408169000,769,23385,1,0,taking_off,0.000000,0.000000,-0.616003,0.000000,0.000000,-0.656215,0.000000,0.000000,0.000000,609.179993,609.179993,609.179993,609.179993
3,takeoff,2164593186,140,1.400000,0.010000,408193000,769,23346,1,0,taking_off,0.000000,0.000000,-0.622570,0.000000,0.000000,-0.657109,0.000000,0.000000,0.000000,609.179993,609.179993,609.179993,609.179993
3,takeoff,2164593186,141,1.410000,0.010000,408216000,769,23479,1,0,taking_off,0.000000,0.000000,-0.629145,0.000000,0.000000,-0.658003,0.000000,0.000000,0.000000,609.179993,609.179993,609.179993,609.179993
3,takeoff,2164593186,142,1.420000,0.010000,408240000,769,23248,1,0,taking_off,0.000000,0.000000,-0.635730,0.000000,0.000000,-0.658896,0.000000,0.000000,0.000000,609.179993,609.179993,609.179993,609.179993
3,takeoff,2164593186,143,1.430000,0.010000,408263000,768,23144,1,0,taking_off,0.000000,0.000000,-0.642322,0.000000,0.000000,-0.659546,0.000000,0.000000,0.000000,608.431091,608.431091,608.431091,608.431091
3,takeoff,2164593186,144,1.440000,0.010000,408286000,768,23315,1,0,taking_off,0.000000,0.000000,-0.648921,0.000000,0.000000,-0.660197,0.000000,0.000000,0.000000,608.431091,608.431091,608.431091,608.431091
3,takeoff,2164593186,145,1.450000,0.010000,408310000,768,23469,1,0,taking_off,0.000000,0.000000,-0.655526,0.000000,0.000000,-0.660847,0.000000,0.000000,0.000000,608.431091,608.431091,608.431091,608.431091
3,takeoff,2164593186,146,1.460000,0.010000,408333000,768,23457,1,0,taking_off,0.000000,0.000000,-0.662138,0.000000,0.000000,-0.661498,0.000000,0.000000,0.000000,608.431091,608.431091,608.431091,608.431091
3,takeoff,2164593186,147,1.470000,0.010000,408357000,765,23238,1,0,taking_off,0.000000,0.000000,-0.668754,0.000000,0.000000,-0.661674,0.000000,0.000000,0.000000,606.966858,606.966858,606.966858,606.966858
3,takeoff,2164593186,148,1.480000,0.010000,408380000,765,23304,1,0,taking_off,0.000000,0.000000,-0.675371,0.000000,0.000000,-0.661849,0.000000,0.000000,0.000000,606.966858,606.966858,606.966858,606.966858
3,takeoff,2164593186,149,1.490000,0.010000,408403000,765,23093,1,0,taking_off,0.000000,0.000000,-0.681991,0.000000,0.000000,-0.662025,0.000000,0.000000,0.000000,606.966858,606.966858,606.966858,606.966858
3,takeoff,2164593186,150,1.500000,0.010000,408426000,765,23408,1,0,taking_off,0.000000,0.000000,-0.688612,0.000000,0.000000,-0.662201,0.000000,0.000000,0.000000,606.966858,606.966858,606.966858,606.966858
3,takeoff,2164593186,151,1.510000,0.010000,408450000,770,23257,1,0,taking_off,0.000000,0.000000,-0.695232,0.000000,0.000000,-0.661939,0.000000,0.000000,0.000000,605.613403,605.613403,605.613403,605.613403
3,takeoff,2164593186,152,1.520000,0.010000,408473000,770,23594,1,0,taking_off,0.000000,0.000000,-0.701851,0.000000,0.000000,-0.661677,0.000000,0.000000,0.000000,605.613403,605.613403,605.613403,605.613403
3,takeoff,2164593186,153,1.530000,0.010000,408497000,770,23524,1,0,taking_off,0.000000,0.000000,-0.708466,0.000000,0.000000,-0.661416,0.000000,0.000000,0.000000,605.613403,605.613403,605.613403,605.613403
3,takeoff,2164593186,154,1.540000,0.010000,408520000,770,23292,1,0,taking_off,0.000000,0.000000,-0.715079,0.000000,0.000000,-0.661154,0.000000,0.000000,0.000000,605.613403,605.613403,605.613403,605.613403
3,takeoff,2164593186,155,1.550000,0.010000,408544000,767,23074,1,0,taking_off,0.000000,0.000000,-0.721687,0.000000,0.000000,-0.660489,0.000000,0.000000,0.000000,604.365845,604.365845,604.365845,604.365845
3,takeoff,2164593186,156,1.560000,0.010000,408567000,767,23273,1,0,taking_off,0.000000,0.000000,-0.728289,0.000000,0.000000,-0.659825,0.000000,0.000000,0.000000,604.365845,604.365845,604.365845,604.365845
3,takeoff,2164593186,157,1.570000,0.010000,408590000,767,23373,1,0,taking_off,0.000000,0.000000,-0.734884,0.000000,0.000000,-0.659161,0.000000,0.000000,0.000000,604.365845,604.365845,604.365845,604.365845
3,takeoff,2164593186,158,1.580000,0.010000,408614000,767,23229,1,0,taking_off,0.000000,0.000000,-0.741472,0.000000,0.000000,-0.658496,0.000000,0.000000,0.000000,604.365845,604.365845,604.365845,604.365845
3,takeoff,2164593186,159,1.590000,0.010000,408637000,771,23215,1,0,taking_off,0.000000,0.000000,-0.748052,0.000000,0.000000,-0.657463,0.000000,0.000000,0.000000,603.219543,603.219543,603.219543,603.219543
3,takeoff,2164593186,160,1.600000,0.010000,408660000,771,23264,1,0,taking_off,0.000000,0.000000,-0.754621,0.000000,0.000000,-0.656429,0.000000,0.000000,0.000000,603.219543,603.219543,603.219543,603.219543
3,takeoff,2164593186,161,1.610000,0.010000,408684000,771,23260,1,0,taking_off,0.000000,0.000000,-0.761180,0.000000,0.000000,-0.655396,0.000000,0.000000,0.000000,603.219543,603.219543,603.219543,603.219543
3,takeoff,2164593186,162,1.620000,0.010000,408707000,771,23248,1,0,taking_off,0.000000,0.000000,-0.767729,0.000000,0.000000,-0.654363,0.000000,0.000000,0.000000,603.219543,603.219543,603.219543,603.219543
3,takeoff,2164593186,163,1.630000,0.010000,408730000,766,23449,1,0,taking_off,0.000000,0.000000,-0.774266,0.000000,0.000000,-0.652992,0.000000,0.000000,0.000000,602.169800,602.169800,602.169800,602.169800
3,takeoff,2164593186,164,1.640000,0.010000,408754000,766,23060,1,0,taking_off,0.000000,0.000000,-0.780789,0.000000,0.000000,-0.651621,0.000000,0.000000,0.000000,602.169800,602.169800,602.169800,602.169800
3,takeoff,2164593186,165,1.650000,0.010000,408777000,766,23027,1,0,taking_off,0.000000,0.000000,-0.787298,0.000000,0.000000,-0.650250,0.000000,0.000000,0.000000,602.169800,602.169800,602.169800,602.169800
3,takeoff,2164593186,166,1.660000,0.010000,408800000,766,22826,1,0,taking_off,0.000000,0.000000,-0.793794,0.000000,0.000000,-0.648879,0.000000,0.000000,0.000000,602.169800,602.169800,602.169800,602.169800
3,takeoff,2164593186,167,1.670000,0.010000,408823000,769,23351,1,0,taking_off,0.000000,0.000000,-0.800274,0.000000,0.000000,-0.647201,0.000000,0.000000,0.000000,601.211975,601.211975,601.211975,601.211975
3,takeoff,2164593186,168,1.680000,0.010000,408846000,769,23422,1,0,taking_off,0.000000,0.000000,-0.806738,0.000000,0.000000,-0.645522,0.000000,0.000000,0.000000,601.211975,601.211975,601.211975,601.211975
3,takeoff,2164593186,169,1.690000,0.010000,408870000,769,23188,1,0,taking_off,0.000000,0.000000,-0.813185,0.000000,0.000000,-0.643844,0.000000,0.000000,0.000000,601.211975,601.211975,601.211975,601.211975
3,takeoff,2164593186,170,1.700000,0.010000,408893000,769,23352,1,0,taking_off,0.000000,0.000000,-0.819615,0.000000,0.000000,-0.642166,0.000000,0.000000,0.000000,601.211975,601.211975,601.211975,601.211975
3,takeoff,2164593186,171,1.710000,0.010000,408917000,772,23361,1,0,taking_off,0.000000,0.000000,-0.826027,0.000000,0.000000,-0.640209,0.000000,0.000000,0.000000,600.341614,600.341614,600.341614,600.341614
3,takeoff,2164593186,172,1.720000,0.010000,408940000,772,23199,1,0,taking_off,0.000000,0.000000,-0.832419,0.000000,0.000000,-0.638251,0.000000,0.000000,0.000000,600.341614,600.341614,600.341614,600.341614
3,takeoff,2164593186,173,1.730000,0.010000,408963000,772,23437,1,0,taking_off,0.000000,0.000000,-0.838792,0.000000,0.000000,-0.636294,0.000000,0.000000,0.000000,600.341614,600.341614,600.341614,600.341614
3,takeoff,2164593186,174,1.740000,0.010000,408987000,772,23247,1,0,taking_off,0.000000,0.000000,-0.845145,0.000000,0.000000,-0.634337,0.000000,0.000000,0.000000,600.341614,600.341614,600.341614,600.341614
3,takeoff,2164593186,175,1.750000,0.010000,409010000,769,23294,1,0,taking_off,0.000000,0.000000,-0.851477,0.000000,0.000000,-0.632128,0.000000,0.000000,0.000000,599.554321,599.554321,599.554321,599.554321
3,takeoff,2164593186,176,1.760000,0.010000,409033000,769,23154,1,0,taking_off,0.000000,0.000000,-0.857787,0.000000,0.000000,-0.629919,0.000000,0.000000,0.000000,599.554321,599.554321,599.554321,599.554321
3,takeoff,2164593186,177,1.770000,0.010000,409057000,769,23233,1,0,taking_off,0.000000,0.000000,-0.864076,0.000000,0.000000,-0.627710,0.000000,0.000000,0.000000,599.554321,599.554321,599.554321,599.554321
3,takeoff,2164593186,178,1.780000,0.010000,409080000,769,23322,1,0,taking_off,0.000000,0.000000,-0.870342,0.000000,0.000000,-0.625501,0.000000,0.000000,0.000000,599.554321,599.554321,599.554321,599.554321
3,takeoff,2164593186,179,1.790000,0.010000,409103000,779,23274,1,0,taking_off,0.000000,0.000000,-0.876584,0.000000,0.000000,-0.623065,0.000000,0.000000,0.000000,598.845825,598.845825,598.845825,598.845825
3,takeoff,2164593186,180,1.800000,0.010000,409127000,779,23397,1,0,taking_off,0.000000,0.000000,-0.882803,0.000000,0.000000,-0.620630,0.000000,0.000000,0.000000,598.845825,598.845825,598.845825,598.845825
3,takeoff,2164593186,181,1.810000,0.010000,409150000,779,23535,1,0,taking_off,0.000000,0.000000,-0.888997,0.000000,0.000000,-0.618194,0.000000,0.000000,0.000000,598.845825,598.845825,598.845825,598.845825
3,takeoff,2164593186,182,1.820000,0.010000,409174000,779,23360,1,0,taking_off,0.000000,0.000000,-0.895167,0.000000,0.000000,-0.615759,0.000000,0.000000,0.000000,598.845825,598.845825,598.845825,598.845825
3,takeoff,2164593186,183,1.830000,0.010000,409197000,769,23449,1,0,taking_off,0.000000,0.000000,-0.901311,0.000000,0.000000,-0.613121,0.000000,0.000000,0.000000,598.211853,598.211853,598.211853,598.211853
3,takeoff,2164593186,184,1.840000,0.010000,409221000,769,23300,1,0,taking_off,0.000000,0.000000,-0.907429,0.000000,0.000000,-0.610483,0.000000,0.000000,0.000000,598.211853,598.211853,598.211853,598.211853
3,takeoff,2164593186,185,1.850000,0.010000,409244000,769,23294,1,0,taking_off,0.000000,0.000000,-0.913521,0.000000,0.000000,-0.607845,0.000000,0.000000,0.000000,598.211853,598.211853,598.211853,598.211853
3,takeoff,2164593186,186,1.860000,0.010000,409268000,769,23476,1,0,taking_off,0.000000,0.000000,-0.919586,0.000000,0.000000,-0.605208,0.000000,0.000000,0.000000,598.211853,598.211853,598.211853,598.211853
3,takeoff,2164593186,187,1.870000,0.010000,409291000,772,23433,1,0,taking_off,0.000000,0.000000,-0.925624,0.000000,0.000000,-0.602390,0.000000,0.000000,0.000000,597.648438,597.648438,597.648438,597.648438
3,takeoff,2164593186,188,1.880000,0.010000,409315000,772,23489,1,0,taking_off,0.000000,0.000000,-0.931634,0.000000,0.000000,-0.599573,0.000000,0.000000,0.000000,597.648438,597.648438,597.648438,597.648438
3,takeoff,2164593186,189,1.890000,0.010000,409338000,772,23444,1,0,taking_off,0.000000,0.000000,-0.937616,0.000000,0.000000,-0.596755,0.000000,0.000000,0.000000,597.648438,597.648438,597.648438,597.648438
3,takeoff,2164593186,190,1.900000,0.010000,409362000,772,23479,1,0,taking_off,0.000000,0.000000,-0.943569,0.000000,0.000000,-0.593937,0.000000,0.000000,0.000000,597.648438,597.648438,597.648438,597.648438
3,takeoff,2164593186,191,1.910000,0.010000,409385000,765,23372,1,0,taking_off,0.000000,0.000000,-0.949494,0.000000,0.000000,-0.590962,0.000000,0.000000,0.000000,597.151489,597.151489,597.151489,597.151489
3,takeoff,2164593186,192,1.920000,0.010000,409409000,765,23402,1,0,taking_off,0.000000,0.000000,-0.955388,0.000000,0.000000,-0.587986,0.000000,0.000000,0.000000,597.151489,597.151489,597.151489,597.151489
3,takeoff,2164593186,193,1.930000,0.010000,409432000,765,23348,1,0,taking_off,0.000000,0.000000,-0.961253,0.000000,0.000000,-0.585010,0.000000,0.000000,0.000000,597.151489,597.151489,597.151489,597.151489
3,takeoff,2164593186,194,1.940000,0.010000,409456000,765,23553,1,0,taking_off,0.000000,0.000000,-0.967088,0.000000,0.000000,-0.582034,0.000000,0.000000,0.000000,597.151489,597.151489,597.151489,597.151489
3,takeoff,2164593186,195,1.950000,0.010000,409479000,770,23383,1,0,taking_off,0.000000,0.000000,-0.972893,0.000000,0.000000,-0.578920,0.000000,0.000000,0.000000,596.717285,596.717285,596.717285,596.717285
3,takeoff,2164593186,196,1.960000,0.010000,409503000,770,23200,1,0,taking_off,0.000000,0.000000,-0.978667,0.000000,0.000000,-0.575806,0.000000,0.000000,0.000000,596.717285,596.717285,596.717285,596.717285
3,takeoff,2164593186,197,1.970000,0.010000,409526000,770,23130,1,0,taking_off,0.000000,0.000000,-0.984409,0.000000,0.000000,-0.572692,0.000000,0.000000,0.000000,596.717285,596.717285,596.717285,596.717285
3,takeoff,2164593186,198,1.980000,0.010000,409549000,770,22926,1,0,taking_off,0.000000,0.000000,-0.990121,0.000000,0.000000,-0.569578,0.000000,0.000000,0.000000,596.717285,596.717285,596.717285,596.717285
3,takeoff,2164593186,199,1.990000,0.010000,409572000,775,23155,1,0,taking_off,0.000000,0.000000,-0.995800,0.000000,0.000000,-0.566344,0.000000,0.000000,0.000000,596.342041,596.342041,596.342041,596.342041
3,takeoff,2164593186,200,2.000000,0.010000,409596000,775,23501,1,0,taking_off,0.000000,0.000000,-1.001448,0.000000,0.000000,-0.563111,0.000000,0.000000,0.000000,596.342041,596.342041,596.342041,596.342041
3,takeoff,2164593186,201,2.010000,0.010000,409619000,775,23343,1,0,taking_off,0.000000,0.000000,-1.007063,0.000000,0.000000,-0.559877,0.000000,0.000000,0.000000,596.342041,596.342041,596.342041,596.342041
3,takeoff,2164593186,202,2.020000,0.010000,409643000,775,23474,1,0,taking_off,0.000000,0.000000,-1.012645,0.000000,0.000000,-0.556644,0.000000,0.000000,0.000000,596.342041,596.342041,596.342041,596.342041
3,takeoff,2164593186,203,2.030000,0.010000,409666000,769,23372,1,0,taking_off,0.000000,0.000000,-1.018195,0.000000,0.000000,-0.553309,0.000000,0.000000,0.000000,596.022156,596.022156,596.022156,596.022156
3,takeoff,2164593186,204,2.040000,0.010000,409690000,769,23303,1,0,taking_off,0.000000,0.000000,-1.023711,0.000000,0.000000,-0.549973,0.000000,0.000000,0.000000,596.022156,596.022156,596.022156,596.022156
3,takeoff,2164593186,205,2.050000,0.010000,409713000,769,23336,1,0,taking_off,0.000000,0.000000,-1.029194,0.000000,0.000000,-0.546638,0.000000,0.000000,0.000000,596.022156,596.022156,596.022156,596.022156
3,takeoff,2164593186,206,2.060000,0.010000,409736000,769,23261,1,0,taking_off,0.000000,0.000000,-1.034644,0.000000,0.000000,-0.543303,0.000000,0.000000,0.000000,596.022156,596.022156,596.022156,596.022156
3,takeoff,2164593186,207,2.070000,0.010000,409760000,768,23407,1,0,taking_off,0.000000,0.000000,-1.040060,0.000000,0.000000,-0.539883,0.000000,0.000000,0.000000,595.754150,595.754150,595.754150,595.754150
3,takeoff,2164593186,208,2.080000,0.010000,409783000,768,23324,1,0,taking_off,0.000000,0.000000,-1.045442,0.000000,0.000000,-0.536462,0.000000,0.000000,0.000000,595.754150,595.754150,595.754150,595.754150
3,takeoff,2164593186,209,2.090000,0.010000,409807000,768,23336,1,0,taking_off,0.000000,0.000000,-1.050789,0.000000,0.000000,-0.533042,0.000000,0.000000,0.000000,595.754150,595.754150,595.754150,595.754150
3,takeoff,2164593186,210,2.100000,0.010000,409830000,768,23179,1,0,taking_off,0.000000,0.000000,-1.056103,0.000000,0.000000,-0.529622,0.000000,0.000000,0.000000,595.754150,595.754150,595.754150,595.754150
3,takeoff,2164593186,211,2.110000,0.010000,409853000,764,23223,1,0,taking_off,0.000000,0.000000,-1.061381,0.000000,0.000000,-0.526131,0.000000,0.000000,0.000000,595.534729,595.534729,595.534729,595.534729
3,takeoff,2164593186,212,2.120000,0.010000,409877000,764,23386,1,0,taking_off,0.000000,0.000000,-1.066625,0.000000,0.000000,-0.522641,0.000000,0.000000,0.000000,595.534729,595.534729,595.534729,595.534729
3,takeoff,2164593186,213,2.130000,0.010000,409900000,764,23366,1,0,taking_off,0.000000,0.000000,-1.071834,0.000000,0.000000,-0.519151,0.000000,0.000000,0.000000,595.534729,595.534729,595.534729,595.534729
3,takeoff,2164593186,214,2.140000,0.010000,409924000,764,23345,1,0,taking_off,0.000000,0.000000,-1.077008,0.000000,0.000000,-0.515661,0.000000,0.000000,0.000000,595.534729,595.534729,595.534729,595.534729
3,takeoff,2164593186,215,2.150000,0.010000,409947000,765,23369,1,0,taking_off,0.000000,0.000000,-1.082147,0.000000,0.000000,-0.512116,0.000000,0.000000,0.000000,595.360657,595.360657,595.360657,595.360657
3,takeoff,2164593186,216,2.160000,0.010000,409971000,765,23289,1,0,taking_off,0.000000,0.000000,-1.087251,0.000000,0.000000,-0.508571,0.000000,0.000000,0.000000,595.360657,595.360657,595.360657,595.360657
3,takeoff,2164593186,217,2.170000,0.010000,409994000,765,23233,1,0,taking_off,0.000000,0.000000,-1.092318,0.000000,0.000000,-0.505025,0.000000,0.000000,0.000000,595.360657,595.360657,595.360657,595.360657
3,takeoff,2164593186,218,2.180000,0.010000,410017000,765,23319,1,0,taking_off,0.000000,0.000000,-1.097351,0.000000,0.000000,-0.501480,0.000000,0.000000,0.000000,595.360657,595.360657,595.360657,595.360657
3,takeoff,2164593186,219,2.190000,0.010000,410041000,771,23330,1,0,taking_off,0.000000,0.000000,-1.102348,0.000000,0.000000,-0.497893,0.000000,0.000000,0.000000,595.228821,595.228821,595.228821,595.228821
3,takeoff,2164593186,220,2.200000,0.010000,410064000,771,23275,1,0,taking_off,0.000000,0.000000,-1.107309,0.000000,0.000000,-0.494305,0.000000,0.000000,0.000000,595.228821,595.228821,595.228821,595.228821
3,takeoff,2164593186,221,2.210000,0.010000,410087000,771,23287,1,0,taking_off,0.000000,0.000000,-1.112234,0.000000,0.000000,-0.490718,0.000000,0.000000,0.000000,595.228821,595.228821,595.228821,595.228821
3,takeoff,2164593186,222,2.220000,0.010000,410111000,771,23452,1,0,taking_off,0.000000,0.000000,-1.117123,0.000000,0.000000,-0.487131,0.000000,0.000000,0.000000,595.228821,595.228821,595.228821,595.228821
3,takeoff,2164593186,223,2.230000,0.010000,410134000,768,23395,1,0,taking_off,0.000000,0.000000,-1.121976,0.000000,0.000000,-0.483514,0.000000,0.000000,0.000000,595.136230,595.136230,595.136230,595.136230
3,takeoff,2164593186,224,2.240000,0.010000,410158000,768,23444,1,0,taking_off,0.000000,0.000000,-1.126794,0.000000,0.000000,-0.479898,0.000000,0.000000,0.000000,595.136230,595.136230,595.136230,595.136230
3,takeoff,2164593186,225,2.250000,0.010000,410181000,768,23513,1,0,taking_off,0.000000,0.000000,-1.131574,0.000000,0.000000,-0.476281,0.000000,0.000000,0.000000,595.136230,595.136230,595.136230,595.136230
3,takeoff,2164593186,226,2.260000,0.010000,410205000,768,23267,1,0,taking_off,0.000000,0.000000,-1.136319,0.000000,0.000000,-0.472665,0.000000,0.000000,0.000000,595.136230,595.136230,595.136230,595.136230
3,takeoff,2164593186,227,2.270000,0.010000,410228000,766,23390,1,0,taking_off,0.000000,0.000000,-1.141028,0.000000,0.000000,-0.469030,0.000000,0.000000,0.000000,595.080139,595.080139,595.080139,595.080139
3,takeoff,2164593186,228,2.280000,0.010000,410252000,766,23290,1,0,taking_off,0.000000,0.000000,-1.145700,0.000000,0.000000,-0.465396,0.000000,0.000000,0.000000,595.080139,595.080139,595.080139,595.080139
3,takeoff,2164593186,229,2.290000,0.010000,410275000,766,23155,1,0,taking_off,0.000000,0.000000,-1.150336,0.000000,0.000000,-0.461761,0.000000,0.000000,0.000000,595.080139,595.080139,595.080139,595.080139
3,takeoff,2164593186,230,2.300000,0.010000,410298000,766,23340,1,0,taking_off,0.000000,0.000000,-1.154935,0.000000,0.000000,-0.458127,0.000000,0.000000,0.000000,595.080139,595.080139,595.080139,595.080139
3,takeoff,2164593186,231,2.310000,0.010000,410322000,771,23378,1,0,taking_off,0.000000,0.000000,-1.159498,0.000000,0.000000,-0.454486,0.000000,0.000000,0.000000,595.057800,595.057800,595.057800,595.057800
3,takeoff,2164593186,232,2.320000,0.010000,410345000,771,23270,1,0,taking_off,0.000000,0.000000,-1.164025,0.000000,0.000000,-0.450844,0.000000,0.000000,0.000000,595.057800,595.057800,595.057800,595.057800
3,takeoff,2164593186,233,2.330000,0.010000,410369000,771,23291,1,0,taking_off,0.000000,0.000000,-1.168515,0.000000,0.000000,-0.447203,0.000000,0.000000,0.000000,595.057800,595.057800,595.057800,595.057800
3,takeoff,2164593186,234,2.340000,0.010000,410392000,771,23406,1,0,taking_off,0.000000,0.000000,-1.172969,0.000000,0.000000,-0.443561,0.000000,0.000000,0.000000,595.057800,595.057800,595.057800,595.057800
3,takeoff,2164593186,235,2.350000,0.010000,410415000,772,23198,1,0,taking_off,0.000000,0.000000,-1.177386,0.000000,0.000000,-0.439922,0.000000,0.000000,0.000000,595.066528,595.066528,595.066528,595.066528
3,takeoff,2164593186,236,2.360000,0.010000,410439000,772,23312,1,0,taking_off,0.000000,0.000000,-1.181767,0.000000,0.000000,-0.436284,0.000000,0.000000,0.000000,595.066528,595.066528,595.066528,595.066528
3,takeoff,2164593186,237,2.370000,0.010000,410462000,772,23357,1,0,taking_off,0.000000,0.000000,-1.186112,0.000000,0.000000,-0.432645,0.000000,0.000000,0.000000,595.066528,595.066528,595.066528,595.066528
3,takeoff,2164593186,238,2.380000,0.010000,410486000,772,23277,1,0,taking_off,0.000000,0.000000,-1.190420,0.000000,0.000000,-0.429006,0.000000,0.000000,0.000000,595.066528,595.066528,595.066528,595.066528
3,takeoff,2164593186,239,2.390000,0.010000,410509000,770,23430,1,0,taking_off,0.000000,0.000000,-1.194692,0.000000,0.000000,-0.425379,0.000000,0.000000,0.000000,595.103943,595.103943,595.103943,595.103943
3,takeoff,2164593186,240,2.400000,0.010000,410533000,770,23325,1,0,taking_off,0.000000,0.000000,-1.198928,0.000000,0.000000,-0.421752,0.000000,0.000000,0.000000,595.103943,595.103943,595.103943,595.103943
3,takeoff,2164593186,241,2.410000,0.010000,410556000,770,23429,1,0,taking_off,0.000000,0.000000,-1.203127,0.000000,0.000000,-0.418126,0.000000,0.000000,0.000000,595.103943,595.103943,595.103943,595.103943
3,takeoff,2164593186,242,2.420000,0.010000,410579000,770,23267,1,0,taking_off,0.000000,0.000000,-1.207290,0.000000,0.000000,-0.414499,0.000000,0.000000,0.000000,595.103943,595.103943,595.103943,595.103943
3,takeoff,2164593186,243,2.430000,0.010000,410603000,772,23262,1,0,taking_off,0.000000,0.000000,-1.211417,0.000000,0.000000,-0.410892,0.000000,0.000000,0.000000,595.167664,595.167664,595.167664,595.167664
3,takeoff,2164593186,244,2.440000,0.010000,410626000,772,23485,1,0,taking_off,0.000000,0.000000,-1.215508,0.000000,0.000000,-0.407286,0.000000,0.000000,0.000000,595.167664,595.167664,595.167664,595.167664
3,takeoff,2164593186,245,2.450000,0.010000,410650000,772,23658,1,0,taking_off,0.000000,0.000000,-1.219563,0.000000,0.000000,-0.403679,0.000000,0.000000,0.000000,595.167664,595.167664,595.167664,595.167664
3,takeoff,2164593186,246,2.460000,0.010000,410674000,772,23672,1,0,taking_off,0.000000,0.000000,-1.223582,0.000000,0.000000,-0.400072,0.000000,0.000000,0.000000,595.167664,595.167664,595.167664,595.167664
3,takeoff,2164593186,247,2.470000,0.010000,410697000,776,23567,1,0,taking_off,0.000000,0.000000,-1.227564,0.000000,0.000000,-0.396494,0.000000,0.000000,0.000000,595.255432,595.255432,595.255432,595.255432
3,takeoff,2164593186,248,2.480000,0.010000,410721000,776,23484,1,0,taking_off,0.000000,0.000000,-1.231511,0.000000,0.000000,-0.392915,0.000000,0.000000,0.000000,595.255432,595.255432,595.255432,595.255432
3,takeoff,2164593186,249,2.490000,0.010000,410744000,776,23256,1,0,taking_off,0.000000,0.000000,-1.235423,0.000000,0.000000,-0.389336,0.000000,0.000000,0.000000,595.255432,595.255432,595.255432,595.255432
3,takeoff,2164593186,250,2.500000,0.010000,410768000,776,23406,1,0,taking_off,0.000000,0.000000,-1.239298,0.000000,0.000000,-0.385757,0.000000,0.000000,0.000000,595.255432,595.255432,595.255432,595.255432
3,takeoff,2164593186,251,2.510000,0.010000,410791000,777,23604,1,0,taking_off,0.000000,0.000000,-1.243138,0.000000,0.000000,-0.382213,0.000000,0.000000,0.000000,595.365173,595.365173,595.365173,595.365173
3,takeoff,2164593186,252,2.520000,0.010000,410815000,777,23398,1,0,taking_off,0.000000,0.000000,-1.246942,0.000000,0.000000,-0.378669,0.000000,0.000000,0.000000,595.365173,595.365173,595.365173,595.365173
3,takeoff,2164593186,253,2.530000,0.010000,410838000,777,23171,1,0,taking_off,0.000000,0.000000,-1.250711,0.000000,0.000000,-0.375126,0.000000,0.000000,0.000000,595.365173,595.365173,595.365173,595.365173
3,takeoff,2164593186,254,2.540000,0.010000,410862000,777,23250,1,0,taking_off,0.000000,0.000000,-1.254445,0.000000,0.000000,-0.371582,0.000000,0.000000,0.000000,595.365173,595.365173,595.365173,595.365173
3,takeoff,2164593186,255,2.550000,0.010000,410885000,775,23379,1,0,taking_off,0.000000,0.000000,-1.258143,0.000000,0.000000,-0.368079,0.000000,0.000000,0.000000,595.494812,595.494812,595.494812,595.494812
3,takeoff,2164593186,256,2.560000,0.010000,410908000,775,23224,1,0,taking_off,0.000000,0.000000,-1.261807,0.000000,0.000000,-0.364576,0.000000,0.000000,0.000000,595.494812,595.494812,595.494812,595.494812
3,takeoff,2164593186,257,2.570000,0.010000,410932000,775,23303,1,0,taking_off,0.000000,0.000000,-1.265435,0.000000,0.000000,-0.361073,0.000000,0.000000,0.000000,595.494812,595.494812,595.494812,595.494812
3,takeoff,2164593186,258,2.580000,0.010000,410955000,775,23515,1,0,taking_off,0.000000,0.000000,-1.269028,0.000000,0.000000,-0.357571,0.000000,0.000000,0.000000,595.494812,595.494812,595.494812,595.494812
3,takeoff,2164593186,259,2.590000,0.010000,410979000,775,23347,1,0,taking_off,0.000000,0.000000,-1.272586,0.000000,0.000000,-0.354115,0.000000,0.000000,0.000000,595.642456,595.642456,595.642456,595.642456
3,takeoff,2164593186,260,2.600000,0.010000,411002000,775,23467,1,0,taking_off,0.000000,0.000000,-1.276110,0.000000,0.000000,-0.350659,0.000000,0.000000,0.000000,595.642456,595.642456,595.642456,595.642456
3,takeoff,2164593186,261,2.610000,0.010000,411026000,775,23361,1,0,taking_off,0.000000,0.000000,-1.279600,0.000000,0.000000,-0.347203,0.000000,0.000000,0.000000,595.642456,595.642456,595.642456,595.642456
3,takeoff,2164593186,262,2.620000,0.010000,411049000,775,23448,1,0,taking_off,0.000000,0.000000,-1.283054,0.000000,0.000000,-0.343747,0.000000,0.000000,0.000000,595.642456,595.642456,595.642456,595.642456
3,takeoff,2164593186,263,2.630000,0.010000,411073000,772,23491,1,0,taking_off,0.000000,0.000000,-1.286475,0.000000,0.000000,-0.340343,0.000000,0.000000,0.000000,595.806274,595.806274,595.806274,595.806274
3,takeoff,2164593186,264,2.640000,0.010000,411096000,772,23294,1,0,taking_off,0.000000,0.000000,-1.289861,0.000000,0.000000,-0.336940,0.000000,0.000000,0.000000,595.806274,595.806274,595.806274,595.806274
3,takeoff,2164593186,265,2.650000,0.010000,411120000,772,23089,1,0,taking_off,0.000000,0.000000,-1.293214,0.000000,0.000000,-0.333536,0.000000,0.000000,0.000000,595.806274,595.806274,595.806274,595.806274
3,takeoff,2164593186,266,2.660000,0.010000,411143000,772,23210,1,0,taking_off,0.000000,0.000000,-1.296532,0.000000,0.000000,-0.330132,0.000000,0.000000,0.000000,595.806274,595.806274,595.806274,595.806274
3,takeoff,2164593186,267,2.670000,0.010000,411166000,769,23253,1,0,taking_off,0.000000,0.000000,-1.299817,0.000000,0.000000,-0.326785,0.000000,0.000000,0.000000,595.984497,595.984497,595.984497,595.984497
3,takeoff,2164593186,268,2.680000,0.010000,411190000,769,23242,1,0,taking_off,0.000000,0.000000,-1.303068,0.000000,0.000000,-0.323438,0.000000,0.000000,0.000000,595.984497,595.984497,595.984497,595.984497
3,takeoff,2164593186,269,2.690000,0.010000,411213000,769,23219,1,0,taking_off,0.000000,0.000000,-1.306285,0.000000,0.000000,-0.320091,0.000000,0.000000,0.000000,595.984497,595.984497,595.984497,595.984497
3,takeoff,2164593186,270,2.700000,0.010000,411236000,769,23327,1,0,taking_off,0.000000,0.000000,-1.309469,0.000000,0.000000,-0.316743,0.000000,0.000000,0.000000,595.984497,595.984497,595.984497,595.984497
3,takeoff,2164593186,271,2.710000,0.010000,411260000,772,23419,1,0,taking_off,0.000000,0.000000,-1.312620,0.000000,0.000000,-0.313457,0.000000,0.000000,0.000000,596.175659,596.175659,596.175659,596.175659
3,takeoff,2164593186,272,2.720000,0.010000,411283000,772,23310,1,0,taking_off,0.000000,0.000000,-1.315739,0.000000,0.000000,-0.310171,0.000000,0.000000,0.000000,596.175659,596.175659,596.175659,596.175659
3,takeoff,2164593186,273,2.730000,0.010000,411306000,772,23300,1,0,taking_off,0.000000,0.000000,-1.318824,0.000000,0.000000,-0.306884,0.000000,0.000000,0.000000,596.175659,596.175659,596.175659,596.175659
3,takeoff,2164593186,274,2.740000,0.010000,411330000,772,23186,1,0,taking_off,0.000000,0.000000,-1.321876,0.000000,0.000000,-0.303598,0.000000,0.000000,0.000000,596.175659,596.175659,596.175659,596.175659
3,takeoff,2164593186,275,2.750000,0.010000,411353000,768,23227,1,0,taking_off,0.000000,0.000000,-1.324896,0.000000,0.000000,-0.300376,0.000000,0.000000,0.000000,596.378235,596.378235,596.378235,596.378235
3,takeoff,2164593186,276,2.760000,0.010000,411376000,768,23260,1,0,taking_off,0.000000,0.000000,-1.327884,0.000000,0.000000,-0.297154,0.000000,0.000000,0.000000,596.378235,596.378235,596.378235,596.378235
3,takeoff,2164593186,277,2.770000,0.010000,411400000,768,23154,1,0,taking_off,0.000000,0.000000,-1.330839,0.000000,0.000000,-0.293932,0.000000,0.000000,0.000000,596.378235,596.378235,596.378235,596.378235
3,takeoff,2164593186,278,2.780000,0.010000,411423000,768,23330,1,0,taking_off,0.000000,0.000000,-1.333762,0.000000,0.000000,-0.290710,0.000000,0.000000,0.000000,596.378235,596.378235,596.378235,596.378235
3,takeoff,2164593186,279,2.790000,0.010000,411446000,767,23345,1,0,taking_off,0.000000,0.000000,-1.336654,0.000000,0.000000,-0.287556,0.000000,0.000000,0.000000,596.590637,596.590637,596.590637,596.590637
3,takeoff,2164593186,280,2.800000,0.010000,411470000,767,23245,1,0,taking_off,0.000000,0.000000,-1.339514,0.000000,0.000000,-0.284401,0.000000,0.000000,0.000000,596.590637,596.590637,596.590637,596.590637
3,takeoff,2164593186,281,2.810000,0.010000,411493000,767,23136,1,0,taking_off,0.000000,0.000000,-1.342342,0.000000,0.000000,-0.281247,0.000000,0.000000,0.000000,596.590637,596.590637,596.590637,596.590637
3,takeoff,2164593186,282,2.820000,0.010000,411516000,767,23337,1,0,taking_off,0.000000,0.000000,-1.345138,0.000000,0.000000,-0.278092,0.000000,0.000000,0.000000,596.590637,596.590637,596.590637,596.590637
3,takeoff,2164593186,283,2.830000,0.010000,411540000,768,23341,1,0,taking_off,0.000000,0.000000,-1.347904,0.000000,0.000000,-0.275008,0.000000,0.000000,0.000000,596.811646,596.811646,596.811646,596.811646
3,takeoff,2164593186,284,2.840000,0.010000,411563000,768,23473,1,0,taking_off,0.000000,0.000000,-1.350639,0.000000,0.000000,-0.271924,0.000000,0.000000,0.000000,596.811646,596.811646,596.811646,596.811646
3,takeoff,2164593186,285,2.850000,0.010000,411587000,768,23295,1,0,taking_off,0.000000,0.000000,-1.353342,0.000000,0.000000,-0.268840,0.000000,0.000000,0.000000,596.811646,596.811646,596.811646,596.811646
3,takeoff,2164593186,286,2.860000,0.010000,411610000,768,23289,1,0,taking_off,0.000000,0.000000,-1.356015,0.000000,0.000000,-0.265756,0.000000,0.000000,0.000000,596.811646,596.811646,596.811646,596.811646
3,takeoff,2164593186,287,2.870000,0.010000,411634000,773,23373,1,0,taking_off,0.000000,0.000000,-1.358658,0.000000,0.000000,-0.262745,0.000000,0.000000,0.000000,597.039978,597.039978,597.039978,597.039978
3,takeoff,2164593186,288,2.880000,0.010000,411657000,773,23329,1,0,taking_off,0.000000,0.000000,-1.361270,0.000000,0.000000,-0.259733,0.000000,0.000000,0.000000,597.039978,597.039978,597.039978,597.039978
3,takeoff,2164593186,289,2.890000,0.010000,411680000,773,23475,1,0,taking_off,0.000000,0.000000,-1.363853,0.000000,0.000000,-0.256722,0.000000,0.000000,0.000000,597.039978,597.039978,597.039978,597.039978
3,takeoff,2164593186,290,2.900000,0.010000,411704000,773,23304,1,0,taking_off,0.000000,0.000000,-1.366405,0.000000,0.000000,-0.253711,0.000000,0.000000,0.000000,597.039978,597.039978,597.039978,597.039978
3,takeoff,2164593186,291,2.910000,0.010000,411727000,772,23245,1,0,taking_off,0.000000,0.000000,-1.368927,0.000000,0.000000,-0.250774,0.000000,0.000000,0.000000,597.274475,597.274475,597.274475,597.274475
3,takeoff,2164593186,292,2.920000,0.010000,411751000,772,23326,1,0,taking_off,0.000000,0.000000,-1.371420,0.000000,0.000000,-0.247837,0.000000,0.000000,0.000000,597.274475,597.274475,597.274475,597.274475
3,takeoff,2164593186,293,2.930000,0.010000,411774000,772,23413,1,0,taking_off,0.000000,0.000000,-1.373884,0.000000,0.000000,-0.244901,0.000000,0.000000,0.000000,597.274475,597.274475,597.274475,597.274475
3,takeoff,2164593186,294,2.940000,0.010000,411798000,772,23197,1,0,taking_off,0.000000,0.000000,-1.376318,0.000000,0.000000,-0.241964,0.000000,0.000000,0.000000,597.274475,597.274475,597.274475,597.274475
3,takeoff,2164593186,295,2.950000,0.010000,411821000,771,23357,1,0,taking_off,0.000000,0.000000,-1.378724,0.000000,0.000000,-0.239103,0.000000,0.000000,0.000000,597.514038,597.514038,597.514038,597.514038
3,takeoff,2164593186,296,2.960000,0.010000,411844000,771,23276,1,0,taking_off,0.000000,0.000000,-1.381100,0.000000,0.000000,-0.236243,0.000000,0.000000,0.000000,597.514038,597.514038,597.514038,597.514038
3,takeoff,2164593186,297,2.970000,0.010000,411868000,771,23396,1,0,taking_off,0.000000,0.000000,-1.383448,0.000000,0.000000,-0.233383,0.000000,0.000000,0.000000,597.514038,597.514038,597.514038,597.514038
3,takeoff,2164593186,298,2.980000,0.010000,411891000,771,23303,1,0,taking_off,0.000000,0.000000,-1.385768,0.000000,0.000000,-0.230522,0.000000,0.000000,0.000000,597.514038,597.514038,597.514038,597.514038
3,takeoff,2164593186,299,2.990000,0.010000,411915000,776,23401,1,0,taking_off,0.000000,0.000000,-1.388059,0.000000,0.000000,-0.227740,0.000000,0.000000,0.000000,597.757568,597.757568,597.757568,597.757568
3,takeoff,2164593186,300,3.000000,0.010000,411938000,776,23319,1,0,taking_off,0.000000,0.000000,-1.390323,0.000000,0.000000,-0.224957,0.000000,0.000000,0.000000,597.757568,597.757568,597.757568,597.757568
3,takeoff,2164593186,301,3.010000,0.010000,411962000,776,23501,1,0,taking_off,0.000000,0.000000,-1.392558,0.000000,0.000000,-0.222174,0.000000,0.000000,0.000000,597.757568,597.757568,597.757568,597.757568
3,takeoff,2164593186,302,3.020000,0.010000,411985000,776,23313,1,0,taking_off,0.000000,0.000000,-1.394766,0.000000,0.000000,-0.219391,0.000000,0.000000,0.000000,597.757568,597.757568,597.757568,597.757568
3,takeoff,2164593186,303,3.030000,0.010000,412009000,767,23441,1,0,taking_off,0.000000,0.000000,-1.396947,0.000000,0.000000,-0.216687,0.000000,0.000000,0.000000,598.004211,598.004211,598.004211,598.004211
3,takeoff,2164593186,304,3.040000,0.010000,412032000,767,23252,1,0,taking_off,0.000000,0.000000,-1.399100,0.000000,0.000000,-0.213983,0.000000,0.000000,0.000000,598.004211,598.004211,598.004211,598.004211
3,takeoff,2164593186,305,3.050000,0.010000,412055000,767,23456,1,0,taking_off,0.000000,0.000000,-1.401226,0.000000,0.000000,-0.211279,0.000000,0.000000,0.000000,598.004211,598.004211,598.004211,598.004211
3,takeoff,2164593186,306,3.060000,0.010000,412079000,767,23364,1,0,taking_off,0.000000,0.000000,-1.403326,0.000000,0.000000,-0.208575,0.000000,0.000000,0.000000,598.004211,598.004211,598.004211,598.004211
3,takeoff,2164593186,307,3.070000,0.010000,412102000,768,23167,1,0,taking_off,0.000000,0.000000,-1.405398,0.000000,0.000000,-0.205950,0.000000,0.000000,0.000000,598.253052,598.253052,598.253052,598.253052
3,takeoff,2164593186,308,3.080000,0.010000,412126000,768,23257,1,0,taking_off,0.000000,0.000000,-1.407445,0.000000,0.000000,-0.203326,0.000000,0.000000,0.000000,598.253052,598.253052,598.253052,598.253052
3,takeoff,2164593186,309,3.090000,0.010000,412149000,768,23394,1,0,taking_off,0.000000,0.000000,-1.409465,0.000000,0.000000,-0.200701,0.000000,0.000000,0.000000,598.253052,598.253052,598.253052,598.253052
3,takeoff,2164593186,310,3.100000,0.010000,412172000,768,23337,1,0,taking_off,0.000000,0.000000,-1.411459,0.000000,0.000000,-0.198076,0.000000,0.000000,0.000000,598.253052,598.253052,598.253052,598.253052
3,takeoff,2164593186,311,3.110000,0.010000,412196000,771,23131,1,0,taking_off,0.000000,0.000000,-1.413427,0.000000,0.000000,-0.195531,0.000000,0.000000,0.000000,598.503235,598.503235,598.503235,598.503235
3,takeoff,2164593186,312,3.120000,0.010000,412219000,771,23300,1,0,taking_off,0.000000,0.000000,-1.415369,0.000000,0.000000,-0.192987,0.000000,0.000000,0.000000,598.503235,598.503235,598.503235,598.503235
3,takeoff,2164593186,313,3.130000,0.010000,412242000,771,23439,1,0,taking_off,0.000000,0.000000,-1.417286,0.000000,0.000000,-0.190442,0.000000,0.000000,0.000000,598.503235,598.503235,598.503235,598.503235
3,takeoff,2164593186,314,3.140000,0.010000,412266000,771,23495,1,0,taking_off,0.000000,0.000000,-1.419178,0.000000,0.000000,-0.187897,0.000000,0.000000,0.000000,598.503235,598.503235,598.503235,598.503235
3,takeoff,2164593186,315,3.150000,0.010000,412290000,768,23526,1,0,taking_off,0.000000,0.000000,-1.421045,0.000000,0.000000,-0.185432,0.000000,0.000000,0.000000,598.754089,598.754089,598.754089,598.754089
3,takeoff,2164593186,316,3.160000,0.010000,412313000,768,23287,1,0,taking_off,0.000000,0.000000,-1.422887,0.000000,0.000000,-0.182967,0.000000,0.000000,0.000000,598.754089,598.754089,598.754089,598.754089
3,takeoff,2164593186,317,3.170000,0.010000,412337000,768,23485,1,0,taking_off,0.000000,0.000000,-1.424704,0.000000,0.000000,-0.180502,0.000000,0.000000,0.000000,598.754089,598.754089,598.754089,598.754089
3,takeoff,2164593186,318,3.180000,0.010000,412360000,768,23191,1,0,taking_off,0.000000,0.000000,-1.426497,0.000000,0.000000,-0.178038,0.000000,0.000000,0.000000,598.754089,598.754089,598.754089,598.754089
3,takeoff,2164593186,319,3.190000,0.010000,412383000,768,23447,1,0,taking_off,0.000000,0.000000,-1.428265,0.000000,0.000000,-0.175653,0.000000,0.000000,0.000000,599.004761,599.004761,599.004761,599.004761
3,takeoff,2164593186,320,3.200000,0.010000,412407000,768,23436,1,0,taking_off,0.000000,0.000000,-1.430010,0.000000,0.000000,-0.173268,0.000000,0.000000,0.000000,599.004761,599.004761,599.004761,599.004761
3,takeoff,2164593186,321,3.210000,0.010000,412430000,768,23445,1,0,taking_off,0.000000,0.000000,-1.431731,0.000000,0.000000,-0.170884,0.000000,0.000000,0.000000,599.004761,599.004761,599.004761,599.004761
3,takeoff,2164593186,322,3.220000,0.010000,412454000,768,23364,1,0,taking_off,0.000000,0.000000,-1.433428,0.000000,0.000000,-0.168499,0.000000,0.000000,0.000000,599.004761,599.004761,599.004761,599.004761
3,takeoff,2164593186,323,3.230000,0.010000,412478000,771,23578,1,0,taking_off,0.000000,0.000000,-1.435101,0.000000,0.000000,-0.166194,0.000000,0.000000,0.000000,599.254761,599.254761,599.254761,599.254761
3,takeoff,2164593186,324,3.240000,0.010000,412501000,771,23269,1,0,taking_off,0.000000,0.000000,-1.436751,0.000000,0.000000,-0.163889,0.000000,0.000000,0.000000,599.254761,599.254761,599.254761,599.254761
3,takeoff,2164593186,325,3.250000,0.010000,412524000,771,23092,1,0,taking_off,0.000000,0.000000,-1.438379,0.000000,0.000000,-0.161584,0.000000,0.000000,0.000000,599.254761,599.254761,599.254761,599.254761
3,takeoff,2164593186,326,3.260000,0.010000,412548000,771,22995,1,0,taking_off,0.000000,0.000000,-1.439983,0.000000,0.000000,-0.159280,0.000000,0.000000,0.000000,599.254761,599.254761,599.254761,599.254761
3,takeoff,2164593186,327,3.270000,0.010000,412571000,773,25243,1,0,taking_off,0.000000,0.000000,-1.441565,0.000000,0.000000,-0.157054,0.000000,0.000000,0.000000,599.503479,599.503479,599.503479,599.503479
3,takeoff,2164593186,328,3.280000,0.010000,412596000,773,23073,1,0,taking_off,0.000000,0.000000,-1.443124,0.000000,0.000000,-0.154829,0.000000,0.000000,0.000000,599.503479,599.503479,599.503479,599.503479
3,takeoff,2164593186,329,3.290000,0.010000,412619000,773,23168,1,0,taking_off,0.000000,0.000000,-1.444661,0.000000,0.000000,-0.152604,0.000000,0.000000,0.000000,599.503479,599.503479,599.503479,599.503479
3,takeoff,2164593186,330,3.300000,0.010000,412642000,773,23327,1,0,taking_off,0.000000,0.000000,-1.446176,0.000000,0.000000,-0.150378,0.000000,0.000000,0.000000,599.503479,599.503479,599.503479,599.503479
3,takeoff,2164593186,331,3.310000,0.010000,412666000,769,23319,1,0,taking_off,0.000000,0.000000,-1.447669,0.000000,0.000000,-0.148232,0.000000,0.000000,0.000000,599.750305,599.750305,599.750305,599.750305
3,takeoff,2164593186,332,3.320000,0.010000,412689000,769,23322,1,0,taking_off,0.000000,0.000000,-1.449141,0.000000,0.000000,-0.146085,0.000000,0.000000,0.000000,599.750305,599.750305,599.750305,599.750305
3,takeoff,2164593186,333,3.330000,0.010000,412713000,769,23323,1,0,taking_off,0.000000,0.000000,-1.450591,0.000000,0.000000,-0.143939,0.000000,0.000000,0.000000,599.750305,599.750305,599.750305,599.750305
3,takeoff,2164593186,334,3.340000,0.010000,412736000,769,23331,1,0,taking_off,0.000000,0.000000,-1.452020,0.000000,0.000000,-0.141793,0.000000,0.000000,0.000000,599.750305,599.750305,599.750305,599.750305
3,takeoff,2164593186,335,3.350000,0.010000,412759000,773,23249,1,0,taking_off,0.000000,0.000000,-1.453427,0.000000,0.000000,-0.139725,0.000000,0.000000,0.000000,599.994812,599.994812,599.994812,599.994812
3,takeoff,2164593186,336,3.360000,0.010000,412783000,773,23336,1,0,taking_off,0.000000,0.000000,-1.454814,0.000000,0.000000,-0.137656,0.000000,0.000000,0.000000,599.994812,599.994812,599.994812,599.994812
3,takeoff,2164593186,337,3.370000,0.010000,412806000,773,23129,1,0,taking_off,0.000000,0.000000,-1.456180,0.000000,0.000000,-0.135588,0.000000,0.000000,0.000000,599.994812,599.994812,599.994812,599.994812
3,takeoff,2164593186,338,3.380000,0.010000,412829000,773,23312,1,0,taking_off,0.000000,0.000000,-1.457526,0.000000,0.000000,-0.133520,0.000000,0.000000,0.000000,599.994812,599.994812,599.994812,599.994812
3,takeoff,2164593186,339,3.390000,0.010000,412853000,770,23365,1,0,taking_off,0.000000,0.000000,-1.458851,0.000000,0.000000,-0.131529,0.000000,0.000000,0.000000,600.236450,600.236450,600.236450,600.236450
3,takeoff,2164593186,340,3.400000,0.010000,412876000,770,23252,1,0,taking_off,0.000000,0.000000,-1.460156,0.000000,0.000000,-0.129538,0.000000,0.000000,0.000000,600.236450,600.236450,600.236450,600.236450
3,takeoff,2164593186,341,3.410000,0.010000,412899000,770,23263,1,0,taking_off,0.000000,0.000000,-1.461442,0.000000,0.000000,-0.127548,0.000000,0.000000,0.000000,600.236450,600.236450,600.236450,600.236450
3,takeoff,2164593186,342,3.420000,0.010000,412923000,770,23524,1,0,taking_off,0.000000,0.000000,-1.462707,0.000000,0.000000,-0.125557,0.000000,0.000000,0.000000,600.236450,600.236450,600.236450,600.236450
3,takeoff,2164593186,343,3.430000,0.010000,412947000,769,23527,1,0,taking_off,0.000000,0.000000,-1.463953,0.000000,0.000000,-0.123642,0.000000,0.000000,0.000000,600.474976,600.474976,600.474976,600.474976
3,takeoff,2164593186,344,3.440000,0.010000,412970000,769,23422,1,0,taking_off,0.000000,0.000000,-1.465180,0.000000,0.000000,-0.121728,0.000000,0.000000,0.000000,600.474976,600.474976,600.474976,600.474976
3,takeoff,2164593186,345,3.450000,0.010000,412994000,769,23395,1,0,taking_off,0.000000,0.000000,-1.466388,0.000000,0.000000,-0.119813,0.000000,0.000000,0.000000,600.474976,600.474976,600.474976,600.474976
3,takeoff,2164593186,346,3.460000,0.010000,413017000,769,23376,1,0,taking_off,0.000000,0.000000,-1.467577,0.000000,0.000000,-0.117899,0.000000,0.000000,0.000000,600.474976,600.474976,600.474976,600.474976
3,takeoff,2164593186,347,3.470000,0.010000,413041000,772,23480,1,0,taking_off,0.000000,0.000000,-1.468746,0.000000,0.000000,-0.116060,0.000000,0.000000,0.000000,600.709900,600.709900,600.709900,600.709900
3,takeoff,2164593186,348,3.480000,0.010000,413064000,772,24637,1,0,taking_off,0.000000,0.000000,-1.469898,0.000000,0.000000,-0.114221,0.000000,0.000000,0.000000,600.709900,600.709900,600.709900,600.709900
3,takeoff,2164593186,349,3.490000,0.010000,413089000,772,23441,1,0,taking_off,0.000000,0.000000,-1.471031,0.000000,0.000000,-0.112381,0.000000,0.000000,0.000000,600.709900,600.709900,600.709900,600.709900
3,takeoff,2164593186,350,3.500000,0.010000,413112000,772,23101,1,0,taking_off,0.000000,0.000000,-1.472145,0.000000,0.000000,-0.110542,0.000000,0.000000,0.000000,600.709900,600.709900,600.709900,600.709900
3,takeoff,2164593186,351,3.510000,0.010000,413136000,767,23336,1,0,taking_off,0.000000,0.000000,-1.473242,0.000000,0.000000,-0.108777,0.000000,0.000000,0.000000,600.940918,600.940918,600.940918,600.940918
3,takeoff,2164593186,352,3.520000,0.010000,413159000,767,23219,1,0,taking_off,0.000000,0.000000,-1.474321,0.000000,0.000000,-0.107012,0.000000,0.000000,0.000000,600.940918,600.940918,600.940918,600.940918
3,takeoff,2164593186,353,3.530000,0.010000,413182000,767,23358,1,0,taking_off,0.000000,0.000000,-1.475382,0.000000,0.000000,-0.105247,0.000000,0.000000,0.000000,600.940918,600.940918,600.940918,600.940918
3,takeoff,2164593186,354,3.540000,0.010000,413206000,767,23165,1,0,taking_off,0.000000,0.000000,-1.476426,0.000000,0.000000,-0.103482,0.000000,0.000000,0.000000,600.940918,600.940918,600.940918,600.940918
3,takeoff,2164593186,355,3.550000,0.010000,413229000,770,23368,1,0,taking_off,0.000000,0.000000,-1.477452,0.000000,0.000000,-0.101789,0.000000,0.000000,0.000000,601.167786,601.167786,601.167786,601.167786
3,takeoff,2164593186,356,3.560000,0.010000,413252000,770,23274,1,0,taking_off,0.000000,0.000000,-1.478462,0.000000,0.000000,-0.100097,0.000000,0.000000,0.000000,601.167786,601.167786,601.167786,601.167786
3,takeoff,2164593186,357,3.570000,0.010000,413276000,770,23422,1,0,taking_off,0.000000,0.000000,-1.479454,0.000000,0.000000,-0.098404,0.000000,0.000000,0.000000,601.167786,601.167786,601.167786,601.167786
3,takeoff,2164593186,358,3.580000,0.010000,413299000,770,23492,1,0,flying,0.000000,0.000000,-1.480430,0.000000,0.000000,-0.096712,0.000000,0.000000,0.000000,601.167786,601.167786,601.167786,601.167786
3,joystick_flight,2164593186,359,3.590000,0.010000,413323000,814,23513,1,0,flying,0.000000,0.000000,-1.481387,0.000000,0.000000,-0.094777,0.000000,-0.000015,0.000000,599.154785,599.880127,600.946655,601.668030
3,joystick_flight,2164593186,360,3.600000,0.010000,413346000,884,23515,1,0,flying,0.000000,0.000000,-1.482325,0.000004,0.000000,-0.092843,0.000000,-0.000062,0.000001,599.180359,599.900085,600.926758,601.642517
3,joystick_flight,2164593186,361,3.610000,0.010000,413370000,887,23763,1,0,flying,0.000000,0.000000,-1.483244,0.000013,0.000000,-0.090909,0.000000,-0.000137,0.000002,599.206909,599.920654,600.906189,601.616150
3,joystick_flight,2164593186,362,3.620000,0.010000,413394000,890,23496,1,0,flying,0.000000,0.000000,-1.484143,0.000031,0.000000,-0.088975,0.000000,-0.000242,0.000004,599.234314,599.941711,600.885132,601.588867
3,joystick_flight,2164593186,363,3.630000,0.010000,413417000,888,23378,1,0,flying,0.000001,0.000000,-1.485024,0.000061,0.000000,-0.087195,0.000000,-0.000375,0.000007,599.383972,600.808899,600.985291,602.402893
3,joystick_flight,2164593186,364,3.640000,0.010000,413441000,888,23539,1,0,flying,0.000002,0.000000,-1.485887,0.000104,0.000000,-0.085416,0.000000,-0.000535,0.000010,599.415771,600.828064,600.966064,602.371338
3,joystick_flight,2164593186,365,3.650000,0.010000,413465000,888,23602,1,0,flying,0.000003,0.000000,-1.486733,0.000165,0.000000,-0.083636,0.000000,-0.000721,0.000015,599.448364,600.847473,600.946533,602.338989
3,joystick_flight,2164593186,366,3.660000,0.010000,413488000,894,23461,1,0,flying,0.000005,0.000000,-1.487560,0.000244,0.000000,-0.081857,0.000001,-0.000933,0.000021,599.481812,600.867126,600.926880,602.305786
3,joystick_flight,2164593186,367,3.670000,0.010000,413512000,891,23407,1,0,flying,0.000008,0.000000,-1.488370,0.000345,0.000000,-0.080220,0.000001,-0.001169,0.000027,599.599609,601.693481,600.989197,603.073486
3,joystick_flight,2164593186,368,3.680000,0.010000,413535000,890,23363,1,0,flying,0.000012,0.000000,-1.489164,0.000470,0.000000,-0.078582,0.000001,-0.001429,0.000036,599.637268,601.710510,600.972107,603.036194
3,joystick_flight,2164593186,369,3.690000,0.010000,413559000,890,23341,1,0,flying,0.000017,0.000000,-1.489942,0.000621,0.000000,-0.076945,0.000001,-0.001711,0.000046,599.675659,601.727356,600.955078,602.998108
3,joystick_flight,2164593186,370,3.700000,0.010000,413582000,891,23489,1,0,flying,0.000024,0.000000,-1.490703,0.000801,0.000001,-0.075308,0.000002,-0.002015,0.000057,599.714844,601.744141,600.938171,602.959290
3,joystick_flight,2164593186,371,3.710000,0.010000,413606000,890,23568,1,0,flying,0.000033,0.000000,-1.491449,0.001011,0.000001,-0.073801,0.000002,-0.002339,0.000070,599.804565,602.532532,600.966248,603.683472
3,joystick_flight,2164593186,372,3.720000,0.010000,413629000,892,23271,1,0,flying,0.000045,0.000000,-1.492179,0.001253,0.000001,-0.072295,0.000002,-0.002683,0.000085,599.847717,602.545959,600.952637,603.640747
3,joystick_flight,2164593186,373,3.730000,0.010000,413653000,890,23310,1,0,flying,0.000059,0.000000,-1.492895,0.001530,0.000001,-0.070788,0.000003,-0.003046,0.000102,599.891602,602.558899,600.939453,603.597290
3,joystick_flight,2164593186,374,3.740000,0.010000,413676000,892,23470,1,0,flying,0.000075,0.000000,-1.493595,0.001842,0.000002,-0.069282,0.000003,-0.003426,0.000121,599.936157,602.571472,600.926758,603.553162
3,joystick_flight,2164593186,375,3.750000,0.010000,413700000,892,23553,1,0,flying,0.000096,0.000000,-1.494281,0.002192,0.000002,-0.067895,0.000004,-0.003823,0.000142,600.001160,603.324341,600.924011,604.236450
3,joystick_flight,2164593186,376,3.760000,0.010000,413723000,893,23512,1,0,flying,0.000119,0.000000,-1.494953,0.002582,0.000002,-0.066509,0.000004,-0.004235,0.000165,600.049500,603.332886,600.915222,604.188660
3,joystick_flight,2164593186,377,3.770000,0.010000,413747000,891,23443,1,0,flying,0.000147,0.000000,-1.495611,0.003012,0.000003,-0.065122,0.000005,-0.004661,0.000191,600.098450,603.340759,600.907104,604.140198
3,joystick_flight,2164593186,378,3.780000,0.010000,413771000,895,23527,1,0,flying,0.000180,0.000000,-1.496256,0.003484,0.000004,-0.063736,0.000006,-0.005101,0.000219,600.148071,603.347839,600.899780,604.091125
3,joystick_flight,2164593186,379,3.790000,0.010000,413794000,891,23361,1,0,flying,0.000217,0.000000,-1.496886,0.003999,0.000004,-0.062460,0.000006,-0.005554,0.000249,600.191284,604.067383,600.869507,604.736023
3,joystick_flight,2164593186,380,3.800000,0.010000,413818000,891,23404,1,0,flying,0.000260,0.000000,-1.497505,0.004559,0.000005,-0.061183,0.000007,-0.006017,0.000283,600.244446,604.069946,600.866699,604.683472
3,joystick_flight,2164593186,381,3.810000,0.010000,413841000,892,23586,1,0,flying,0.000309,0.000000,-1.498110,0.005164,0.000006,-0.059907,0.000008,-0.006491,0.000319,600.298157,604.071472,600.864868,604.630371
3,joystick_flight,2164593186,382,3.820000,0.010000,413865000,889,23249,1,0,flying,0.000363,0.000000,-1.498703,0.005816,0.000007,-0.058630,0.000009,-0.006974,0.000358,600.352417,604.072021,600.864075,604.576782
3,joystick_flight,2164593186,383,3.830000,0.010000,413888000,888,23421,1,0,flying,0.000425,0.000000,-1.499283,0.006515,0.000008,-0.057455,0.000009,-0.007465,0.000399,600.376526,604.760254,600.809387,605.185791
3,joystick_flight,2164593186,384,3.840000,0.010000,413912000,888,23455,1,0,flying,0.000494,0.000001,-1.499852,0.007263,0.000009,-0.056279,0.000010,-0.007963,0.000444,600.434143,604.755676,600.813660,605.128906
3,joystick_flight,2164593186,385,3.850000,0.010000,413935000,891,23536,1,0,flying,0.000570,0.000001,-1.500409,0.008059,0.000011,-0.055103,0.000011,-0.008467,0.000492,600.492249,604.749878,600.819214,605.071472
3,joystick_flight,2164593186,386,3.860000,0.010000,413959000,895,23539,1,0,flying,0.000655,0.000001,-1.500954,0.008904,0.000012,-0.053927,0.000012,-0.008977,0.000543,600.550842,604.742859,600.825928,605.013611
3,joystick_flight,2164593186,387,3.870000,0.010000,413983000,892,23679,1,0,flying,0.000749,0.000001,-1.501488,0.009799,0.000014,-0.052844,0.000013,-0.009490,0.000598,600.558105,605.401489,600.749756,605.589111
3,joystick_flight,2164593186,388,3.880000,0.010000,414006000,892,23452,1,0,flying,0.000851,0.000001,-1.502011,0.010745,0.000016,-0.051761,0.000014,-0.010007,0.000655,600.619812,605.388855,600.762207,605.528198
3,joystick_flight,2164593186,389,3.890000,0.010000,414030000,893,23418,1,0,flying,0.000964,0.000001,-1.502523,0.011740,0.000018,-0.050677,0.000015,-0.010525,0.000717,600.682007,605.374817,600.776001,605.466858
3,joystick_flight,2164593186,390,3.900000,0.010000,414053000,895,23260,1,0,flying,0.001086,0.000001,-1.503024,0.012786,0.000020,-0.049593,0.000016,-0.011045,0.000781,600.744568,605.359375,600.791199,605.405090
3,joystick_flight,2164593186,391,3.910000,0.010000,414076000,892,23430,1,0,flying,0.001220,0.000002,-1.503515,0.013884,0.000023,-0.048595,0.000017,-0.011564,0.000849,600.737000,605.989929,600.696350,605.949402
3,joystick_flight,2164593186,392,3.920000,0.010000,414100000,893,23327,1,0,flying,0.001364,0.000002,-1.503996,0.015031,0.000025,-0.047597,0.000018,-0.012083,0.000921,600.802551,605.968445,600.717712,605.884766
3,joystick_flight,2164593186,393,3.930000,0.010000,414124000,892,23626,1,0,flying,0.001520,0.000002,-1.504467,0.016229,0.000028,-0.046597,0.000019,-0.012599,0.000997,600.868408,605.945374,600.740601,605.819824
3,joystick_flight,2164593186,394,3.940000,0.010000,414147000,893,23585,1,0,flying,0.001689,0.000002,-1.504928,0.017477,0.000032,-0.045597,0.000020,-0.013113,0.001076,600.934631,605.920776,600.765076,605.754456
3,joystick_flight,2164593186,395,3.950000,0.010000,414171000,893,23298,1,0,flying,0.001870,0.000003,-1.505380,0.018776,0.000035,-0.044677,0.000021,-0.013624,0.001159,600.914001,606.524719,600.654114,606.269775
3,joystick_flight,2164593186,396,3.960000,0.010000,414194000,894,23314,1,0,flying,0.002065,0.000003,-1.505822,0.020124,0.000039,-0.043756,0.000021,-0.014129,0.001246,600.982971,606.493713,600.685120,606.201782
3,joystick_flight,2164593186,397,3.970000,0.010000,414218000,894,23439,1,0,flying,0.002273,0.000004,-1.506255,0.021521,0.000043,-0.042834,0.000022,-0.014630,0.001337,601.052246,606.460999,600.717773,606.133423
3,joystick_flight,2164593186,398,3.980000,0.010000,414241000,893,23521,1,0,flying,0.002495,0.000004,-1.506678,0.022967,0.000047,-0.041911,0.000023,-0.015124,0.001432,601.121826,606.426636,600.752136,606.064758
3,joystick_flight,2164593186,399,3.990000,0.010000,414265000,890,23392,1,0,flying,0.002732,0.000004,-1.507093,0.024461,0.000051,-0.041061,0.000024,-0.015611,0.001531,601.089600,607.005188,600.627502,606.553284
3,joystick_flight,2164593186,400,4.000000,0.010000,414288000,891,23575,1,0,flying,0.002985,0.000005,-1.507500,0.026002,0.000056,-0.040211,0.000025,-0.016089,0.001635,601.161682,606.964111,600.668640,606.482117
3,joystick_flight,2164593186,401,4.010000,0.010000,414312000,890,23289,1,0,flying,0.003253,0.000006,-1.507898,0.027589,0.000061,-0.039360,0.000026,-0.016559,0.001742,601.234131,606.921265,600.711609,606.410645
3,joystick_flight,2164593186,402,4.020000,0.010000,414335000,888,23361,1,0,flying,0.003537,0.000006,-1.508287,0.029222,0.000067,-0.038508,0.000026,-0.017020,0.001854,601.306824,606.876709,600.756348,606.338867
3,joystick_flight,2164593186,403,4.030000,0.010000,414359000,893,23516,1,0,flying,0.003837,0.000007,-1.508668,0.030900,0.000072,-0.037723,0.000027,-0.017471,0.001969,601.264160,607.430969,600.620300,606.802673
3,joystick_flight,2164593186,404,4.040000,0.010000,414382000,890,23438,1,0,flying,0.004155,0.000008,-1.509041,0.032621,0.000079,-0.036938,0.000027,-0.017910,0.002090,601.339233,607.379517,600.672058,606.728577
3,joystick_flight,2164593186,405,4.050000,0.010000,414406000,892,23493,1,0,flying,0.004490,0.000008,-1.509407,0.034384,0.000085,-0.036151,0.000028,-0.018338,0.002214,601.414612,607.326233,600.725647,606.654175
3,joystick_flight,2164593186,406,4.060000,0.010000,414429000,891,23357,1,0,flying,0.004842,0.000009,-1.509764,0.036189,0.000092,-0.035365,0.000028,-0.018753,0.002343,601.490173,607.271179,600.781067,606.579468
3,joystick_flight,2164593186,407,4.070000,0.010000,414453000,890,23418,1,0,flying,0.005214,0.000010,-1.510114,0.038034,0.000099,-0.034640,0.000029,-0.019156,0.002476,601.438110,607.802124,600.635620,607.020447
3,joystick_flight,2164593186,408,4.080000,0.010000,414476000,888,23571,1,0,flying,0.005603,0.000011,-1.510457,0.039918,0.000107,-0.033914,0.000029,-0.019545,0.002614,601.515869,607.739990,600.698181,606.943604
3,joystick_flight,2164593186,409,4.090000,0.010000,414500000,892,23517,1,0,flying,0.006012,0.000012,-1.510793,0.041839,0.000115,-0.033188,0.000029,-0.019919,0.002756,601.593994,607.676086,600.762634,606.866455
3,joystick_flight,2164593186,410,4.100000,0.010000,414523000,890,23272,1,0,flying,0.006440,0.000014,-1.511121,0.043796,0.000123,-0.032461,0.000029,-0.020279,0.002903,601.672241,607.610413,600.828857,606.789062
3,joystick_flight,2164593186,411,4.110000,0.010000,414547000,894,23345,1,0,flying,0.006888,0.000015,-1.511442,0.045788,0.000132,-0.031791,0.000030,-0.020624,0.003054,601.611389,608.118896,600.675842,607.209045
3,joystick_flight,2164593186,412,4.120000,0.010000,414570000,892,23599,1,0,flying,0.007356,0.000016,-1.511757,0.047813,0.000141,-0.031121,0.000030,-0.020953,0.003210,601.691833,608.046082,600.749329,607.129517
3,joystick_flight,2164593186,413,4.130000,0.010000,414594000,890,23310,1,0,flying,0.007844,0.000018,-1.512065,0.049870,0.000151,-0.030450,0.000029,-0.021266,0.003370,601.772461,607.971497,600.824707,607.049744
3,joystick_flight,2164593186,414,4.140000,0.010000,414617000,895,23308,1,0,flying,0.008354,0.000019,-1.512366,0.051956,0.000161,-0.029779,0.000029,-0.021562,0.003535,601.853333,607.895142,600.901794,606.969727
3,joystick_flight,2164593186,415,4.150000,0.010000,414641000,893,23466,1,0,flying,0.008884,0.000021,-1.512660,0.054071,0.000171,-0.029160,0.000029,-0.021841,0.003705,601.784363,608.382019,600.742798,607.370422
3,joystick_flight,2164593186,416,4.160000,0.010000,414664000,893,23535,1,0,flying,0.009435,0.000023,-1.512949,0.056212,0.000182,-0.028541,0.000029,-0.022102,0.003879,601.867310,608.298584,600.827209,607.288391
3,joystick_flight,2164593186,417,4.170000,0.010000,414688000,892,23380,1,0,flying,0.010008,0.000025,-1.513231,0.058379,0.000194,-0.027921,0.000028,-0.022346,0.004058,601.950439,608.213440,600.913330,607.206055
3,joystick_flight,2164593186,418,4.180000,0.010000,414711000,892,23470,1,0,flying,0.010603,0.000027,-1.513507,0.060568,0.000205,-0.027301,0.000027,-0.022572,0.004241,602.033813,608.126587,601.001160,607.123413
3,joystick_flight,2164593186,419,4.190000,0.010000,414735000,891,23581,1,0,flying,0.011219,0.000029,-1.513778,0.062779,0.000218,-0.026730,0.000027,-0.022779,0.004429,601.957031,608.592468,600.837646,607.506531
3,joystick_flight,2164593186,420,4.200000,0.010000,414759000,889,23469,1,0,flying,0.011858,0.000031,-1.514042,0.065009,0.000230,-0.026159,0.000026,-0.022967,0.004622,602.042419,608.498657,600.932678,607.421936
3,joystick_flight,2164593186,421,4.210000,0.010000,414782000,889,23490,1,0,flying,0.012520,0.000033,-1.514301,0.067257,0.000243,-0.025587,0.000025,-0.023136,0.004819,602.127991,608.403198,601.029358,607.337097
3,joystick_flight,2164593186,422,4.220000,0.010000,414806000,891,23679,1,0,flying,0.013204,0.000036,-1.514554,0.069521,0.000257,-0.025014,0.000024,-0.023286,0.005021,602.213806,608.306152,601.127625,607.251953
3,joystick_flight,2164593186,423,4.230000,0.010000,414830000,893,23595,1,0,flying,0.013910,0.000038,-1.514801,0.071799,0.000271,-0.024488,0.000023,-0.023418,0.005227,602.129517,608.751770,600.960754,607.618896
3,joystick_flight,2164593186,424,4.240000,0.010000,414853000,888,23636,1,0,flying,0.014640,0.000041,-1.515043,0.074089,0.000285,-0.023960,0.000022,-0.023529,0.005438,602.217285,608.647888,601.066101,607.531799
3,joystick_flight,2164593186,425,4.250000,0.010000,414877000,890,23475,1,0,flying,0.015392,0.000044,-1.515280,0.076389,0.000300,-0.023433,0.000021,-0.023620,0.005654,602.305298,608.542480,601.172974,607.444397
3,joystick_flight,2164593186,426,4.260000,0.010000,414901000,890,23436,1,0,flying,0.016167,0.000047,-1.515512,0.078697,0.000315,-0.022905,0.000019,-0.023693,0.005874,602.393494,608.435608,601.281311,607.356750
3,joystick_flight,2164593186,427,4.270000,0.010000,414924000,888,23578,1,0,flying,0.016966,0.000050,-1.515739,0.081012,0.000331,-0.022420,0.000018,-0.023745,0.006099,602.301819,608.861633,601.112122,607.708923
3,joystick_flight,2164593186,428,4.280000,0.010000,414948000,892,23415,1,0,flying,0.017788,0.000054,-1.515961,0.083331,0.000347,-0.021934,0.000016,-0.023778,0.006329,602.392029,608.748169,601.227234,607.619324
3,joystick_flight,2164593186,429,4.290000,0.010000,414971000,891,23504,1,0,flying,0.018633,0.000057,-1.516177,0.085653,0.000364,-0.021448,0.000015,-0.023790,0.006563,602.482483,608.633301,601.343811,607.529358
3,joystick_flight,2164593186,430,4.300000,0.010000,414995000,891,23396,1,0,flying,0.019501,0.000061,-1.516389,0.087974,0.000380,-0.020963,0.000013,-0.023784,0.006802,602.573120,608.517090,601.461670,607.439148
3,joystick_flight,2164593186,431,4.310000,0.010000,415018000,889,23449,1,0,flying,0.020392,0.000065,-1.516597,0.090295,0.000398,-0.020516,0.000011,-0.023757,0.007045,602.474182,608.924133,601.291077,607.777893
3,joystick_flight,2164593186,432,4.320000,0.010000,415042000,892,23429,1,0,flying,0.021307,0.000069,-1.516800,0.092613,0.000415,-0.020069,0.000009,-0.023711,0.007292,602.566833,608.801697,601.415405,607.685730
3,joystick_flight,2164593186,433,4.330000,0.010000,415065000,892,23272,1,0,flying,0.022244,0.000073,-1.516998,0.094925,0.000433,-0.019622,0.000008,-0.023645,0.007544,602.659790,608.677917,601.541016,607.593140
3,joystick_flight,2164593186,434,4.340000,0.010000,415089000,892,23249,1,0,flying,0.023205,0.000078,-1.517192,0.097229,0.000452,-0.019176,0.000006,-0.023560,0.007801,602.752930,608.553040,601.667786,607.500305
3,joystick_flight,2164593186,435,4.350000,0.010000,415112000,893,23328,1,0,flying,0.024189,0.000082,-1.517382,0.099526,0.000470,-0.018765,0.000004,-0.023457,0.008062,602.646667,608.941833,601.496399,607.826904
3,joystick_flight,2164593186,436,4.360000,0.010000,415136000,888,23504,1,0,flying,0.025196,0.000087,-1.517568,0.101811,0.000489,-0.018355,0.000002,-0.023333,0.008327,602.741882,608.810974,601.629333,607.731995
3,joystick_flight,2164593186,437,4.370000,0.010000,415159000,891,23688,1,0,flying,0.026225,0.000092,-1.517749,0.104083,0.000509,-0.017945,-0.000000,-0.023191,0.008597,602.837402,608.679077,601.763306,607.636780
3,joystick_flight,2164593186,438,4.380000,0.010000,415183000,891,23467,1,0,flying,0.027277,0.000097,-1.517926,0.106340,0.000528,-0.017536,-0.000003,-0.023031,0.008871,602.933167,608.546143,601.898193,607.541260
3,joystick_flight,2164593186,439,4.390000,0.010000,415206000,892,23493,1,0,flying,0.028352,0.000103,-1.518100,0.108582,0.000548,-0.017159,-0.000005,-0.022852,0.009149,602.819641,608.917419,601.726624,607.856812
3,joystick_flight,2164593186,440,4.400000,0.010000,415230000,889,23343,1,0,flying,0.029449,0.000108,-1.518270,0.110805,0.000568,-0.016783,-0.000007,-0.022655,0.009431,602.917419,608.778992,601.867249,607.759216
3,joystick_flight,2164593186,441,4.410000,0.010000,415253000,894,23442,1,0,flying,0.030568,0.000114,-1.518436,0.113008,0.000588,-0.016408,-0.000009,-0.022441,0.009718,603.015564,608.639648,602.008789,607.661255
3,joystick_flight,2164593186,442,4.420000,0.010000,415277000,892,23379,1,0,flying,0.031709,0.000120,-1.518598,0.115190,0.000609,-0.016033,-0.000011,-0.022209,0.010009,603.114014,608.499512,602.151062,607.562927
3,joystick_flight,2164593186,443,4.430000,0.010000,415300000,893,23634,1,0,flying,0.032872,0.000126,-1.518756,0.117348,0.000630,-0.015688,-0.000013,-0.021961,0.010303,602.993225,608.854065,601.979675,607.868469
3,joystick_flight,2164593186,444,4.440000,0.010000,415324000,889,23505,1,0,flying,0.034056,0.000133,-1.518912,0.119482,0.000651,-0.015344,-0.000015,-0.021695,0.010602,603.093811,608.708801,602.127197,607.768066
3,joystick_flight,2164593186,445,4.450000,0.010000,415348000,893,23388,1,0,flying,0.035261,0.000139,-1.519063,0.121589,0.000672,-0.015001,-0.000017,-0.021413,0.010905,603.194641,608.562805,602.275452,607.667297
3,joystick_flight,2164593186,446,4.460000,0.010000,415371000,892,23586,1,0,flying,0.036487,0.000146,-1.519212,0.123667,0.000693,-0.014658,-0.000019,-0.021116,0.011212,603.295837,608.416260,602.424194,607.566162
3,joystick_flight,2164593186,447,4.470000,0.010000,415395000,893,23491,1,0,flying,0.037734,0.000153,-1.519357,0.125716,0.000714,-0.014343,-0.000021,-0.020804,0.011523,603.167786,608.754944,602.253235,607.862732
3,joystick_flight,2164593186,448,4.480000,0.010000,415419000,892,23756,1,0,flying,0.039002,0.000160,-1.519498,0.127734,0.000736,-0.014029,-0.000023,-0.020476,0.011837,603.271179,608.603699,602.406799,607.759399
3,joystick_flight,2164593186,449,4.490000,0.010000,415442000,890,23425,1,0,flying,0.040289,0.000168,-1.519637,0.129719,0.000757,-0.013716,-0.000025,-0.020133,0.012156,603.374878,608.452026,602.560791,607.655701
3,joystick_flight,2164593186,450,4.500000,0.010000,415466000,894,23405,1,0,flying,0.041596,0.000176,-1.519773,0.131670,0.000778,-0.013403,-0.000027,-0.019777,0.012478,603.478882,608.299927,602.715088,607.551636
3,joystick_flight,2164593186,451,4.510000,0.010000,415489000,890,23262,1,0,flying,0.042922,0.000183,-1.519905,0.133586,0.000800,-0.013117,-0.000029,-0.019408,0.012803,603.343750,608.623657,602.544800,607.840332
3,joystick_flight,2164593186,452,4.520000,0.010000,415513000,891,23264,1,0,flying,0.044267,0.000192,-1.520035,0.135465,0.000821,-0.012830,-0.000030,-0.019025,0.013133,603.450012,608.467407,602.703369,607.734009
3,joystick_flight,2164593186,453,4.530000,0.010000,415536000,890,23210,1,0,flying,0.045631,0.000200,-1.520162,0.137307,0.000843,-0.012545,-0.000032,-0.018630,0.013466,603.556641,608.310852,602.862183,607.627319
3,joystick_flight,2164593186,454,4.540000,0.010000,415559000,892,23164,1,0,flying,0.047013,0.000208,-1.520286,0.139108,0.000864,-0.012260,-0.000033,-0.018223,0.013802,603.663574,608.154175,603.021057,607.520264
3,joystick_flight,2164593186,455,4.550000,0.010000,415583000,893,23507,1,0,flying,0.048413,0.000217,-1.520407,0.140870,0.000886,-0.011999,-0.000034,-0.017805,0.014142,603.521362,608.463867,602.851501,607.801941
3,joystick_flight,2164593186,456,4.560000,0.010000,415606000,894,23487,1,0,flying,0.049831,0.000226,-1.520526,0.142591,0.000907,-0.011739,-0.000035,-0.017375,0.014485,603.630615,608.303467,603.014160,607.692566
3,joystick_flight,2164593186,457,4.570000,0.010000,415630000,891,23569,1,0,flying,0.051265,0.000235,-1.520642,0.144269,0.000928,-0.011479,-0.000036,-0.016936,0.014832,603.740234,608.143066,603.176819,607.582825
3,joystick_flight,2164593186,458,4.580000,0.010000,415653000,893,23340,1,0,flying,0.052716,0.000245,-1.520756,0.145904,0.000949,-0.011221,-0.000037,-0.016487,0.015181,603.850098,607.982666,603.339294,607.472778
3,joystick_flight,2164593186,459,4.590000,0.010000,415677000,891,23420,1,0,flying,0.054183,0.000254,-1.520867,0.147494,0.000970,-0.010983,-0.000038,-0.016029,0.015534,603.700989,608.279419,603.170410,607.748291
3,joystick_flight,2164593186,460,4.600000,0.010000,415700000,892,23958,1,0,flying,0.055666,0.000264,-1.520975,0.149040,0.000990,-0.010747,-0.000038,-0.015562,0.015890,603.813354,608.115906,603.336182,607.635864
3,joystick_flight,2164593186,461,4.610000,0.010000,415725000,892,23471,1,0,flying,0.057164,0.000274,-1.521082,0.150539,0.001011,-0.010511,-0.000038,-0.015087,0.016249,603.925964,607.952454,603.501709,607.523071
3,joystick_flight,2164593186,462,4.620000,0.010000,415748000,892,23329,1,0,flying,0.058676,0.000284,-1.521185,0.151991,0.001031,-0.010275,-0.000038,-0.014605,0.016611,604.038879,607.789307,603.666870,607.409912
3,joystick_flight,2164593186,463,4.630000,0.010000,415771000,889,23595,1,0,flying,0.060203,0.000295,-1.521287,0.153396,0.001051,-0.010060,-0.000038,-0.014117,0.016976,603.883118,608.074280,603.498535,607.680176
3,joystick_flight,2164593186,464,4.640000,0.010000,415795000,890,23619,1,0,flying,0.061744,0.000305,-1.521387,0.154754,0.001070,-0.009845,-0.000038,-0.013622,0.017344,603.998474,607.908447,603.666382,607.564636
3,joystick_flight,2164593186,465,4.650000,0.010000,415819000,891,23515,1,0,flying,0.063298,0.000316,-1.521484,0.156062,0.001089,-0.009631,-0.000037,-0.013122,0.017714,604.114197,607.742981,603.833801,607.448792
3,joystick_flight,2164593186,466,4.660000,0.010000,415843000,892,23595,1,0,flying,0.064865,0.000327,-1.521579,0.157321,0.001108,-0.009417,-0.000036,-0.012617,0.018087,604.230164,607.578003,604.000671,607.332642
3,joystick_flight,2164593186,467,4.670000,0.010000,415866000,893,23429,1,0,flying,0.066444,0.000338,-1.521672,0.158531,0.001127,-0.009221,-0.000035,-0.012108,0.018463,604.067932,607.852356,603.832825,607.598450
3,joystick_flight,2164593186,468,4.680000,0.010000,415889000,893,23365,1,0,flying,0.068036,0.000350,-1.521764,0.159691,0.001145,-0.009026,-0.000034,-0.011595,0.018841,604.186401,607.685181,604.001831,607.479797
3,joystick_flight,2164593186,469,4.690000,0.010000,415913000,894,23282,1,0,flying,0.069638,0.000361,-1.521853,0.160801,0.001163,-0.008831,-0.000032,-0.011079,0.019221,604.305115,607.518555,604.170166,607.360901
3,joystick_flight,2164593186,470,4.700000,0.010000,415936000,894,23513,1,0,flying,0.071251,0.000373,-1.521940,0.161860,0.001181,-0.008637,-0.000031,-0.010561,0.019604,604.424133,607.352600,604.337769,607.241760
3,joystick_flight,2164593186,471,4.710000,0.010000,415960000,892,23320,1,0,flying,0.072875,0.000385,-1.522026,0.162868,0.001198,-0.008459,-0.000029,-0.010042,0.019989,604.255676,607.617493,604.170105,607.503784
3,joystick_flight,2164593186,472,4.720000,0.010000,415983000,892,23288,1,0,flying,0.074509,0.000397,-1.522110,0.163825,0.001214,-0.008282,-0.000026,-0.009521,0.020377,604.377197,607.449890,604.339355,607.382202
3,joystick_flight,2164593186,473,4.730000,0.010000,416007000,891,23217,1,0,flying,0.076151,0.000409,-1.522191,0.164732,0.001230,-0.008105,-0.000024,-0.008999,0.020766,604.498962,607.282959,604.507690,607.260376
3,joystick_flight,2164593186,474,4.740000,0.010000,416030000,891,23339,1,0,flying,0.077803,0.000421,-1.522272,0.165587,0.001246,-0.007929,-0.000021,-0.008478,0.021158,604.620850,607.116943,604.675171,607.138306
3,joystick_flight,2164593186,475,4.750000,0.010000,416053000,894,23377,1,0,flying,0.079463,0.000434,-1.522350,0.166391,0.001262,-0.007767,-0.000017,-0.007958,0.021551,604.446594,607.373596,604.507324,607.397278
3,joystick_flight,2164593186,476,4.760000,0.010000,416077000,891,23211,1,0,flying,0.081131,0.000447,-1.522427,0.167145,0.001276,-0.007605,-0.000014,-0.007438,0.021947,604.571045,607.206360,604.675964,607.272766
3,joystick_flight,2164593186,477,4.770000,0.010000,416100000,892,23310,1,0,flying,0.082806,0.000459,-1.522502,0.167848,0.001291,-0.007444,-0.000010,-0.006921,0.022344,604.695679,607.040039,604.843506,607.148132
3,joystick_flight,2164593186,478,4.780000,0.010000,416123000,894,23352,1,0,flying,0.084488,0.000472,-1.522576,0.168500,0.001305,-0.007283,-0.000006,-0.006406,0.022743,604.820435,606.874756,605.009949,607.023315
3,joystick_flight,2164593186,479,4.790000,0.010000,416147000,892,23265,1,0,flying,0.086176,0.000486,-1.522648,0.169101,0.001318,-0.007136,-0.000002,-0.005878,0.023143,605.912048,607.626099,604.289856,606.058899
3,joystick_flight,2164593186,480,4.800000,0.010000,416170000,894,23530,1,0,flying,0.087869,0.000499,-1.522719,0.169650,0.001331,-0.006989,0.000003,-0.005324,0.023544,606.013245,607.440918,604.477356,605.956299
3,joystick_flight,2164593186,481,4.810000,0.010000,416194000,892,23484,1,0,flying,0.089568,0.000512,-1.522788,0.170143,0.001343,-0.006842,0.000008,-0.004744,0.023947,606.113647,607.256226,604.664246,605.854553
3,joystick_flight,2164593186,482,4.820000,0.010000,416217000,893,23505,1,0,flying,0.091272,0.000526,-1.522855,0.170578,0.001355,-0.006695,0.000013,-0.004140,0.024350,606.213257,607.072205,604.850342,605.753479
3,joystick_flight,2164593186,483,4.830000,0.010000,416241000,890,23472,1,0,flying,0.092980,0.000539,-1.522922,0.170953,0.001365,-0.006560,0.000018,-0.003512,0.024753,606.358276,606.937317,605.062378,605.677490
3,joystick_flight,2164593186,484,4.840000,0.010000,416265000,892,23617,1,0,flying,0.094691,0.000553,-1.522987,0.171265,0.001375,-0.006426,0.000023,-0.002864,0.025157,606.455933,606.754761,605.246887,605.578308
3,joystick_flight,2164593186,485,4.850000,0.010000,416288000,890,23526,1,0,flying,0.096405,0.000567,-1.523050,0.171512,0.001384,-0.006292,0.000029,-0.002195,0.025561,606.552734,606.573181,605.430298,605.479858
3,joystick_flight,2164593186,486,4.860000,0.010000,416312000,890,23472,1,0,flying,0.098121,0.000581,-1.523112,0.171694,0.001392,-0.006158,0.000035,-0.001508,0.025965,606.648682,606.392761,605.612488,605.382263
3,joystick_flight,2164593186,487,4.870000,0.010000,416335000,891,23456,1,0,flying,0.099839,0.000595,-1.523173,0.171807,0.001398,-0.006035,0.000041,-0.000803,0.026369,606.781799,606.253906,605.822021,605.311462
3,joystick_flight,2164593186,488,4.880000,0.010000,416359000,893,23485,1,0,flying,0.101557,0.000609,-1.523233,0.171850,0.001404,-0.005911,0.000047,-0.000083,0.026772,606.875916,606.075989,606.001465,605.215637
3,joystick_flight,2164593186,489,4.890000,0.010000,416383000,898,23592,1,0,flying,0.103275,0.000623,-1.523292,0.171822,0.001408,-0.005788,0.000054,0.000652,0.027175,606.969238,605.899536,606.179321,605.120605
3,joystick_flight,2164593186,490,4.900000,0.010000,416406000,894,23502,1,0,flying,0.104993,0.000637,-1.523349,0.171722,0.001411,-0.005665,0.000061,0.001400,0.027576,607.061646,605.724731,606.355469,605.026367
3,joystick_flight,2164593186,491,4.910000,0.010000,416430000,891,23506,1,0,flying,0.106709,0.000651,-1.523405,0.171548,0.001412,-0.005552,0.000068,0.002159,0.027977,607.182556,605.583557,606.561584,604.961914
3,joystick_flight,2164593186,492,4.920000,0.010000,416453000,889,23428,1,0,flying,0.108424,0.000665,-1.523460,0.171298,0.001412,-0.005438,0.000076,0.002929,0.028376,607.273315,605.412292,606.733948,604.869446
3,joystick_flight,2164593186,493,4.930000,0.010000,416477000,895,23383,1,0,flying,0.110135,0.000679,-1.523514,0.170973,0.001411,-0.005324,0.000083,0.003707,0.028774,607.363159,605.242920,606.904358,604.777771
3,joystick_flight,2164593186,494,4.940000,0.010000,416500000,890,23359,1,0,flying,0.111843,0.000693,-1.523566,0.170572,0.001408,-0.005210,0.000091,0.004493,0.029171,607.452148,605.075562,607.072571,604.687012
3,joystick_flight,2164593186,495,4.950000,0.010000,416524000,892,23415,1,0,flying,0.113546,0.000707,-1.523618,0.170093,0.001403,-0.005105,0.000100,0.005284,0.029565,607.560913,604.933899,607.274292,604.629761
3,joystick_flight,2164593186,496,4.960000,0.010000,416548000,891,23449,1,0,flying,0.115245,0.000721,-1.523669,0.169536,0.001397,-0.004999,0.000108,0.006080,0.029958,607.648315,604.770996,607.437805,604.540649
3,joystick_flight,2164593186,497,4.970000,0.010000,416571000,890,23267,1,0,flying,0.116937,0.000735,-1.523718,0.168901,0.001389,-0.004893,0.000117,0.006879,0.030348,607.734741,604.610474,607.598877,604.452454
3,joystick_flight,2164593186,498,4.980000,0.010000,416594000,889,23490,1,0,flying,0.118622,0.000749,-1.523766,0.168188,0.001379,-0.004786,0.000126,0.007681,0.030736,607.820312,604.452332,607.757507,604.365112
3,joystick_flight,2164593186,499,4.990000,0.010000,416618000,892,23506,1,0,flying,0.120300,0.000763,-1.523814,0.167396,0.001367,-0.004687,0.000136,0.008482,0.031121,607.917236,604.311890,607.953857,604.315918
3,joystick_flight,2164593186,500,5.000000,0.010000,416642000,893,23560,1,0,flying,0.121970,0.000776,-1.523860,0.166526,0.001354,-0.004587,0.000145,0.009283,0.031504,608.001282,604.159119,608.106812,604.230225
3,joystick_flight,2164593186,501,5.010000,0.010000,416665000,890,23453,1,0,flying,0.123631,0.000790,-1.523905,0.165578,0.001338,-0.004487,0.000155,0.010081,0.031884,608.084351,604.008972,608.257080,604.145447
3,joystick_flight,2164593186,502,5.020000,0.010000,416689000,891,23392,1,0,flying,0.125281,0.000803,-1.523950,0.164551,0.001321,-0.004386,0.000165,0.010877,0.032261,608.166504,603.861572,608.404480,604.061646
3,joystick_flight,2164593186,503,5.030000,0.010000,416712000,892,23551,1,0,flying,0.126921,0.000816,-1.523993,0.163447,0.001302,-0.004292,0.000176,0.011667,0.032634,608.251770,603.724182,608.594421,604.021057
3,joystick_flight,2164593186,504,5.040000,0.010000,416736000,893,23386,1,0,flying,0.128550,0.000829,-1.524036,0.162265,0.001281,-0.004197,0.000186,0.012452,0.033004,608.332458,603.582947,608.735474,603.938843
3,joystick_flight,2164593186,505,5.050000,0.010000,416759000,889,23514,1,0,flying,0.130166,0.000842,-1.524077,0.161007,0.001258,-0.004101,0.000197,0.013229,0.033371,608.412170,603.444641,608.873474,603.857605
3,joystick_flight,2164593186,506,5.060000,0.010000,416783000,891,23511,1,0,flying,0.131770,0.000854,-1.524118,0.159673,0.001233,-0.004004,0.000208,0.013998,0.033734,608.490906,603.309387,609.008362,603.777405
3,joystick_flight,2164593186,507,5.070000,0.010000,416807000,891,23666,1,0,flying,0.133360,0.000867,-1.524157,0.158264,0.001206,-0.003914,0.000219,0.014758,0.034093,608.564941,603.176758,609.190918,603.745911
3,joystick_flight,2164593186,508,5.080000,0.010000,416830000,890,23548,1,0,flying,0.134935,0.000878,-1.524196,0.156782,0.001177,-0.003823,0.000231,0.015507,0.034448,608.642273,603.048279,609.318787,603.667236
3,joystick_flight,2164593186,509,5.090000,0.010000,416854000,891,23629,1,0,flying,0.136495,0.000890,-1.524234,0.155226,0.001146,-0.003730,0.000242,0.016244,0.034799,608.718506,602.923035,609.443359,603.589661
3,joystick_flight,2164593186,510,5.100000,0.010000,416878000,893,23527,1,0,flying,0.138039,0.000901,-1.524271,0.153599,0.001114,-0.003637,0.000254,0.016968,0.035146,608.793701,602.801025,609.564636,603.513245
3,joystick_flight,2164593186,511,5.110000,0.010000,416901000,890,23498,1,0,flying,0.139567,0.000912,-1.524307,0.151902,0.001079,-0.003549,0.000265,0.017679,0.035488,608.856995,602.674744,609.738770,603.491028
3,joystick_flight,2164593186,512,5.120000,0.010000,416925000,893,23307,1,0,flying,0.141077,0.000923,-1.524342,0.150136,0.001043,-0.003461,0.000277,0.018374,0.035825,608.930786,602.560120,609.852417,603.416077
3,joystick_flight,2164593186,513,5.130000,0.010000,416948000,893,23498,1,0,flying,0.142569,0.000933,-1.524376,0.148302,0.001005,-0.003371,0.000289,0.019054,0.036158,609.003540,602.448914,609.962646,603.342346
3,joystick_flight,2164593186,514,5.140000,0.010000,416972000,894,23373,1,0,flying,0.144043,0.000943,-1.524409,0.146402,0.000965,-0.003280,0.000301,0.019717,0.036486,609.075073,602.341125,610.069397,603.269775
3,joystick_flight,2164593186,515,5.150000,0.010000,416995000,893,23229,1,0,flying,0.145497,0.000952,-1.524441,0.144439,0.000923,-0.003194,0.000313,0.020362,0.036809,609.128052,602.222717,610.234009,603.256897
3,joystick_flight,2164593186,516,5.160000,0.010000,417019000,892,23442,1,0,flying,0.146931,0.000961,-1.524473,0.142413,0.000879,-0.003108,0.000326,0.020988,0.037127,609.198181,602.122803,610.332703,603.185913
3,joystick_flight,2164593186,517,5.170000,0.010000,417042000,890,23499,1,0,flying,0.148345,0.000970,-1.524503,0.140326,0.000834,-0.003020,0.000338,0.021595,0.037440,609.267151,602.026428,610.427856,603.116211
3,joystick_flight,2164593186,518,5.180000,0.010000,417066000,888,23432,1,0,flying,0.149738,0.000978,-1.524533,0.138182,0.000787,-0.002931,0.000350,0.022182,0.037748,609.334900,601.933594,610.519409,603.047729
3,joystick_flight,2164593186,519,5.190000,0.010000,417089000,892,23539,1,0,flying,0.151109,0.000986,-1.524562,0.135980,0.000738,-0.002848,0.000362,0.022748,0.038049,609.378052,601.824280,610.673401,603.044006
3,joystick_flight,2164593186,520,5.200000,0.010000,417113000,894,23353,1,0,flying,0.152457,0.000993,-1.524590,0.133724,0.000688,-0.002763,0.000374,0.023292,0.038346,609.444336,601.739685,610.756653,602.977173
3,joystick_flight,2164593186,521,5.210000,0.010000,417136000,893,23549,1,0,flying,0.153783,0.001000,-1.524617,0.131416,0.000637,-0.002677,0.000386,0.023813,0.038636,609.509338,601.658691,610.836182,602.911682
3,joystick_flight,2164593186,522,5.220000,0.010000,417160000,894,23634,1,0,flying,0.155085,0.001006,-1.524644,0.129058,0.000584,-0.002590,0.000398,0.024312,0.038921,609.572998,601.581360,610.912048,602.847595
3,joystick_flight,2164593186,523,5.230000,0.010000,417184000,890,23695,1,0,flying,0.156364,0.001011,-1.524669,0.126652,0.000529,-0.002509,0.000410,0.024787,0.039200,609.606812,601.482300,611.054504,602.852661
3,joystick_flight,2164593186,524,5.240000,0.010000,417207000,889,23438,1,0,flying,0.157618,0.001016,-1.524694,0.124201,0.000473,-0.002426,0.000421,0.025238,0.039473,609.669006,601.413452,611.121887,602.790283
3,joystick_flight,2164593186,525,5.250000,0.010000,417231000,890,24443,1,0,flying,0.158848,0.001021,-1.524718,0.121707,0.000416,-0.002343,0.000433,0.025663,0.039740,609.729736,601.348206,611.185547,602.729370
3,joystick_flight,2164593186,526,5.260000,0.010000,417255000,892,23423,1,0,flying,0.160052,0.001025,-1.524741,0.119172,0.000358,-0.002258,0.000444,0.026064,0.040001,609.789124,601.286621,611.245544,602.669922
3,joystick_flight,2164593186,527,5.270000,0.010000,417279000,888,23555,1,0,flying,0.161231,0.001028,-1.524763,0.116599,0.000299,-0.002179,0.000455,0.026439,0.040256,609.813965,601.198730,611.375427,602.683289
3,joystick_flight,2164593186,528,5.280000,0.010000,417303000,892,23565,1,0,flying,0.162384,0.001031,-1.524784,0.113991,0.000239,-0.002099,0.000466,0.026788,0.040504,609.871704,601.145752,611.426758,602.625671
3,joystick_flight,2164593186,529,5.290000,0.010000,417326000,888,23377,1,0,flying,0.163511,0.001033,-1.524805,0.111350,0.000178,-0.002019,0.000477,0.027110,0.040746,609.927917,601.096375,611.474487,602.569580
3,joystick_flight,2164593186,530,5.300000,0.010000,417350000,888,23410,1,0,flying,0.164611,0.001034,-1.524825,0.108678,0.000116,-0.001937,0.000488,0.027406,0.040981,609.982666,601.050659,611.518555,602.515076
3,joystick_flight,2164593186,531,5.310000,0.010000,417373000,891,23466,1,0,flying,0.165684,0.001035,-1.524844,0.105979,0.000053,-0.001861,0.000498,0.027675,0.041210,609.998962,600.974670,611.634949,602.536133
3,joystick_flight,2164593186,532,5.320000,0.010000,417397000,889,23438,1,0,flying,0.166730,0.001035,-1.524862,0.103255,-0.000010,-0.001784,0.000508,0.027916,0.041432,610.051941,600.937500,611.670471,602.483582
3,joystick_flight,2164593186,533,5.330000,0.010000,417420000,890,23475,1,0,flying,0.167749,0.001035,-1.524879,0.100508,-0.000074,-0.001707,0.000517,0.028130,0.041647,610.103271,600.903992,611.702332,602.432617
3,joystick_flight,2164593186,534,5.340000,0.010000,417444000,888,23380,1,0,flying,0.168741,0.001034,-1.524896,0.097742,-0.000138,-0.001629,0.000527,0.028316,0.041856,610.153015,600.873962,611.730652,602.383423
3,joystick_flight,2164593186,535,5.350000,0.010000,417467000,889,23463,1,0,flying,0.169704,0.001032,-1.524912,0.094959,-0.000203,-0.001557,0.000536,0.028475,0.042058,610.161194,600.810364,611.832764,602.411499
3,joystick_flight,2164593186,536,5.360000,0.010000,417491000,893,23528,1,0,flying,0.170640,0.001030,-1.524927,0.092161,-0.000268,-0.001485,0.000544,0.028605,0.042253,610.208984,600.788879,611.852600,602.364380
3,joystick_flight,2164593186,537,5.370000,0.010000,417515000,893,23459,1,0,flying,0.171547,0.001027,-1.524942,0.089352,-0.000333,-0.001412,0.000552,0.028707,0.042441,610.255066,600.770874,611.869019,602.318970
3,joystick_flight,2164593186,538,5.380000,0.010000,417538000,890,23471,1,0,flying,0.172427,0.001023,-1.524955,0.086535,-0.000398,-0.001339,0.000560,0.028782,0.042622,610.299438,600.756287,611.881958,602.275330
3,joystick_flight,2164593186,539,5.390000,0.010000,417562000,893,23463,1,0,flying,0.173278,0.001019,-1.524969,0.083711,-0.000464,-0.001271,0.000568,0.028829,0.042796,610.299805,600.705383,611.968994,602.309692
3,joystick_flight,2164593186,540,5.400000,0.010000,417585000,892,23510,1,0,flying,0.174101,0.001014,-1.524981,0.080884,-0.000529,-0.001204,0.000575,0.028848,0.042963,610.342041,600.699097,611.973755,602.268311
3,joystick_flight,2164593186,541,5.410000,0.010000,417609000,892,23418,1,0,flying,0.174896,0.001008,-1.524993,0.078057,-0.000594,-0.001136,0.000581,0.028840,0.043123,610.382568,600.696167,611.975159,602.228760
3,joystick_flight,2164593186,542,5.420000,0.010000,417632000,889,23507,1,0,flying,0.175662,0.001002,-1.525004,0.075231,-0.000659,-0.001069,0.000587,0.028804,0.043276,610.421204,600.696594,611.973267,602.191162
3,joystick_flight,2164593186,543,5.430000,0.010000,417656000,894,23486,1,0,flying,0.176400,0.000995,-1.525014,0.072411,-0.000723,-0.001007,0.000593,0.028741,0.043422,610.414062,600.658569,612.044739,602.230957
3,joystick_flight,2164593186,544,5.440000,0.010000,417679000,892,23378,1,0,flying,0.177110,0.000987,-1.525024,0.069597,-0.000787,-0.000945,0.000598,0.028650,0.043560,610.450378,600.666931,612.034973,602.195679
3,joystick_flight,2164593186,545,5.450000,0.010000,417703000,892,23488,1,0,flying,0.177792,0.000979,-1.525033,0.066794,-0.000851,-0.000883,0.000603,0.028533,0.043692,610.484863,600.678467,612.022034,602.162415
3,joystick_flight,2164593186,546,5.460000,0.010000,417727000,892,23537,1,0,flying,0.178446,0.000970,-1.525041,0.064004,-0.000913,-0.000822,0.000607,0.028390,0.043816,610.517334,600.693176,612.005981,602.131104
3,joystick_flight,2164593186,547,5.470000,0.010000,417750000,890,23549,1,0,flying,0.179072,0.000961,-1.525049,0.061229,-0.000976,-0.000767,0.000611,0.028220,0.043933,610.503113,600.668030,612.061523,602.175598
3,joystick_flight,2164593186,548,5.480000,0.010000,417774000,885,23547,1,0,flying,0.179671,0.000951,-1.525057,0.058472,-0.001037,-0.000711,0.000614,0.028025,0.044043,610.533142,600.690247,612.037964,602.146851
3,joystick_flight,2164593186,549,5.490000,0.010000,417797000,888,23548,1,0,flying,0.180242,0.000940,-1.525064,0.055735,-0.001097,-0.000657,0.000617,0.027803,0.044146,610.561157,600.715515,612.011475,602.120178
3,joystick_flight,2164593186,550,5.500000,0.010000,417821000,887,23392,1,0,flying,0.180786,0.000929,-1.525070,0.053021,-0.001157,-0.000603,0.000619,0.027558,0.044241,610.587219,600.743652,611.982117,602.095520
3,joystick_flight,2164593186,551,5.510000,0.010000,417845000,893,23431,1,0,flying,0.181302,0.000917,-1.525076,0.050332,-0.001215,-0.000554,0.000621,0.027287,0.044330,610.566101,600.731323,612.021545,602.143921
3,joystick_flight,2164593186,552,5.520000,0.010000,417868000,893,23473,1,0,flying,0.181792,0.000905,-1.525081,0.047671,-0.001272,-0.000505,0.000622,0.026993,0.044411,610.589478,600.766541,611.985168,602.122009
3,joystick_flight,2164593186,553,5.530000,0.010000,417892000,890,23355,1,0,flying,0.182256,0.000892,-1.525086,0.045040,-0.001328,-0.000458,0.000623,0.026675,0.044485,610.610779,600.804565,611.946045,602.102234
3,joystick_flight,2164593186,554,5.540000,0.010000,417915000,891,23347,1,0,flying,0.182693,0.000878,-1.525090,0.042441,-0.001383,-0.000412,0.000623,0.026334,0.044552,610.629944,600.845276,611.904297,602.084595
3,joystick_flight,2164593186,555,5.550000,0.010000,417938000,893,23289,1,0,flying,0.183105,0.000864,-1.525094,0.039876,-0.001436,-0.000370,0.000623,0.025971,0.044611,610.602417,600.845459,611.927612,602.136230
3,joystick_flight,2164593186,556,5.560000,0.010000,417962000,893,23417,1,0,flying,0.183491,0.000849,-1.525098,0.037349,-0.001488,-0.000329,0.000622,0.025585,0.044664,610.618713,600.892761,611.879395,602.121521
3,joystick_flight,2164593186,557,5.570000,0.010000,417985000,889,23487,1,0,flying,0.183852,0.000834,-1.525101,0.034860,-0.001538,-0.000289,0.000620,0.025179,0.044710,610.632935,600.942505,611.828735,602.108948
3,joystick_flight,2164593186,558,5.580000,0.010000,418009000,890,23400,1,0,flying,0.184188,0.000819,-1.525103,0.032411,-0.001587,-0.000250,0.000619,0.024752,0.044748,610.644897,600.994751,611.775635,602.098572
3,landing,2164593186,559,5.590000,0.010000,418032000,889,23591,1,0,landing,0.184502,0.000802,-1.525056,0.030251,-0.001629,0.009781,0.000616,0.024306,0.044779,579.090881,568.954773,580.326172,570.164978
3,landing,2164593186,560,5.600000,0.010000,418056000,893,23626,1,0,landing,0.184793,0.000786,-1.524908,0.028131,-0.001670,0.019812,0.000613,0.023840,0.044804,579.100342,569.016235,580.264038,570.157288
3,landing,2164593186,561,5.610000,0.010000,418080000,887,23389,1,0,landing,0.185064,0.000769,-1.524659,0.026053,-0.001709,0.029841,0.000610,0.023355,0.044821,579.107483,569.080139,580.199524,570.151917
3,landing,2164593186,562,5.620000,0.010000,418103000,892,23507,1,0,landing,0.185315,0.000752,-1.524311,0.024018,-0.001747,0.039870,0.000606,0.022853,0.044832,579.112305,569.146240,580.132812,570.148865
3,landing,2164593186,563,5.630000,0.010000,418127000,890,23424,1,0,landing,0.185545,0.000734,-1.523866,0.022010,-0.001783,0.049095,0.000602,0.022334,0.044836,581.660217,571.805542,582.698303,572.827148
3,landing,2164593186,564,5.640000,0.010000,418151000,887,23589,1,0,landing,0.185755,0.000716,-1.523329,0.020048,-0.001818,0.058319,0.000597,0.021799,0.044833,581.661499,571.876892,582.626465,572.827698
3,landing,2164593186,565,5.650000,0.010000,418174000,890,23370,1,0,landing,0.185946,0.000698,-1.522700,0.018135,-0.001851,0.067543,0.000592,0.021248,0.044823,581.660461,571.950317,582.552673,572.830566
3,landing,2164593186,566,5.660000,0.010000,418198000,891,23481,1,0,landing,0.186118,0.000679,-1.521978,0.016272,-0.001882,0.076765,0.000586,0.020683,0.044806,581.657043,572.025696,582.476868,572.835754
3,landing,2164593186,567,5.670000,0.010000,418221000,889,23612,1,0,landing,0.186271,0.000660,-1.521168,0.014444,-0.001912,0.085248,0.000580,0.020105,0.044783,583.982300,574.473816,584.812683,575.296082
3,landing,2164593186,568,5.680000,0.010000,418245000,891,23466,1,0,landing,0.186407,0.000641,-1.520273,0.012669,-0.001939,0.093730,0.000574,0.019513,0.044753,583.975281,574.553650,584.732544,575.304871
3,landing,2164593186,569,5.690000,0.010000,418268000,892,23284,1,0,landing,0.186525,0.000621,-1.519293,0.010947,-0.001965,0.102212,0.000567,0.018909,0.044717,583.965942,574.635315,584.650696,575.316040
3,landing,2164593186,570,5.700000,0.010000,418292000,890,23420,1,0,landing,0.186626,0.000602,-1.518229,0.009279,-0.001989,0.110692,0.000560,0.018295,0.044674,583.954224,574.718567,584.567200,575.329529
3,landing,2164593186,571,5.710000,0.010000,418315000,891,23532,1,0,landing,0.186711,0.000582,-1.517083,0.007655,-0.002012,0.118493,0.000552,0.017670,0.044625,586.076477,576.974365,586.693115,577.590820
3,landing,2164593186,572,5.720000,0.010000,418339000,889,23333,1,0,landing,0.186779,0.000561,-1.515859,0.006088,-0.002032,0.126292,0.000544,0.017035,0.044569,586.061096,577.061462,586.605957,577.607971
3,landing,2164593186,573,5.730000,0.010000,418362000,890,23558,1,0,landing,0.186833,0.000541,-1.514557,0.004579,-0.002051,0.134091,0.000536,0.016392,0.044507,586.043396,577.149902,586.517395,577.627441
3,landing,2164593186,574,5.740000,0.010000,418386000,888,23337,1,0,landing,0.186871,0.000520,-1.513177,0.003127,-0.002067,0.141889,0.000527,0.015742,0.044439,586.023376,577.239807,586.427490,577.649231
3,landing,2164593186,575,5.750000,0.010000,418409000,892,23319,1,0,landing,0.186895,0.000500,-1.511722,0.001726,-0.002082,0.149062,0.000518,0.015084,0.044365,587.960449,579.320251,588.361694,579.728699
3,landing,2164593186,576,5.760000,0.010000,418433000,895,23246,1,0,landing,0.186906,0.000479,-1.510196,0.000384,-0.002095,0.156234,0.000509,0.014421,0.044285,587.936707,579.413147,588.268860,579.754150
3,landing,2164593186,577,5.770000,0.010000,418456000,888,23272,1,0,landing,0.186903,0.000458,-1.508598,-0.000898,-0.002106,0.163405,0.000499,0.013752,0.044199,587.910706,579.507202,588.174866,579.781860
3,landing,2164593186,578,5.780000,0.010000,418479000,890,23391,1,0,landing,0.186888,0.000437,-1.506928,-0.002118,-0.002114,0.170576,0.000490,0.013080,0.044108,587.882446,579.602356,588.079834,579.811829
3,landing,2164593186,579,5.790000,0.010000,418503000,889,23351,1,0,landing,0.186861,0.000415,-1.505189,-0.003284,-0.002122,0.177172,0.000480,0.012404,0.044010,589.650513,581.522583,589.838928,581.724976
3,landing,2164593186,580,5.800000,0.010000,418526000,893,23115,1,0,landing,0.186823,0.000394,-1.503384,-0.004389,-0.002127,0.183767,0.000469,0.011725,0.043907,589.618591,581.620056,589.741638,581.758606
3,landing,2164593186,581,5.810000,0.010000,418549000,892,23126,1,0,landing,0.186773,0.000373,-1.501514,-0.005431,-0.002130,0.190361,0.000459,0.011045,0.043798,589.584351,581.718445,589.643494,581.794373
3,landing,2164593186,582,5.820000,0.010000,418573000,889,23140,1,0,landing,0.186714,0.000352,-1.499577,-0.006411,-0.002131,0.196955,0.000449,0.010364,0.043684,589.547974,581.817566,589.544556,581.832397
3,landing,2164593186,583,5.830000,0.010000,418596000,893,23297,1,0,landing,0.186645,0.000330,-1.497577,-0.007334,-0.002131,0.203021,0.000438,0.009683,0.043564,591.161926,583.591431,591.143921,583.593628
3,landing,2164593186,584,5.840000,0.010000,418619000,891,23347,1,0,landing,0.186568,0.000309,-1.495517,-0.008195,-0.002128,0.209086,0.000427,0.009003,0.043439,591.121887,583.692200,591.043396,583.635193
3,landing,2164593186,585,5.850000,0.010000,418643000,892,23315,1,0,landing,0.186482,0.000288,-1.493396,-0.008993,-0.002124,0.215150,0.000416,0.008324,0.043309,591.079773,583.793579,590.942322,583.678833
3,landing,2164593186,586,5.860000,0.010000,418666000,894,23547,1,0,landing,0.186388,0.000267,-1.491214,-0.009729,-0.002118,0.221214,0.000405,0.007649,0.043174,591.035461,583.895508,590.840759,583.724548
3,landing,2164593186,587,5.870000,0.010000,418690000,892,23624,1,0,landing,0.186287,0.000245,-1.488974,-0.010406,-0.002110,0.226792,0.000394,0.006976,0.043034,592.508728,585.535278,592.294373,585.346802
3,landing,2164593186,588,5.880000,0.010000,418714000,891,23418,1,0,landing,0.186180,0.000224,-1.486678,-0.011021,-0.002101,0.232370,0.000382,0.006307,0.042889,592.460876,585.638184,592.191833,585.395996
3,landing,2164593186,589,5.890000,0.010000,418737000,893,23521,1,0,landing,0.186067,0.000203,-1.484326,-0.011575,-0.002090,0.237947,0.000371,0.005643,0.042740,592.411072,585.741455,592.088989,585.447144
3,landing,2164593186,590,5.900000,0.010000,418761000,896,23451,1,0,landing,0.185949,0.000183,-1.481919,-0.012067,-0.002077,0.243524,0.000360,0.004985,0.042585,592.359253,585.844910,591.985901,585.500305
3,landing,2164593186,591,5.910000,0.010000,418784000,890,23675,1,0,landing,0.185826,0.000162,-1.479458,-0.012501,-0.002063,0.248655,0.000348,0.004333,0.042426,593.703979,587.361816,593.306824,586.995361
3,landing,2164593186,592,5.920000,0.010000,418808000,892,23574,1,0,landing,0.185699,0.000141,-1.476946,-0.012875,-0.002047,0.253785,0.000337,0.003687,0.042263,593.648743,587.465698,593.203369,587.051819
3,landing,2164593186,593,5.930000,0.010000,418832000,895,23499,1,0,landing,0.185569,0.000121,-1.474382,-0.013189,-0.002029,0.258915,0.000325,0.003050,0.042095,593.591614,587.569641,593.099854,587.110107
3,landing,2164593186,594,5.940000,0.010000,418855000,893,23569,1,0,landing,0.185435,0.000101,-1.471768,-0.013444,-0.002010,0.264045,0.000314,0.002421,0.041924,593.532654,587.673645,592.996338,587.170166
3,landing,2164593186,595,5.950000,0.010000,418879000,892,23517,1,0,landing,0.185300,0.000081,-1.469104,-0.013642,-0.001989,0.268764,0.000303,0.001801,0.041748,594.760071,589.077576,594.196411,588.548828
3,landing,2164593186,596,5.960000,0.010000,418903000,894,23512,1,0,landing,0.185163,0.000061,-1.466392,-0.013783,-0.001968,0.273483,0.000292,0.001191,0.041568,594.697815,589.181335,594.093079,588.612061
3,landing,2164593186,597,5.970000,0.010000,418926000,891,23173,1,0,landing,0.185024,0.000041,-1.463634,-0.013867,-0.001944,0.278203,0.000280,0.000591,0.041384,594.633911,589.285034,593.989929,588.677002
3,landing,2164593186,598,5.980000,0.010000,418949000,892,23337,1,0,landing,0.184886,0.000022,-1.460828,-0.013895,-0.001920,0.282922,0.000269,0.000002,0.041197,594.568237,589.388489,593.887024,588.743591
3,landing,2164593186,599,5.990000,0.010000,418973000,892,23428,1,0,landing,0.184747,0.000003,-1.457977,-0.013869,-0.001894,0.287263,0.000258,-0.000575,0.041006,595.688538,590.688416,594.977234,590.015625
3,landing,2164593186,600,6.000000,0.010000,418996000,892,23454,1,0,landing,0.184608,-0.000016,-1.455083,-0.013790,-0.001867,0.291605,0.000248,-0.001141,0.040812,595.619873,590.791138,594.875061,590.085083
3,landing,2164593186,601,6.010000,0.010000,419020000,893,23509,1,0,landing,0.184471,-0.000034,-1.452145,-0.013658,-0.001839,0.295946,0.000237,-0.001693,0.040614,595.549683,590.893555,594.773193,590.156128
3,landing,2164593186,602,6.020000,0.010000,419043000,892,23726,1,0,landing,0.184335,-0.000053,-1.449164,-0.013475,-0.001810,0.300288,0.000226,-0.002233,0.040413,595.477966,590.995544,594.671814,590.228577
3,landing,2164593186,603,6.030000,0.010000,419067000,892,23490,1,0,landing,0.184202,-0.000071,-1.446141,-0.013241,-0.001780,0.304283,0.000216,-0.002758,0.040209,596.500366,592.199524,595.662354,591.402832
3,landing,2164593186,604,6.040000,0.010000,419091000,896,23487,1,0,landing,0.184071,-0.000088,-1.443078,-0.012958,-0.001748,0.308277,0.000206,-0.003270,0.040001,596.425842,592.300354,595.562134,591.477966
3,landing,2164593186,605,6.050000,0.010000,419114000,891,23268,1,0,landing,0.183943,-0.000105,-1.439976,-0.012628,-0.001716,0.312272,0.000196,-0.003767,0.039792,596.350037,592.400574,595.462463,591.554382
3,landing,2164593186,606,6.060000,0.010000,419138000,894,23486,1,0,landing,0.183818,-0.000122,-1.436833,-0.012252,-0.001683,0.316267,0.000186,-0.004248,0.039579,596.272888,592.500244,595.363403,591.632080
3,landing,2164593186,607,6.070000,0.010000,419161000,891,23450,1,0,landing,0.183698,-0.000139,-1.433652,-0.011830,-0.001650,0.319943,0.000176,-0.004715,0.039363,597.205872,593.615601,596.263611,592.716736
3,landing,2164593186,608,6.080000,0.010000,419185000,888,23589,1,0,landing,0.183582,-0.000155,-1.430434,-0.011365,-0.001615,0.323619,0.000167,-0.005165,0.039146,597.126221,593.713623,596.166138,592.796814
3,landing,2164593186,609,6.090000,0.010000,419209000,891,23623,1,0,landing,0.183471,-0.000171,-1.427180,-0.010858,-0.001580,0.327295,0.000158,-0.005599,0.038926,597.045471,593.810974,596.069397,592.877930
3,landing,2164593186,610,6.100000,0.010000,419232000,893,23514,1,0,landing,0.183365,-0.000187,-1.423888,-0.010310,-0.001544,0.330971,0.000149,-0.006017,0.038703,596.963623,593.907532,595.973389,592.960083
3,landing,2164593186,611,6.110000,0.010000,419256000,891,23574,1,0,landing,0.183265,-0.000202,-1.420562,-0.009722,-0.001508,0.334353,0.000140,-0.006418,0.038479,597.814819,594.940613,596.791809,593.962463
3,landing,2164593186,612,6.120000,0.010000,419280000,892,23447,1,0,landing,0.183171,-0.000217,-1.417201,-0.009097,-0.001471,0.337736,0.000131,-0.006801,0.038252,597.730835,595.035217,596.697815,594.046692
3,landing,2164593186,613,6.130000,0.010000,419303000,890,23516,1,0,landing,0.183083,-0.000232,-1.413807,-0.008437,-0.001434,0.341119,0.000123,-0.007167,0.038024,597.645874,595.128967,596.604736,594.131775
3,landing,2164593186,614,6.140000,0.010000,419327000,893,23540,1,0,landing,0.183002,-0.000246,-1.410379,-0.007742,-0.001396,0.344502,0.000115,-0.007516,0.037794,597.560120,595.221802,596.512451,594.217651
3,landing,2164593186,615,6.150000,0.010000,419350000,891,23523,1,0,landing,0.182928,-0.000260,-1.406918,-0.007014,-0.001358,0.347615,0.000107,-0.007847,0.037562,598.336609,596.178467,597.256897,595.144409
3,landing,2164593186,616,6.160000,0.010000,419374000,892,23510,1,0,landing,0.182862,-0.000273,-1.403427,-0.006255,-0.001320,0.350728,0.000100,-0.008159,0.037329,598.249023,596.268982,597.166992,595.231934
3,landing,2164593186,617,6.170000,0.010000,419398000,891,23467,1,0,landing,0.182803,-0.000286,-1.399904,-0.005467,-0.001281,0.353841,0.000093,-0.008453,0.037095,598.160767,596.358521,597.078064,595.320129
3,landing,2164593186,618,6.180000,0.010000,419421000,891,23402,1,0,landing,0.182752,-0.000299,-1.396350,-0.004652,-0.001243,0.356954,0.000086,-0.008729,0.036859,598.071899,596.447083,596.990173,595.408936
3,landing,2164593186,619,6.190000,0.010000,419445000,897,23750,1,0,landing,0.182710,-0.000311,-1.392766,-0.003809,-0.001204,0.359819,0.000079,-0.008987,0.036622,598.780029,597.332642,597.667847,596.266052
3,landing,2164593186,620,6.200000,0.010000,419469000,892,23578,1,0,landing,0.182676,-0.000323,-1.389153,-0.002943,-0.001165,0.362684,0.000073,-0.009226,0.036385,598.689819,597.418579,597.582520,596.356140
3,landing,2164593186,621,6.210000,0.010000,419492000,893,23528,1,0,landing,0.182651,-0.000334,-1.385512,-0.002055,-0.001126,0.365549,0.000067,-0.009446,0.036146,598.599060,597.503418,597.498291,596.446533
3,landing,2164593186,622,6.220000,0.010000,419516000,890,23516,1,0,landing,0.182635,-0.000345,-1.381842,-0.001146,-0.001087,0.368414,0.000061,-0.009648,0.035907,598.507996,597.587158,597.415161,596.537354
3,landing,2164593186,623,6.230000,0.010000,419539000,892,23100,1,0,landing,0.182629,-0.000356,-1.378145,-0.000217,-0.001048,0.371051,0.000055,-0.009831,0.035667,599.153687,598.406311,598.032654,597.330322
3,landing,2164593186,624,6.240000,0.010000,419562000,892,23101,1,0,landing,0.182631,-0.000366,-1.374421,0.000728,-0.001010,0.373687,0.000050,-0.009995,0.035427,599.061584,598.487244,597.952332,597.421936
3,landing,2164593186,625,6.250000,0.010000,419585000,894,22936,1,0,landing,0.182643,-0.000376,-1.370671,0.001688,-0.000971,0.376323,0.000045,-0.010141,0.035186,598.969360,598.567017,597.873169,597.513794
3,landing,2164593186,626,6.260000,0.010000,419608000,890,23243,1,0,landing,0.182665,-0.000386,-1.366895,0.002661,-0.000933,0.378960,0.000040,-0.010268,0.034946,598.876892,598.645569,597.795227,597.605713
3,landing,2164593186,627,6.270000,0.010000,419632000,889,23042,1,0,landing,0.182696,-0.000395,-1.363093,0.003648,-0.000895,0.381386,0.000036,-0.010377,0.034705,599.465576,599.402588,598.358643,598.339417
3,landing,2164593186,628,6.280000,0.010000,419655000,889,23134,1,0,landing,0.182738,-0.000404,-1.359267,0.004644,-0.000857,0.383812,0.000032,-0.010467,0.034464,599.372620,599.478210,598.283691,598.431763
3,landing,2164593186,629,6.290000,0.010000,419678000,891,23082,1,0,landing,0.182789,-0.000412,-1.355417,0.005648,-0.000820,0.386238,0.000028,-0.010539,0.034223,599.279724,599.552551,598.209900,598.524048
3,landing,2164593186,630,6.300000,0.010000,419701000,887,23214,1,0,landing,0.182851,-0.000420,-1.351542,0.006658,-0.000783,0.388664,0.000024,-0.010592,0.033983,599.186890,599.625671,598.137390,598.616211
3,landing,2164593186,631,6.310000,0.010000,419724000,888,23006,1,0,landing,0.182923,-0.000428,-1.347645,0.007675,-0.000746,0.390896,0.000021,-0.010628,0.033743,599.723450,600.324463,598.652222,599.295105
3,landing,2164593186,632,6.320000,0.010000,419748000,888,23228,1,0,landing,0.183004,-0.000435,-1.343724,0.008694,-0.000710,0.393129,0.000018,-0.010647,0.033503,599.630554,600.394531,598.582825,599.387207
3,landing,2164593186,633,6.330000,0.010000,419771000,889,23321,1,0,landing,0.183096,-0.000442,-1.339782,0.009713,-0.000675,0.395361,0.000015,-0.010647,0.033264,599.537964,600.463257,598.514709,599.479065
3,landing,2164593186,634,6.340000,0.010000,419794000,888,23145,1,0,landing,0.183199,-0.000448,-1.335817,0.010733,-0.000640,0.397593,0.000012,-0.010630,0.033026,599.445679,600.530701,598.447815,599.570496
3,landing,2164593186,635,6.350000,0.010000,419817000,890,23072,1,0,landing,0.183311,-0.000455,-1.331831,0.011751,-0.000605,0.399646,0.000010,-0.010597,0.032789,599.934631,601.174866,598.919067,600.198669
3,landing,2164593186,636,6.360000,0.010000,419841000,890,23127,1,0,landing,0.183434,-0.000461,-1.327824,0.012766,-0.000571,0.401700,0.000008,-0.010546,0.032552,599.842773,601.239136,598.855469,600.289612
3,landing,2164593186,637,6.370000,0.010000,419864000,889,23160,1,0,landing,0.183566,-0.000466,-1.323797,0.013775,-0.000537,0.403753,0.000006,-0.010479,0.032317,599.751404,601.302063,598.793091,600.380066
3,landing,2164593186,638,6.380000,0.010000,419887000,891,23011,1,0,landing,0.183709,-0.000471,-1.319749,0.014777,-0.000505,0.405807,0.000005,-0.010396,0.032083,599.660583,601.363708,598.732056,600.469910
3,landing,2164593186,639,6.390000,0.010000,419910000,889,23201,1,0,landing,0.183862,-0.000476,-1.315682,0.015771,-0.000473,0.407696,0.000003,-0.010297,0.031850,600.106201,601.956604,599.164368,601.051025
3,landing,2164593186,640,6.400000,0.010000,419933000,890,23034,1,0,landing,0.184024,-0.000481,-1.311595,0.016756,-0.000441,0.409585,0.000002,-0.010182,0.031618,600.016235,602.015015,599.106567,601.139954
3,landing,2164593186,641,6.410000,0.010000,419956000,891,22926,1,0,landing,0.184197,-0.000485,-1.307490,0.017728,-0.000410,0.411473,0.000001,-0.010052,0.031388,599.927063,602.072083,599.050110,601.228088
3,landing,2164593186,642,6.420000,0.010000,419979000,891,23074,1,0,landing,0.184379,-0.000489,-1.303366,0.018688,-0.000380,0.413362,0.000000,-0.009908,0.031160,599.838623,602.127869,598.994934,601.315430
3,landing,2164593186,643,6.430000,0.010000,420003000,892,23140,1,0,landing,0.184571,-0.000493,-1.299224,0.019634,-0.000351,0.415099,-0.000000,-0.009749,0.030933,600.244812,602.672546,599.392456,601.852783
3,landing,2164593186,644,6.440000,0.010000,420026000,896,22955,1,0,landing,0.184772,-0.000496,-1.295064,0.020565,-0.000322,0.416837,-0.000001,-0.009576,0.030709,600.157715,602.725098,599.340515,601.938782
3,landing,2164593186,645,6.450000,0.010000,420049000,894,23282,1,0,landing,0.184982,-0.000499,-1.290887,0.021478,-0.000294,0.418574,-0.000001,-0.009389,0.030486,600.071533,602.776306,599.289917,602.023804
3,landing,2164593186,646,6.460000,0.010000,420072000,895,23201,1,0,landing,0.185201,-0.000502,-1.286692,0.022373,-0.000267,0.420311,-0.000001,-0.009190,0.030265,599.986389,602.826172,599.240662,602.107788
3,landing,2164593186,647,6.470000,0.010000,420096000,893,23033,1,0,landing,0.185429,-0.000504,-1.282481,0.023249,-0.000241,0.421908,-0.000001,-0.008978,0.030046,600.356812,603.325500,599.607117,602.604431
3,landing,2164593186,648,6.480000,0.010000,420119000,893,23057,1,0,landing,0.185666,-0.000507,-1.278254,0.024104,-0.000215,0.423506,-0.000000,-0.008753,0.029829,600.273376,603.372192,599.561035,602.686646
3,landing,2164593186,649,6.490000,0.010000,420142000,895,23164,1,0,landing,0.185911,-0.000509,-1.274011,0.024936,-0.000190,0.425103,0.000000,-0.008516,0.029615,600.191101,603.417542,599.516296,602.767639
3,landing,2164593186,650,6.500000,0.010000,420165000,894,23168,1,0,landing,0.186165,-0.000510,-1.269752,0.025746,-0.000167,0.426701,0.000001,-0.008269,0.029403,600.110046,603.461609,599.472839,602.847473
3,landing,2164593186,651,6.510000,0.010000,420188000,895,23040,1,0,landing,0.186426,-0.000512,-1.265478,0.026532,-0.000143,0.428170,0.000002,-0.008010,0.029194,600.448059,603.918335,599.811768,603.306152
3,landing,2164593186,652,6.520000,0.010000,420212000,892,23187,1,0,landing,0.186695,-0.000513,-1.261189,0.027292,-0.000121,0.429639,0.000003,-0.007741,0.028987,600.369141,603.959229,599.771423,603.383789
3,landing,2164593186,653,6.530000,0.010000,420235000,895,23194,1,0,landing,0.186972,-0.000514,-1.256885,0.028026,-0.000100,0.431108,0.000004,-0.007462,0.028782,600.291626,603.998840,599.732422,603.460022
3,landing,2164593186,654,6.540000,0.010000,420258000,890,23173,1,0,landing,0.187256,-0.000515,-1.252567,0.028733,-0.000079,0.432576,0.000005,-0.007174,0.028581,600.215454,604.037109,599.694702,603.534973
3,landing,2164593186,655,6.550000,0.010000,420281000,889,23221,1,0,landing,0.187546,-0.000516,-1.248234,0.029412,-0.000059,0.433927,0.000006,-0.006878,0.028382,600.524231,604.453918,600.009216,603.958191
3,landing,2164593186,656,6.560000,0.010000,420304000,889,23033,1,0,landing,0.187844,-0.000517,-1.243888,0.030063,-0.000040,0.435278,0.000008,-0.006572,0.028186,600.450623,604.489197,599.974548,604.030518
3,landing,2164593186,657,6.570000,0.010000,420328000,890,22994,1,0,landing,0.188148,-0.000517,-1.239529,0.030683,-0.000022,0.436628,0.000009,-0.006259,0.027993,600.378540,604.523132,599.941162,604.101318
3,landing,2164593186,658,6.580000,0.010000,420351000,890,22910,1,0,landing,0.188457,-0.000517,-1.235156,0.031273,-0.000004,0.437978,0.000011,-0.005939,0.027803,600.307983,604.555786,599.909058,604.170593
3,landing,2164593186,659,6.590000,0.010000,420374000,890,22975,1,0,landing,0.188773,-0.000517,-1.230770,0.031832,0.000012,0.439220,0.000012,-0.005612,0.027617,600.590454,604.934998,600.201782,604.560608
3,landing,2164593186,660,6.600000,0.010000,420397000,890,23049,1,0,landing,0.189094,-0.000517,-1.226371,0.032359,0.000028,0.440462,0.000014,-0.005279,0.027433,600.522827,604.964783,600.172607,604.627014
3,landing,2164593186,661,6.610000,0.010000,420420000,894,23105,1,0,landing,0.189420,-0.000516,-1.221960,0.032853,0.000043,0.441704,0.000016,-0.004940,0.027253,600.456848,604.993286,600.144714,604.691711
3,landing,2164593186,662,6.620000,0.010000,420443000,892,23012,1,0,landing,0.189751,-0.000516,-1.217537,0.033315,0.000057,0.442946,0.000018,-0.004596,0.027076,600.392578,605.020508,600.117981,604.754761
3,landing,2164593186,663,6.630000,0.010000,420466000,896,22962,1,0,landing,0.190086,-0.000515,-1.213102,0.033743,0.000071,0.444088,0.000020,-0.004248,0.026902,600.651550,605.364563,600.391602,605.113647
3,landing,2164593186,664,6.640000,0.010000,420489000,891,23310,1,0,landing,0.190426,-0.000514,-1.208655,0.034138,0.000083,0.445230,0.000022,-0.003896,0.026732,600.590515,605.389038,600.367676,605.173462
3,landing,2164593186,665,6.650000,0.010000,420512000,892,23247,1,0,landing,0.190769,-0.000514,-1.204197,0.034498,0.000095,0.446371,0.000024,-0.003540,0.026565,600.531311,605.412231,600.345032,605.231506
3,landing,2164593186,666,6.660000,0.010000,420536000,893,23263,1,0,landing,0.191115,-0.000513,-1.199728,0.034824,0.000106,0.447513,0.000026,-0.003181,0.026402,600.473877,605.434204,600.323608,605.287781
3,landing,2164593186,667,6.670000,0.010000,420559000,892,23237,1,0,landing,0.191465,-0.000511,-1.195247,0.035115,0.000117,0.448563,0.000028,-0.002819,0.026243,600.711914,605.745361,600.580200,605.617493
3,landing,2164593186,668,6.680000,0.010000,420582000,893,22844,1,0,landing,0.191818,-0.000510,-1.190757,0.035370,0.000126,0.449613,0.000031,-0.002456,0.026087,600.658020,605.764709,600.561401,605.670227
3,landing,2164593186,669,6.690000,0.010000,420605000,890,22988,1,0,landing,0.192173,-0.000509,-1.186255,0.035591,0.000135,0.450663,0.000033,-0.002092,0.025935,600.606018,605.782837,600.543762,605.721130
3,landing,2164593186,670,6.700000,0.010000,420628000,890,23042,1,0,landing,0.192529,-0.000508,-1.181743,0.035776,0.000143,0.451713,0.000035,-0.001726,0.025787,600.555908,605.799805,600.527344,605.770142
3,landing,2164593186,671,6.710000,0.010000,420651000,892,23086,1,0,landing,0.192888,-0.000506,-1.177221,0.035925,0.000150,0.452679,0.000038,-0.001360,0.025642,600.775391,606.080200,600.768921,606.072449
3,landing,2164593186,672,6.720000,0.010000,420675000,890,23147,1,0,landing,0.193248,-0.000505,-1.172690,0.036040,0.000157,0.453645,0.000040,-0.000995,0.025502,600.729065,606.094666,600.755005,606.117737
3,landing,2164593186,673,6.730000,0.010000,420698000,890,23099,1,0,landing,0.193609,-0.000503,-1.168148,0.036118,0.000163,0.454611,0.000042,-0.000630,0.025365,600.684753,606.107971,600.742188,606.161072
3,landing,2164593186,674,6.740000,0.010000,420721000,888,23059,1,0,landing,0.193970,-0.000501,-1.163598,0.036162,0.000168,0.455576,0.000045,-0.000266,0.025232,600.642395,606.120117,600.730530,606.202393
3,landing,2164593186,675,6.750000,0.010000,420744000,893,23071,1,0,landing,0.194332,-0.000500,-1.159037,0.036170,0.000173,0.456465,0.000047,0.000096,0.025103,600.845459,606.371826,600.958862,606.478943
3,landing,2164593186,676,6.760000,0.010000,420767000,891,23340,1,0,landing,0.194693,-0.000498,-1.154468,0.036143,0.000177,0.457353,0.000049,0.000455,0.024978,600.807068,606.381653,600.949524,606.516418
3,landing,2164593186,677,6.770000,0.010000,420791000,893,23253,1,0,landing,0.195054,-0.000496,-1.149890,0.036081,0.000180,0.458242,0.000051,0.000813,0.024858,600.770752,606.390320,600.941284,606.551880
3,landing,2164593186,678,6.780000,0.010000,420814000,893,23087,1,0,landing,0.195415,-0.000494,-1.145303,0.035985,0.000183,0.459130,0.000054,0.001167,0.024741,600.736450,606.397888,600.934204,606.585327
3,landing,2164593186,679,6.790000,0.010000,420837000,893,23287,1,0,landing,0.195774,-0.000492,-1.140708,0.035854,0.000185,0.459948,0.000056,0.001517,0.024629,600.925232,606.622986,601.150696,606.837524
3,landing,2164593186,680,6.800000,0.010000,420861000,892,23239,1,0,landing,0.196132,-0.000490,-1.136104,0.035690,0.000187,0.460765,0.000058,0.001863,0.024520,600.895020,606.628357,601.145752,606.866943
3,landing,2164593186,681,6.810000,0.010000,420884000,891,23025,1,0,landing,0.196488,-0.000489,-1.131493,0.035492,0.000188,0.461583,0.000061,0.002205,0.024416,600.866882,606.632690,601.141907,606.894348
3,landing,2164593186,682,6.820000,0.010000,420907000,890,23013,1,0,landing,0.196842,-0.000487,-1.126873,0.035261,0.000188,0.462401,0.000063,0.002543,0.024316,600.840820,606.635864,601.139099,606.919678
3,landing,2164593186,683,6.830000,0.010000,420930000,891,22974,1,0,landing,0.197193,-0.000485,-1.122245,0.034997,0.000188,0.463153,0.000065,0.002874,0.024220,601.017151,606.836243,601.345093,607.148987
3,landing,2164593186,684,6.840000,0.010000,420953000,892,22967,1,0,landing,0.197541,-0.000483,-1.117610,0.034702,0.000187,0.463905,0.000067,0.003200,0.024128,600.995239,606.837463,601.344299,607.170166
3,landing,2164593186,685,6.850000,0.010000,420976000,895,23007,1,0,landing,0.197887,-0.000481,-1.112967,0.034374,0.000186,0.464658,0.000069,0.003520,0.024041,600.975464,606.837585,601.344543,607.189392
3,landing,2164593186,686,6.860000,0.010000,420999000,892,23175,1,0,landing,0.198229,-0.000479,-1.108317,0.034017,0.000184,0.465411,0.000072,0.003834,0.023958,600.957764,606.836670,601.345825,607.206604
3,landing,2164593186,687,6.870000,0.010000,421022000,890,23143,1,0,landing,0.198567,-0.000477,-1.103659,0.033628,0.000182,0.466103,0.000074,0.004140,0.023879,601.123291,607.014221,601.542358,607.414185
3,landing,2164593186,688,6.880000,0.010000,421046000,894,23199,1,0,landing,0.198901,-0.000476,-1.098995,0.033210,0.000179,0.466796,0.000076,0.004440,0.023804,601.109802,607.011414,601.545471,607.427185
3,landing,2164593186,689,6.890000,0.010000,421069000,892,22992,1,0,landing,0.199231,-0.000474,-1.094323,0.032764,0.000176,0.467489,0.000078,0.004731,0.023734,601.098389,607.007629,601.549622,607.438171
3,landing,2164593186,690,6.900000,0.010000,421092000,891,23129,1,0,landing,0.199556,-0.000472,-1.089645,0.032289,0.000173,0.468182,0.000080,0.005015,0.023668,601.088989,607.002869,601.554749,607.447205
3,landing,2164593186,691,6.910000,0.010000,421115000,894,23183,1,0,landing,0.199877,-0.000470,-1.084960,0.031787,0.000169,0.468819,0.000082,0.005291,0.023606,601.245300,607.159241,601.742737,607.634338
3,landing,2164593186,692,6.920000,0.010000,421138000,892,23043,1,0,landing,0.200192,-0.000469,-1.080268,0.031258,0.000164,0.469457,0.000084,0.005558,0.023549,601.240173,607.152771,601.749512,607.639160
3,landing,2164593186,693,6.930000,0.010000,421162000,898,23388,1,0,landing,0.200502,-0.000467,-1.075571,0.030704,0.000159,0.470095,0.000085,0.005817,0.023496,601.237000,607.145264,601.757324,607.642029
3,landing,2164593186,694,6.940000,0.010000,421185000,897,23336,1,0,landing,0.200806,-0.000466,-1.070866,0.030125,0.000154,0.470733,0.000087,0.006066,0.023447,601.235901,607.136841,601.765991,607.642944
3,landing,2164593186,695,6.950000,0.010000,421209000,890,23216,1,0,landing,0.201104,-0.000464,-1.066156,0.029522,0.000149,0.471320,0.000089,0.006307,0.023402,601.384216,607.273743,601.946228,607.810669
3,landing,2164593186,696,6.960000,0.010000,421232000,891,23141,1,0,landing,0.201396,-0.000463,-1.061440,0.028896,0.000143,0.471908,0.000091,0.006537,0.023362,601.387329,607.263733,601.956482,607.807495
3,landing,2164593186,697,6.970000,0.010000,421255000,888,23040,1,0,landing,0.201682,-0.000461,-1.056718,0.028247,0.000137,0.472495,0.000092,0.006758,0.023325,601.392334,607.252747,601.967651,607.802368
3,landing,2164593186,698,6.980000,0.010000,421278000,888,22874,1,0,landing,0.201961,-0.000460,-1.051990,0.027578,0.000130,0.473083,0.000094,0.006969,0.023293,601.399231,607.240845,601.979797,607.795410
3,landing,2164593186,699,6.990000,0.010000,421301000,892,23054,1,0,landing,0.202234,-0.000459,-1.047257,0.026889,0.000123,0.473623,0.000095,0.007170,0.023266,601.540894,607.359985,602.152771,607.944763
3,landing,2164593186,700,7.000000,0.010000,421324000,892,23042,1,0,landing,0.202499,-0.000457,-1.042518,0.026180,0.000116,0.474164,0.000097,0.007361,0.023242,601.551880,607.346619,602.166321,607.933777
3,landing,2164593186,701,7.010000,0.010000,421347000,889,23023,1,0,landing,0.202757,-0.000456,-1.037773,0.025453,0.000109,0.474705,0.000098,0.007541,0.023223,601.564758,607.332336,602.180725,607.921021
3,landing,2164593186,702,7.020000,0.010000,421371000,893,23165,1,0,landing,0.203008,-0.000455,-1.033024,0.024709,0.000101,0.475247,0.000100,0.007710,0.023208,601.579468,607.317200,602.195984,607.906433
3,landing,2164593186,703,7.030000,0.010000,421394000,892,22930,1,0,landing,0.203251,-0.000454,-1.028269,0.023949,0.000093,0.475745,0.000101,0.007869,0.023197,601.715454,607.419983,602.362244,608.038452
3,landing,2164593186,704,7.040000,0.010000,421417000,890,22984,1,0,landing,0.203487,-0.000453,-1.023509,0.023174,0.000085,0.476243,0.000102,0.008017,0.023190,601.734131,607.403503,602.378845,608.020020
3,landing,2164593186,705,7.050000,0.010000,421440000,888,22959,1,0,landing,0.203715,-0.000453,-1.018744,0.022385,0.000077,0.476741,0.000103,0.008153,0.023187,601.754517,607.386169,602.396240,607.999817
3,landing,2164593186,706,7.060000,0.010000,421463000,893,23058,1,0,landing,0.203935,-0.000452,-1.013974,0.021584,0.000069,0.477239,0.000104,0.008279,0.023188,601.776672,607.368042,602.414551,607.977966
3,landing,2164593186,707,7.070000,0.010000,421486000,890,22959,1,0,landing,0.204146,-0.000451,-1.009199,0.020770,0.000060,0.477698,0.000106,0.008394,0.023194,601.907837,607.455872,602.574402,608.093567
3,landing,2164593186,708,7.080000,0.010000,421509000,893,22992,1,0,landing,0.204350,-0.000451,-1.004420,0.019945,0.000051,0.478157,0.000107,0.008497,0.023203,601.933716,607.436462,602.593872,608.068054
3,landing,2164593186,709,7.090000,0.010000,421532000,891,22964,1,0,landing,0.204545,-0.000450,-0.999636,0.019111,0.000042,0.478615,0.000107,0.008590,0.023216,601.961243,607.416260,602.614136,608.040894
3,landing,2164593186,710,7.100000,0.010000,421555000,891,23048,1,0,landing,0.204732,-0.000450,-0.994848,0.018269,0.000033,0.479074,0.000108,0.008671,0.023233,601.990356,607.395203,602.635193,608.012207
3,landing,2164593186,711,7.110000,0.010000,421578000,888,23024,1,0,landing,0.204911,-0.000449,-0.990055,0.017418,0.000024,0.479497,0.000109,0.008741,0.023254,602.117493,607.469543,602.788940,608.112305
3,landing,2164593186,712,7.120000,0.010000,421601000,889,23026,1,0,landing,0.205080,-0.000449,-0.985258,0.016562,0.000015,0.479919,0.000110,0.008799,0.023279,602.150085,607.447388,602.811157,608.080139
3,landing,2164593186,713,7.130000,0.010000,421624000,892,22986,1,0,landing,0.205242,-0.000449,-0.980456,0.015700,0.000005,0.480341,0.000111,0.008847,0.023308,602.184265,607.424438,602.834045,608.046509
3,landing,2164593186,714,7.140000,0.010000,421647000,892,23091,1,0,landing,0.205394,-0.000449,-0.975651,0.014835,-0.000004,0.480763,0.000111,0.008883,0.023341,602.219849,607.400696,602.857727,608.011475
3,landing,2164593186,715,7.150000,0.010000,421671000,893,23485,1,0,landing,0.205538,-0.000449,-0.970841,0.013966,-0.000013,0.481152,0.000112,0.008908,0.023377,602.343567,607.462830,603.005615,608.096985
3,landing,2164593186,716,7.160000,0.010000,421694000,893,23208,1,0,landing,0.205674,-0.000449,-0.966028,0.013095,-0.000023,0.481541,0.000112,0.008923,0.023417,602.382385,607.438049,603.030273,608.058777
3,landing,2164593186,717,7.170000,0.010000,421718000,892,23123,1,0,landing,0.205800,-0.000450,-0.961210,0.012223,-0.000032,0.481929,0.000113,0.008926,0.023460,602.422607,607.412598,603.055725,608.019165
3,landing,2164593186,718,7.180000,0.010000,421741000,892,23299,1,0,landing,0.205918,-0.000450,-0.956389,0.011351,-0.000042,0.482318,0.000113,0.008918,0.023508,602.464111,607.386353,603.081787,607.978333
3,landing,2164593186,719,7.190000,0.010000,421764000,893,23267,1,0,landing,0.206027,-0.000451,-0.951564,0.010481,-0.000051,0.482675,0.000113,0.008900,0.023558,602.584900,607.437439,603.223938,608.050110
3,landing,2164593186,720,7.200000,0.010000,421787000,892,23065,1,0,landing,0.206128,-0.000451,-0.946736,0.009612,-0.000060,0.483033,0.000113,0.008871,0.023613,602.629333,607.410278,603.251038,608.006348
3,landing,2164593186,721,7.210000,0.010000,421811000,887,23197,1,0,landing,0.206220,-0.000452,-0.941904,0.008747,-0.000070,0.483390,0.000114,0.008832,0.023670,602.674988,607.382385,603.278748,607.961426
3,landing,2164593186,722,7.220000,0.010000,421834000,895,23295,1,0,landing,0.206303,-0.000452,-0.937068,0.007887,-0.000079,0.483748,0.000114,0.008782,0.023731,602.721802,607.353882,603.307129,607.915405
3,landing,2164593186,723,7.230000,0.010000,421857000,894,23148,1,0,landing,0.206377,-0.000453,-0.932229,0.007031,-0.000088,0.484077,0.000114,0.008723,0.023796,602.840027,607.395081,603.443665,607.974365
3,landing,2164593186,724,7.240000,0.010000,421880000,895,23063,1,0,landing,0.206443,-0.000454,-0.927386,0.006182,-0.000097,0.484405,0.000114,0.008653,0.023863,602.889465,607.365662,603.472900,607.925720
3,landing,2164593186,725,7.250000,0.010000,421904000,894,23067,1,0,landing,0.206501,-0.000455,-0.922541,0.005340,-0.000106,0.484734,0.000113,0.008573,0.023934,602.939941,607.335571,603.502747,607.876038
3,landing,2164593186,726,7.260000,0.010000,421927000,894,23065,1,0,landing,0.206550,-0.000456,-0.917692,0.004506,-0.000115,0.485063,0.000113,0.008484,0.024008,602.991333,607.304871,603.533264,607.825439
3,landing,2164593186,727,7.270000,0.010000,421950000,893,23212,1,0,landing,0.206591,-0.000458,-0.912840,0.003681,-0.000124,0.485365,0.000113,0.008386,0.024085,603.107300,607.337219,603.664185,607.872437
3,landing,2164593186,728,7.280000,0.010000,421973000,891,23216,1,0,landing,0.206624,-0.000459,-0.907984,0.002867,-0.000133,0.485667,0.000113,0.008278,0.024165,603.161011,607.305725,603.695435,607.819519
3,landing,2164593186,729,7.290000,0.010000,421996000,890,23019,1,0,landing,0.206649,-0.000460,-0.903126,0.002063,-0.000141,0.485969,0.000112,0.008161,0.024248,603.215576,607.273621,603.727356,607.765808
3,landing,2164593186,730,7.300000,0.010000,422020000,893,23067,1,0,landing,0.206665,-0.000462,-0.898265,0.001271,-0.000150,0.486271,0.000112,0.008036,0.024334,603.270996,607.240906,603.759827,607.711304
3,landing,2164593186,731,7.310000,0.010000,422043000,895,23117,1,0,landing,0.206674,-0.000463,-0.893401,0.000492,-0.000158,0.486549,0.000111,0.007902,0.024423,603.384888,607.265503,603.885193,607.747253
3,landing,2164593186,732,7.320000,0.010000,422066000,892,23052,1,0,landing,0.206675,-0.000465,-0.888534,-0.000274,-0.000166,0.486826,0.000111,0.007760,0.024515,603.442139,607.232056,603.918396,607.690796
3,landing,2164593186,733,7.330000,0.010000,422089000,891,23050,1,0,landing,0.206669,-0.000467,-0.883664,-0.001026,-0.000173,0.487104,0.000110,0.007610,0.024609,603.500122,607.198059,603.952087,607.633667
3,landing,2164593186,734,7.340000,0.010000,422112000,892,22997,1,0,landing,0.206655,-0.000468,-0.878792,-0.001762,-0.000181,0.487381,0.000109,0.007452,0.024706,603.558777,607.163513,603.986389,607.575928
3,landing,2164593186,735,7.350000,0.010000,422135000,891,23204,1,0,landing,0.206633,-0.000470,-0.873917,-0.002483,-0.000188,0.487636,0.000108,0.007287,0.024806,603.670715,607.181335,604.106323,607.601807
3,landing,2164593186,736,7.360000,0.010000,422159000,895,23006,1,0,landing,0.206605,-0.000472,-0.869039,-0.003188,-0.000195,0.487891,0.000107,0.007115,0.024908,603.730835,607.146118,604.141235,607.542480
3,landing,2164593186,737,7.370000,0.010000,422182000,891,23044,1,0,landing,0.206570,-0.000474,-0.864159,-0.003875,-0.000202,0.488146,0.000106,0.006936,0.025012,603.791504,607.110413,604.176636,607.482666
3,landing,2164593186,738,7.380000,0.010000,422205000,891,23108,1,0,landing,0.206528,-0.000476,-0.859276,-0.004544,-0.000208,0.488401,0.000105,0.006750,0.025119,603.852661,607.074219,604.212524,607.422363
3,landing,2164593186,739,7.390000,0.010000,422228000,893,23080,1,0,landing,0.206479,-0.000478,-0.854391,-0.005195,-0.000214,0.488635,0.000104,0.006558,0.025228,603.962585,607.086060,604.327026,607.439026
3,landing,2164593186,740,7.400000,0.010000,422251000,894,23231,1,0,landing,0.206424,-0.000480,-0.849504,-0.005827,-0.000220,0.488869,0.000103,0.006361,0.025340,604.024902,607.049255,604.363525,607.377563
3,landing,2164593186,741,7.410000,0.010000,422275000,887,23262,1,0,landing,0.206362,-0.000483,-0.844614,-0.006440,-0.000226,0.489103,0.000102,0.006157,0.025453,604.087524,607.012024,604.400391,607.315735
3,landing,2164593186,742,7.420000,0.010000,422298000,889,23096,1,0,landing,0.206295,-0.000485,-0.839722,-0.007032,-0.000231,0.489336,0.000100,0.005949,0.025569,604.150452,606.974365,604.437805,607.253601
3,landing,2164593186,743,7.430000,0.010000,422321000,891,23226,1,0,landing,0.206222,-0.000487,-0.834827,-0.007604,-0.000236,0.489551,0.000099,0.005736,0.025687,604.258423,606.981140,604.546936,607.261963
3,landing,2164593186,744,7.440000,0.010000,422344000,892,23138,1,0,landing,0.206143,-0.000490,-0.829931,-0.008155,-0.000240,0.489766,0.000097,0.005517,0.025806,604.322144,606.942993,604.584778,607.199036
3,landing,2164593186,745,7.450000,0.010000,422367000,892,22972,1,0,landing,0.206059,-0.000492,-0.825032,-0.008684,-0.000245,0.489981,0.000096,0.005295,0.025928,604.385986,606.904358,604.623047,607.135986
3,landing,2164593186,746,7.460000,0.010000,422390000,890,22999,1,0,landing,0.205969,-0.000494,-0.820131,-0.009191,-0.000248,0.490195,0.000094,0.005068,0.026051,604.450012,606.865417,604.661682,607.072693
3,landing,2164593186,747,7.470000,0.010000,422414000,892,23152,1,0,landing,0.205875,-0.000497,-0.815228,-0.009676,-0.000252,0.490393,0.000092,0.004838,0.026176,604.555847,606.867859,604.765442,607.073669
3,landing,2164593186,748,7.480000,0.010000,422437000,892,23201,1,0,landing,0.205776,-0.000500,-0.810323,-0.010138,-0.000255,0.490590,0.000091,0.004605,0.026303,604.620300,606.828430,604.804565,607.009949
3,landing,2164593186,749,7.490000,0.010000,422460000,896,23294,1,0,landing,0.205672,-0.000502,-0.805416,-0.010577,-0.000258,0.490787,0.000089,0.004369,0.026431,604.684692,606.788696,604.843994,606.946228
3,landing,2164593186,750,7.500000,0.010000,422483000,892,22973,1,0,landing,0.205565,-0.000505,-0.800507,-0.010993,-0.000260,0.490984,0.000087,0.004130,0.026561,604.749084,606.748596,604.883728,606.882568
3,landing,2164593186,751,7.510000,0.010000,422506000,894,22967,1,0,landing,0.205453,-0.000507,-0.795597,-0.011386,-0.000262,0.491165,0.000085,0.003889,0.026692,604.852722,606.747559,604.982239,606.877075
3,landing,2164593186,752,7.520000,0.010000,422530000,896,23160,1,0,landing,0.205337,-0.000510,-0.790684,-0.011755,-0.000264,0.491346,0.000083,0.003645,0.026824,604.917175,606.707092,605.022339,606.813293
3,landing,2164593186,753,7.530000,0.010000,422553000,896,23058,1,0,landing,0.205218,-0.000513,-0.785770,-0.012099,-0.000265,0.491527,0.000081,0.003400,0.026958,604.981445,606.666382,605.062744,606.749634
3,landing,2164593186,754,7.540000,0.010000,422576000,894,22946,1,0,landing,0.205095,-0.000515,-0.780853,-0.012420,-0.000266,0.491708,0.000079,0.003154,0.027093,605.045532,606.625427,605.103394,606.686157
3,landing,2164593186,755,7.550000,0.010000,422599000,891,23154,1,0,landing,0.204969,-0.000518,-0.775936,-0.012717,-0.000267,0.491874,0.000077,0.002907,0.027229,605.146729,606.621460,605.196716,606.675110
3,landing,2164593186,756,7.560000,0.010000,422622000,890,23121,1,0,landing,0.204841,-0.000521,-0.771016,-0.012990,-0.000267,0.492040,0.000074,0.002659,0.027366,605.210510,606.580200,605.237671,606.611877
3,landing,2164593186,757,7.570000,0.010000,422645000,893,23079,1,0,landing,0.204710,-0.000523,-0.766095,-0.013238,-0.000266,0.492207,0.000072,0.002411,0.027504,605.273987,606.538757,605.278809,606.548889
3,landing,2164593186,758,7.580000,0.010000,422669000,894,23113,1,0,landing,0.204576,-0.000526,-0.761172,-0.013462,-0.000266,0.492373,0.000070,0.002163,0.027643,605.337158,606.497070,605.320190,606.486267
3,landing,2164593186,759,7.590000,0.010000,422692000,893,23107,1,0,landing,0.204440,-0.000529,-0.756247,-0.013662,-0.000264,0.492525,0.000067,0.001915,0.027782,605.435730,606.490845,605.408325,606.470581
3,landing,2164593186,760,7.600000,0.010000,422715000,890,22949,1,0,landing,0.204303,-0.000531,-0.751321,-0.013837,-0.000263,0.492678,0.000065,0.001668,0.027923,605.498230,606.448975,605.449890,606.408508
3,landing,2164593186,761,7.610000,0.010000,422738000,893,23092,1,0,landing,0.204164,-0.000534,-0.746394,-0.013989,-0.000261,0.492831,0.000063,0.001422,0.028064,605.560364,606.406982,605.491638,606.346802
3,landing,2164593186,762,7.620000,0.010000,422761000,894,23256,1,0,landing,0.204023,-0.000536,-0.741465,-0.014116,-0.000258,0.492983,0.000060,0.001177,0.028206,605.621948,606.364868,605.533447,606.285583
3,landing,2164593186,763,7.630000,0.010000,422784000,889,23189,1,0,landing,0.203881,-0.000539,-0.736534,-0.014219,-0.000255,0.493124,0.000057,0.000933,0.028348,605.717590,606.356934,605.616577,606.266113
3,landing,2164593186,764,7.640000,0.010000,422808000,891,23024,1,0,landing,0.203739,-0.000541,-0.731602,-0.014299,-0.000252,0.493264,0.000055,0.000692,0.028490,605.778259,606.314758,605.658508,606.205811
3,landing,2164593186,765,7.650000,0.010000,422831000,893,23076,1,0,landing,0.203596,-0.000544,-0.726669,-0.014355,-0.000249,0.493404,0.000052,0.000453,0.028633,605.838379,606.272461,605.700562,606.145996
3,landing,2164593186,766,7.660000,0.010000,422854000,893,23222,1,0,landing,0.203452,-0.000546,-0.721734,-0.014388,-0.000245,0.493545,0.000050,0.000216,0.028777,605.897949,606.230103,605.742615,606.086731
3,landing,2164593186,767,7.670000,0.010000,422877000,892,23218,1,0,landing,0.203308,-0.000549,-0.716798,-0.014398,-0.000240,0.493674,0.000047,-0.000018,0.028920,605.990295,606.220947,605.820801,606.064331
3,landing,2164593186,768,7.680000,0.010000,422901000,890,23093,1,0,landing,0.203164,-0.000551,-0.711861,-0.014385,-0.000235,0.493803,0.000044,-0.000250,0.029064,606.048645,606.178589,605.862915,606.006226
3,landing,2164593186,769,7.690000,0.010000,422924000,894,23204,1,0,landing,0.203020,-0.000554,-0.706922,-0.014349,-0.000230,0.493932,0.000041,-0.000478,0.029207,606.106323,606.136292,605.905029,605.948792
3,landing,2164593186,770,7.700000,0.010000,422947000,893,23162,1,0,landing,0.202877,-0.000556,-0.701982,-0.014292,-0.000224,0.494061,0.000039,-0.000702,0.029351,606.163269,606.093994,605.947083,605.892029
3,landing,2164593186,771,7.710000,0.010000,422970000,890,22977,1,0,landing,0.202735,-0.000558,-0.697041,-0.014212,-0.000218,0.494180,0.000036,-0.000923,0.029495,606.252136,606.084106,606.020447,605.867615
3,landing,2164593186,772,7.720000,0.010000,422993000,893,22925,1,0,landing,0.202593,-0.000560,-0.692098,-0.014111,-0.000212,0.494299,0.000033,-0.001139,0.029638,606.307617,606.041931,606.062439,605.812256
3,landing,2164593186,773,7.730000,0.010000,423016000,892,22882,1,0,landing,0.202452,-0.000562,-0.687155,-0.013990,-0.000205,0.494418,0.000030,-0.001352,0.029781,606.362366,605.999817,606.104309,605.757629
3,landing,2164593186,774,7.740000,0.010000,423039000,892,23068,1,0,landing,0.202313,-0.000564,-0.682210,-0.013847,-0.000198,0.494537,0.000028,-0.001559,0.029924,606.416260,605.957825,606.146179,605.703796
3,landing,2164593186,775,7.750000,0.010000,423063000,890,23430,1,0,landing,0.202175,-0.000566,-0.677264,-0.013684,-0.000191,0.494646,0.000025,-0.001763,0.030067,606.501343,605.947510,606.214722,605.678040
3,landing,2164593186,776,7.760000,0.010000,423086000,890,23105,1,0,landing,0.202040,-0.000568,-0.672317,-0.013502,-0.000183,0.494755,0.000022,-0.001961,0.030209,606.553528,605.905762,606.256348,605.625854
3,landing,2164593186,777,7.770000,0.010000,423109000,891,23100,1,0,landing,0.201905,-0.000570,-0.667369,-0.013301,-0.000175,0.494865,0.000019,-0.002154,0.030350,606.604919,605.864136,606.297852,605.574463
3,landing,2164593186,778,7.780000,0.010000,423132000,890,23156,1,0,landing,0.201774,-0.000572,-0.662420,-0.013081,-0.000166,0.494974,0.000016,-0.002342,0.030491,606.655457,605.822754,606.339172,605.523987
3,landing,2164593186,779,7.790000,0.010000,423156000,890,23039,1,0,landing,0.201644,-0.000573,-0.657470,-0.012843,-0.000158,0.495075,0.000013,-0.002524,0.030632,606.736328,605.812439,606.403076,605.497620
3,landing,2164593186,780,7.800000,0.010000,423179000,891,23255,1,0,landing,0.201517,-0.000575,-0.652518,-0.012587,-0.000149,0.495176,0.000011,-0.002700,0.030772,606.784973,605.771362,606.444092,605.448975
3,landing,2164593186,781,7.810000,0.010000,423202000,889,23046,1,0,landing,0.201392,-0.000576,-0.647566,-0.012314,-0.000139,0.495277,0.000008,-0.002871,0.030911,606.832642,605.730530,606.484863,605.401245
3,landing,2164593186,782,7.820000,0.010000,423225000,896,23154,1,0,landing,0.201271,-0.000578,-0.642613,-0.012025,-0.000130,0.495378,0.000005,-0.003036,0.031049,606.879333,605.689941,606.525330,605.354431
3,landing,2164593186,783,7.830000,0.010000,423248000,892,22988,1,0,landing,0.201152,-0.000579,-0.637659,-0.011720,-0.000120,0.495471,0.000002,-0.003194,0.031186,606.955872,605.679932,606.584778,605.328186
3,landing,2164593186,784,7.840000,0.010000,423272000,892,23148,1,0,landing,0.201036,-0.000580,-0.632703,-0.011399,-0.000110,0.495564,-0.000000,-0.003347,0.031322,607.000549,605.639832,606.624878,605.283386
3,landing,2164593186,785,7.850000,0.010000,423295000,891,23553,1,0,landing,0.200924,-0.000581,-0.627747,-0.011064,-0.000099,0.495657,-0.000003,-0.003492,0.031457,607.044250,605.600037,606.664612,605.239502
3,landing,2164593186,786,7.860000,0.010000,423318000,891,23071,1,0,landing,0.200815,-0.000582,-0.622790,-0.010715,-0.000089,0.495750,-0.000006,-0.003632,0.031592,607.086914,605.560547,606.704041,605.196655
3,landing,2164593186,787,7.870000,0.010000,423342000,892,23203,1,0,landing,0.200710,-0.000583,-0.617833,-0.010353,-0.000078,0.495800,-0.000008,-0.003764,0.031725,607.267822,605.660583,606.868225,605.280701
3,landing,2164593186,788,7.880000,0.010000,423365000,891,23030,1,0,landing,0.200608,-0.000584,-0.612874,-0.009978,-0.000067,0.495851,-0.000011,-0.003890,0.031857,607.308350,605.621704,606.907104,605.239990
3,landing,2164593186,789,7.890000,0.010000,423388000,890,22892,1,0,landing,0.200510,-0.000584,-0.607916,-0.009591,-0.000056,0.495901,-0.000014,-0.004009,0.031987,607.347778,605.583252,606.945618,605.200317
3,landing,2164593186,790,7.900000,0.010000,423411000,888,22943,1,0,landing,0.200416,-0.000585,-0.602956,-0.009193,-0.000045,0.495951,-0.000016,-0.004121,0.032117,607.386230,605.545166,606.983704,605.161621
3,landing,2164593186,791,7.910000,0.010000,423434000,892,23156,1,0,landing,0.200326,-0.000585,-0.597998,-0.008782,-0.000033,0.495681,-0.000019,-0.004226,0.032245,608.423096,606.509705,608.004944,606.111206
3,landing,2164593186,792,7.920000,0.010000,423457000,893,23174,1,0,landing,0.200241,-0.000585,-0.593043,-0.008362,-0.000021,0.495410,-0.000021,-0.004324,0.032371,608.459106,606.472412,608.042297,606.074829
3,landing,2164593186,793,7.930000,0.010000,423481000,892,23076,1,0,landing,0.200159,-0.000585,-0.588090,-0.007932,-0.000010,0.495139,-0.000023,-0.004415,0.032496,608.494141,606.435608,608.079163,606.039551
3,landing,2164593186,794,7.940000,0.010000,423504000,890,23041,1,0,landing,0.200082,-0.000586,-0.583140,-0.007494,0.000002,0.494868,-0.000026,-0.004499,0.032620,608.528076,606.399231,608.115601,606.005310
3,landing,2164593186,795,7.950000,0.010000,423527000,890,22904,1,0,landing,0.200009,-0.000585,-0.578194,-0.007047,0.000014,0.494302,-0.000028,-0.004575,0.032742,609.479553,607.284851,609.052368,606.876770
3,landing,2164593186,796,7.960000,0.010000,423550000,891,23027,1,0,landing,0.199941,-0.000585,-0.573254,-0.006592,0.000026,0.493736,-0.000030,-0.004645,0.032862,609.511108,607.249390,609.087891,606.844849
3,landing,2164593186,797,7.970000,0.010000,423573000,895,23145,1,0,landing,0.199877,-0.000585,-0.568319,-0.006131,0.000038,0.493170,-0.000032,-0.004707,0.032981,609.541565,607.214539,609.122864,606.814026
3,landing,2164593186,798,7.980000,0.010000,423596000,890,23133,1,0,landing,0.199818,-0.000584,-0.563390,-0.005664,0.000050,0.492604,-0.000034,-0.004762,0.033098,609.570923,607.180176,609.157288,606.784302
3,landing,2164593186,799,7.990000,0.010000,423619000,893,23088,1,0,landing,0.199764,-0.000584,-0.558469,-0.005191,0.000063,0.491767,-0.000036,-0.004810,0.033213,610.441162,607.991211,610.013977,607.582275
3,landing,2164593186,800,8.000000,0.010000,423642000,891,23061,1,0,landing,0.199715,-0.000583,-0.553555,-0.004713,0.000075,0.490931,-0.000038,-0.004850,0.033327,610.468079,607.957886,610.047424,607.554932
3,landing,2164593186,801,8.010000,0.010000,423666000,889,23176,1,0,landing,0.199670,-0.000582,-0.548650,-0.004232,0.000087,0.490094,-0.000040,-0.004883,0.033438,610.493958,607.925232,610.080322,607.528687
3,landing,2164593186,802,8.020000,0.010000,423689000,892,23101,1,0,landing,0.199630,-0.000581,-0.543753,-0.003748,0.000099,0.489257,-0.000042,-0.004910,0.033548,610.518738,607.893127,610.112549,607.503479
3,landing,2164593186,803,8.030000,0.010000,423712000,894,22960,1,0,landing,0.199595,-0.000580,-0.538866,-0.003260,0.000111,0.488173,-0.000044,-0.004929,0.033656,611.311584,608.633728,610.893250,608.232300
3,landing,2164593186,804,8.040000,0.010000,423735000,892,22944,1,0,landing,0.199565,-0.000579,-0.533990,-0.002771,0.000123,0.487090,-0.000045,-0.004941,0.033761,611.333984,608.602783,610.924377,608.209534
3,landing,2164593186,805,8.050000,0.010000,423758000,888,23021,1,0,landing,0.199540,-0.000578,-0.529124,-0.002281,0.000135,0.486006,-0.000047,-0.004946,0.033865,611.355225,608.572510,610.954834,608.187805
3,landing,2164593186,806,8.060000,0.010000,423781000,892,22910,1,0,landing,0.199519,-0.000577,-0.524270,-0.001791,0.000147,0.484922,-0.000048,-0.004944,0.033967,611.375427,608.542908,610.984619,608.167175
3,landing,2164593186,807,8.070000,0.010000,423804000,892,22919,1,0,landing,0.199504,-0.000575,-0.519427,-0.001300,0.000159,0.483613,-0.000050,-0.004936,0.034067,612.094727,609.217041,611.693359,608.830994
3,landing,2164593186,808,8.080000,0.010000,423827000,893,22949,1,0,landing,0.199493,-0.000573,-0.514597,-0.000810,0.000171,0.482304,-0.000051,-0.004920,0.034164,612.112549,609.188721,611.721924,608.812744
3,landing,2164593186,809,8.090000,0.010000,423850000,891,23198,1,0,landing,0.199488,-0.000572,-0.509781,-0.000322,0.000182,0.480995,-0.000052,-0.004898,0.034259,612.129333,609.161072,611.749756,608.795593
3,landing,2164593186,810,8.100000,0.010000,423873000,892,23200,1,0,landing,0.199487,-0.000570,-0.504977,0.000163,0.000194,0.479686,-0.000053,-0.004870,0.034353,612.145020,609.134216,611.776855,608.779480
3,landing,2164593186,811,8.110000,0.010000,423897000,893,23248,1,0,landing,0.199491,-0.000568,-0.500188,0.000646,0.000205,0.478173,-0.000054,-0.004835,0.034444,612.794434,609.745667,612.417480,609.382263
3,landing,2164593186,812,8.120000,0.010000,423920000,893,23017,1,0,landing,0.199500,-0.000566,-0.495414,0.001125,0.000216,0.476660,-0.000055,-0.004793,0.034532,612.807800,609.720154,612.443298,609.368469
3,landing,2164593186,813,8.130000,0.010000,423943000,894,22918,1,0,landing,0.199513,-0.000563,-0.490655,0.001600,0.000227,0.475147,-0.000056,-0.004746,0.034619,612.820068,609.695435,612.468262,609.355713
3,landing,2164593186,814,8.140000,0.010000,423966000,892,23191,1,0,landing,0.199532,-0.000561,-0.485911,0.002070,0.000238,0.473634,-0.000057,-0.004692,0.034703,612.831360,609.671509,612.492432,609.344055
3,landing,2164593186,815,8.150000,0.010000,423989000,893,23167,1,0,landing,0.199555,-0.000559,-0.481183,0.002535,0.000248,0.471937,-0.000058,-0.004633,0.034785,613.414551,610.223877,613.068787,609.889587
3,landing,2164593186,816,8.160000,0.010000,424013000,892,23273,1,0,landing,0.199582,-0.000556,-0.476472,0.002994,0.000258,0.470240,-0.000058,-0.004567,0.034864,613.423523,610.201355,613.091553,609.880188
3,landing,2164593186,817,8.170000,0.010000,424036000,890,22978,1,0,landing,0.199614,-0.000553,-0.471778,0.003446,0.000268,0.468543,-0.000059,-0.004496,0.034941,613.431519,610.179688,613.113464,609.871704
3,landing,2164593186,818,8.180000,0.010000,424059000,894,23329,1,0,landing,0.199651,-0.000551,-0.467101,0.003891,0.000278,0.466846,-0.000059,-0.004420,0.035016,613.438538,610.158875,613.134521,609.864319
3,landing,2164593186,819,8.190000,0.010000,424082000,892,23070,1,0,landing,0.199692,-0.000548,-0.462442,0.004328,0.000287,0.464984,-0.000060,-0.004338,0.035088,613.958862,610.655701,613.650024,610.356201
3,landing,2164593186,820,8.200000,0.010000,424105000,895,23134,1,0,landing,0.199738,-0.000545,-0.457802,0.004758,0.000296,0.463121,-0.000060,-0.004252,0.035158,613.963684,610.636353,613.669617,610.350952
3,landing,2164593186,821,8.210000,0.010000,424129000,890,23284,1,0,landing,0.199787,-0.000542,-0.453180,0.005178,0.000305,0.461259,-0.000060,-0.004160,0.035225,613.967590,610.617981,613.688354,610.346680
3,landing,2164593186,822,8.220000,0.010000,424152000,893,23368,1,0,landing,0.199841,-0.000539,-0.448577,0.005589,0.000314,0.459396,-0.000060,-0.004063,0.035290,613.970459,610.600464,613.706177,610.343384
3,landing,2164593186,823,8.230000,0.010000,424176000,895,23236,1,0,landing,0.199899,-0.000536,-0.443993,0.005990,0.000322,0.457387,-0.000060,-0.003962,0.035353,614.431396,611.044983,614.164307,610.784973
3,landing,2164593186,824,8.240000,0.010000,424199000,894,22997,1,0,landing,0.199961,-0.000532,-0.439429,0.006382,0.000330,0.455377,-0.000060,-0.003856,0.035413,614.432251,611.029053,614.180542,610.783752
3,landing,2164593186,825,8.250000,0.010000,424222000,893,23272,1,0,landing,0.200027,-0.000529,-0.434885,0.006762,0.000337,0.453367,-0.000060,-0.003746,0.035470,614.432190,611.014038,614.195862,610.783447
3,landing,2164593186,826,8.260000,0.010000,424245000,894,23301,1,0,landing,0.200096,-0.000526,-0.430362,0.007131,0.000344,0.451357,-0.000060,-0.003632,0.035525,614.431213,610.999939,614.210266,610.784058
3,landing,2164593186,827,8.270000,0.010000,424269000,891,23426,1,0,landing,0.200169,-0.000522,-0.425859,0.007489,0.000351,0.449216,-0.000059,-0.003514,0.035578,614.835999,611.395447,614.614319,611.178589
3,landing,2164593186,828,8.280000,0.010000,424292000,893,23174,1,0,landing,0.200246,-0.000519,-0.421377,0.007835,0.000357,0.447075,-0.000059,-0.003393,0.035628,614.833069,611.382996,614.627075,611.181152
3,landing,2164593186,829,8.290000,0.010000,424315000,888,23334,1,0,landing,0.200326,-0.000515,-0.416917,0.008169,0.000363,0.444934,-0.000058,-0.003268,0.035675,614.829285,611.371460,614.638916,611.184570
3,landing,2164593186,830,8.300000,0.010000,424339000,889,23516,1,0,landing,0.200409,-0.000511,-0.412479,0.008490,0.000369,0.442794,-0.000058,-0.003139,0.035720,614.824646,611.360901,614.649780,611.188904
3,landing,2164593186,831,8.310000,0.010000,424363000,894,23668,1,0,landing,0.200496,-0.000508,-0.408062,0.008798,0.000374,0.440538,-0.000057,-0.003008,0.035762,615.176514,611.710388,615.002930,611.539368
3,landing,2164593186,832,8.320000,0.010000,424386000,889,23189,1,0,landing,0.200585,-0.000504,-0.403668,0.009094,0.000379,0.438282,-0.000056,-0.002874,0.035802,615.170044,611.701538,615.012085,611.545532
3,landing,2164593186,833,8.330000,0.010000,424410000,893,23358,1,0,landing,0.200678,-0.000500,-0.399296,0.009375,0.000384,0.436026,-0.000056,-0.002737,0.035839,615.162781,611.693604,615.020325,611.552490
3,landing,2164593186,834,8.340000,0.010000,424433000,889,23390,1,0,landing,0.200773,-0.000496,-0.394947,0.009643,0.000388,0.433770,-0.000055,-0.002598,0.035873,615.154724,611.686646,615.027649,611.560242
3,landing,2164593186,835,8.350000,0.010000,424456000,893,23321,1,0,landing,0.200870,-0.000492,-0.390621,0.009896,0.000391,0.431414,-0.000054,-0.002456,0.035905,615.456726,611.993042,615.332825,611.869446
3,landing,2164593186,836,8.360000,0.010000,424480000,890,23422,1,0,landing,0.200971,-0.000488,-0.386319,0.010136,0.000395,0.429058,-0.000053,-0.002313,0.035935,615.447021,611.987854,615.338318,611.878906
3,landing,2164593186,837,8.370000,0.010000,424503000,893,23333,1,0,landing,0.201073,-0.000484,-0.382040,0.010361,0.000398,0.426702,-0.000052,-0.002168,0.035962,615.436523,611.983521,615.342957,611.889160
3,landing,2164593186,838,8.380000,0.010000,424527000,895,23107,1,0,landing,0.201178,-0.000480,-0.377785,0.010571,0.000400,0.424346,-0.000050,-0.002021,0.035986,615.425293,611.980225,615.346558,611.900085
3,landing,2164593186,839,8.390000,0.010000,424550000,890,23093,1,0,landing,0.201284,-0.000476,-0.373554,0.010767,0.000402,0.421904,-0.000049,-0.001873,0.036008,615.680542,612.246399,615.606812,612.170837
3,landing,2164593186,840,8.400000,0.010000,424573000,890,23099,1,0,landing,0.201393,-0.000472,-0.369347,0.010948,0.000404,0.419462,-0.000048,-0.001723,0.036028,615.667847,612.244873,615.608643,612.183350
3,landing,2164593186,841,8.410000,0.010000,424596000,890,23337,1,0,landing,0.201503,-0.000468,-0.365164,0.011114,0.000405,0.417020,-0.000047,-0.001573,0.036044,615.654419,612.244202,615.609558,612.196594
3,landing,2164593186,842,8.420000,0.010000,424620000,891,23597,1,0,landing,0.201615,-0.000464,-0.361006,0.011264,0.000406,0.414578,-0.000045,-0.001422,0.036059,615.640320,612.244507,615.609558,612.210449
3,landing,2164593186,843,8.430000,0.010000,424643000,894,23304,1,0,landing,0.201729,-0.000460,-0.356873,0.011400,0.000406,0.412062,-0.000044,-0.001271,0.036070,615.851685,612.473145,615.827515,612.445190
3,landing,2164593186,844,8.440000,0.010000,424667000,895,23475,1,0,landing,0.201843,-0.000456,-0.352765,0.011520,0.000406,0.409547,-0.000042,-0.001119,0.036080,615.836243,612.475220,615.825684,612.460449
3,landing,2164593186,845,8.450000,0.010000,424690000,889,23293,1,0,landing,0.201959,-0.000452,-0.348682,0.011625,0.000406,0.407031,-0.000041,-0.000967,0.036087,615.820129,612.478210,615.822937,612.476379
3,landing,2164593186,846,8.460000,0.010000,424714000,894,23471,1,0,landing,0.202076,-0.000448,-0.344625,0.011715,0.000405,0.404516,-0.000039,-0.000815,0.036091,615.803406,612.482178,615.819275,612.492920
3,landing,2164593186,847,8.470000,0.010000,424738000,889,23671,1,0,landing,0.202193,-0.000444,-0.340592,0.011789,0.000404,0.401940,-0.000038,-0.000663,0.036093,615.973816,612.675720,615.997681,612.694031
3,landing,2164593186,848,8.480000,0.010000,424761000,889,23380,1,0,landing,0.202311,-0.000440,-0.336586,0.011848,0.000402,0.399363,-0.000036,-0.000512,0.036093,615.955933,612.681458,615.992249,612.711792
3,landing,2164593186,849,8.490000,0.010000,424785000,891,23774,1,0,landing,0.202430,-0.000436,-0.332605,0.011892,0.000400,0.396787,-0.000035,-0.000362,0.036090,615.937439,612.688049,615.985840,612.730103
3,landing,2164593186,850,8.500000,0.010000,424809000,893,23494,1,0,landing,0.202549,-0.000432,-0.328650,0.011921,0.000398,0.394211,-0.000033,-0.000213,0.036085,615.918457,612.695557,615.978577,612.749023
3,landing,2164593186,851,8.510000,0.010000,424832000,891,23457,1,0,landing,0.202668,-0.000428,-0.324721,0.011935,0.000395,0.391585,-0.000031,-0.000064,0.036077,616.050598,612.856506,616.120056,612.918701
3,landing,2164593186,852,8.520000,0.010000,424856000,894,23664,1,0,landing,0.202788,-0.000424,-0.320818,0.011935,0.000392,0.388959,-0.000030,0.000083,0.036067,616.030518,612.865723,616.111023,612.938721
3,landing,2164593186,853,8.530000,0.010000,424879000,892,23505,1,0,landing,0.202907,-0.000420,-0.316942,0.011919,0.000388,0.386333,-0.000028,0.000228,0.036055,616.010010,612.875854,616.101135,612.959167
3,landing,2164593186,854,8.540000,0.010000,424903000,891,23276,1,0,landing,0.203026,-0.000416,-0.313092,0.011889,0.000385,0.383707,-0.000026,0.000372,0.036040,615.988953,612.886841,616.090393,612.980164
3,landing,2164593186,855,8.550000,0.010000,424926000,891,23276,1,0,landing,0.203145,-0.000413,-0.309268,0.011844,0.000380,0.381043,-0.000024,0.000515,0.036023,616.085571,613.017456,616.197266,613.120544
3,landing,2164593186,856,8.560000,0.010000,424950000,892,23338,1,0,landing,0.203263,-0.000409,-0.305471,0.011786,0.000376,0.378378,-0.000023,0.000655,0.036004,616.063660,613.030151,616.184814,613.142456
3,landing,2164593186,857,8.570000,0.010000,424973000,893,23453,1,0,landing,0.203381,-0.000405,-0.301700,0.011713,0.000371,0.375713,-0.000021,0.000793,0.035983,616.041260,613.043640,616.171509,613.164795
3,landing,2164593186,858,8.580000,0.010000,424996000,891,23280,1,0,landing,0.203497,-0.000401,-0.297957,0.011626,0.000366,0.373049,-0.000019,0.000929,0.035959,616.018494,613.057983,616.157349,613.187561
3,landing,2164593186,859,8.590000,0.010000,425020000,892,23427,1,0,landing,0.203613,-0.000398,-0.294240,0.011526,0.000361,0.370355,-0.000017,0.001062,0.035933,616.082153,613.160461,616.232056,613.300659
3,landing,2164593186,860,8.600000,0.010000,425043000,894,23555,1,0,landing,0.203728,-0.000394,-0.290549,0.011412,0.000355,0.367662,-0.000015,0.001193,0.035906,616.058594,613.176453,616.216309,613.324158
3,landing,2164593186,861,8.610000,0.010000,425067000,892,23527,1,0,landing,0.203841,-0.000391,-0.286886,0.011286,0.000349,0.364968,-0.000014,0.001320,0.035876,616.034729,613.193176,616.199768,613.348083
3,landing,2164593186,862,8.620000,0.010000,425091000,889,23681,1,0,landing,0.203953,-0.000387,-0.283250,0.011147,0.000343,0.362274,-0.000012,0.001445,0.035844,616.010498,613.210632,616.182373,613.372314
3,landing,2164593186,863,8.630000,0.010000,425115000,893,23603,1,0,landing,0.204064,-0.000384,-0.279641,0.010995,0.000336,0.359561,-0.000010,0.001567,0.035809,616.043640,613.287109,616.227173,613.459900
3,landing,2164593186,864,8.640000,0.010000,425138000,892,23550,1,0,landing,0.204173,-0.000380,-0.276059,0.010831,0.000329,0.356848,-0.000008,0.001686,0.035773,616.018799,613.306152,616.208252,613.484802
3,landing,2164593186,865,8.650000,0.010000,425162000,892,23482,1,0,landing,0.204281,-0.000377,-0.272504,0.010656,0.000322,0.354134,-0.000007,0.001801,0.035735,615.993652,613.325928,616.188599,613.509949
3,landing,2164593186,866,8.660000,0.010000,425185000,895,23281,1,0,landing,0.204386,-0.000374,-0.268976,0.010469,0.000315,0.351421,-0.000005,0.001913,0.035695,615.968262,613.346375,616.168274,613.535461
3,landing,2164593186,867,8.670000,0.010000,425209000,893,23370,1,0,landing,0.204490,-0.000371,-0.265476,0.010270,0.000308,0.348696,-0.000003,0.002022,0.035653,615.973328,613.398743,616.185303,613.599243
3,landing,2164593186,868,8.680000,0.010000,425232000,888,23356,1,0,landing,0.204592,-0.000368,-0.262002,0.010061,0.000300,0.345972,-0.000001,0.002127,0.035609,615.947449,613.420715,616.163452,613.625244
3,landing,2164593186,869,8.690000,0.010000,425256000,893,23494,1,0,landing,0.204691,-0.000365,-0.258556,0.009842,0.000292,0.343247,0.000000,0.002228,0.035563,615.921326,613.443298,616.140930,613.651489
3,landing,2164593186,870,8.700000,0.010000,425279000,893,23507,1,0,landing,0.204788,-0.000362,-0.255137,0.009613,0.000284,0.340523,0.000002,0.002325,0.035516,615.894958,613.466553,616.117798,613.677979
3,landing,2164593186,871,8.710000,0.010000,425303000,893,23429,1,0,landing,0.204883,-0.000359,-0.251746,0.009374,0.000276,0.337795,0.000003,0.002418,0.035467,615.874268,613.496643,616.109070,613.719543
3,landing,2164593186,872,8.720000,0.010000,425326000,889,23322,1,0,landing,0.204976,-0.000356,-0.248381,0.009126,0.000267,0.335067,0.000005,0.002507,0.035416,615.847595,613.521240,616.084595,613.746399
3,landing,2164593186,873,8.730000,0.010000,425350000,893,23433,1,0,landing,0.205066,-0.000354,-0.245044,0.008869,0.000259,0.332339,0.000007,0.002592,0.035363,615.820679,613.546387,616.059448,613.773438
3,landing,2164593186,874,8.740000,0.010000,425373000,889,23482,1,0,landing,0.205153,-0.000351,-0.241735,0.008604,0.000250,0.329611,0.000008,0.002673,0.035308,615.793640,613.572144,616.033752,613.800659
3,landing,2164593186,875,8.750000,0.010000,425397000,891,23381,1,0,landing,0.205238,-0.000349,-0.238452,0.008330,0.000241,0.326887,0.000009,0.002750,0.035252,615.749451,613.581787,616.001343,613.821533
3,landing,2164593186,876,8.760000,0.010000,425421000,891,23810,1,0,landing,0.205320,-0.000346,-0.235197,0.008050,0.000233,0.324163,0.000011,0.002822,0.035195,615.722229,613.608765,615.974426,613.848938
3,landing,2164593186,877,8.770000,0.010000,425445000,892,23699,1,0,landing,0.205399,-0.000344,-0.231969,0.007762,0.000224,0.321439,0.000012,0.002890,0.035135,615.694763,613.636230,615.946960,613.876526
3,landing,2164593186,878,8.780000,0.010000,425468000,891,23445,1,0,landing,0.205475,-0.000342,-0.228768,0.007467,0.000215,0.318715,0.000014,0.002954,0.035075,615.667236,613.664185,615.919006,613.904236
3,landing,2164593186,879,8.790000,0.010000,425492000,893,23433,1,0,landing,0.205548,-0.000340,-0.225595,0.007167,0.000206,0.316001,0.000015,0.003013,0.035013,615.601685,613.654907,615.864685,613.905884
3,landing,2164593186,880,8.800000,0.010000,425515000,895,23388,1,0,landing,0.205618,-0.000338,-0.222448,0.006861,0.000196,0.313288,0.000016,0.003067,0.034949,615.574036,613.684021,615.835632,613.933655
3,landing,2164593186,881,8.810000,0.010000,425539000,891,23418,1,0,landing,0.205685,-0.000336,-0.219329,0.006549,0.000187,0.310574,0.000017,0.003118,0.034884,615.546387,613.713501,615.806152,613.961548
3,landing,2164593186,882,8.820000,0.010000,425562000,890,23266,1,0,landing,0.205749,-0.000334,-0.216237,0.006233,0.000178,0.307861,0.000019,0.003163,0.034818,615.518555,613.743408,615.776184,613.989563
3,landing,2164593186,883,8.830000,0.010000,425586000,889,23515,1,0,landing,0.205810,-0.000332,-0.213171,0.005912,0.000169,0.305164,0.000020,0.003204,0.034750,615.433655,613.716797,615.701904,613.973206
3,landing,2164593186,884,8.840000,0.010000,425609000,888,23376,1,0,landing,0.205868,-0.000331,-0.210133,0.005587,0.000159,0.302467,0.000021,0.003241,0.034681,615.405884,613.747681,615.671021,614.001160
3,landing,2164593186,885,8.850000,0.010000,425632000,889,23381,1,0,landing,0.205922,-0.000329,-0.207122,0.005259,0.000150,0.299770,0.000022,0.003272,0.034611,615.378113,613.778870,615.639771,614.029175
3,landing,2164593186,886,8.860000,0.010000,425656000,889,23269,1,0,landing,0.205973,-0.000328,-0.204138,0.004928,0.000141,0.297073,0.000023,0.003300,0.034540,615.350281,613.810364,615.608215,614.057251
3,landing,2164593186,887,8.870000,0.010000,425679000,891,23392,1,0,landing,0.206020,-0.000326,-0.201181,0.004595,0.000132,0.294398,0.000024,0.003323,0.034468,615.247925,613.767883,615.515686,614.024170
3,landing,2164593186,888,8.880000,0.010000,425703000,894,23579,1,0,landing,0.206065,-0.000325,-0.198250,0.004259,0.000123,0.291724,0.000024,0.003341,0.034395,615.220215,613.800232,615.483276,614.052124
3,landing,2164593186,889,8.890000,0.010000,425727000,890,23557,1,0,landing,0.206106,-0.000324,-0.195346,0.003922,0.000114,0.289049,0.000025,0.003355,0.034320,615.192505,613.832825,615.450623,614.080017
3,landing,2164593186,890,8.900000,0.010000,425750000,892,23300,1,0,landing,0.206143,-0.000323,-0.192469,0.003584,0.000105,0.286374,0.000026,0.003364,0.034245,615.164856,613.865601,615.417664,614.107971
3,landing,2164593186,891,8.910000,0.010000,425773000,889,23374,1,0,landing,0.206177,-0.000322,-0.189618,0.003245,0.000096,0.283727,0.000027,0.003369,0.034168,615.046875,613.808594,615.308594,614.059448
3,landing,2164593186,892,8.920000,0.010000,425797000,889,23721,1,0,landing,0.206208,-0.000321,-0.186794,0.002905,0.000087,0.281079,0.000027,0.003369,0.034091,615.019409,613.842041,615.275024,614.087097
3,landing,2164593186,893,8.930000,0.010000,425821000,889,23485,1,0,landing,0.206235,-0.000320,-0.183997,0.002566,0.000078,0.278432,0.000028,0.003365,0.034013,614.992004,613.875671,615.241272,614.114807
3,landing,2164593186,894,8.940000,0.010000,425845000,889,23611,1,0,landing,0.206259,-0.000319,-0.181226,0.002228,0.000069,0.275785,0.000028,0.003357,0.033934,614.964661,613.909424,615.207336,614.142395
3,landing,2164593186,895,8.950000,0.010000,425868000,890,23392,1,0,landing,0.206280,-0.000319,-0.178481,0.001891,0.000061,0.273169,0.000029,0.003344,0.033855,614.832825,613.839050,615.083191,614.079407
3,landing,2164593186,896,8.960000,0.010000,425892000,885,23542,1,0,landing,0.206297,-0.000318,-0.175762,0.001555,0.000052,0.270554,0.000029,0.003327,0.033774,614.805786,613.873291,615.048828,614.106689
3,landing,2164593186,897,8.970000,0.010000,425915000,888,23477,1,0,landing,0.206311,-0.000318,-0.173070,0.001221,0.000044,0.267938,0.000030,0.003306,0.033693,614.778748,613.907593,615.014343,614.133972
3,landing,2164593186,898,8.980000,0.010000,425939000,889,23526,1,0,landing,0.206322,-0.000317,-0.170404,0.000890,0.000036,0.265323,0.000030,0.003281,0.033612,614.751892,613.942017,614.979797,614.161072
3,landing,2164593186,899,8.990000,0.010000,425962000,893,23593,1,0,landing,0.206329,-0.000317,-0.167763,0.000561,0.000028,0.262743,0.000030,0.003252,0.033529,614.607849,613.859497,614.842224,614.084717
3,landing,2164593186,900,9.000000,0.010000,425986000,890,23421,1,0,landing,0.206333,-0.000317,-0.165149,0.000235,0.000020,0.260164,0.000030,0.003219,0.033447,614.581360,613.894165,614.807373,614.111511
3,landing,2164593186,901,9.010000,0.010000,426010000,889,23623,1,0,landing,0.206334,-0.000317,-0.162560,-0.000087,0.000012,0.257584,0.000031,0.003182,0.033363,614.554932,613.928894,614.772461,614.138184
3,landing,2164593186,902,9.020000,0.010000,426033000,891,23580,1,0,landing,0.206331,-0.000316,-0.159997,-0.000405,0.000005,0.255005,0.000031,0.003141,0.033280,614.528687,613.963562,614.737610,614.164673
3,landing,2164593186,903,9.030000,0.010000,426057000,891,23462,1,0,landing,0.206325,-0.000316,-0.157460,-0.000719,-0.000002,0.252465,0.000031,0.003097,0.033196,614.374023,613.869934,614.588074,614.075989
3,landing,2164593186,904,9.040000,0.010000,426080000,890,23309,1,0,landing,0.206317,-0.000317,-0.154948,-0.001028,-0.000010,0.249925,0.000031,0.003049,0.033111,614.348206,613.904724,614.553101,614.102051
3,landing,2164593186,905,9.050000,0.010000,426104000,890,23290,1,0,landing,0.206305,-0.000317,-0.152461,-0.001332,-0.000017,0.247386,0.000031,0.002998,0.033026,614.322510,613.939453,614.518188,614.127991
3,landing,2164593186,906,9.060000,0.010000,426127000,897,23604,1,0,landing,0.206290,-0.000317,-0.150000,-0.001631,-0.000023,0.244846,0.000031,0.002943,0.032941,614.296936,613.974060,614.483337,614.153809
3,landing,2164593186,907,9.070000,0.010000,426151000,892,23360,1,0,landing,0.206272,-0.000317,-0.147564,-0.001924,-0.000030,0.242349,0.000031,0.002885,0.032856,614.133118,613.870361,614.323242,614.053650
3,landing,2164593186,908,9.080000,0.010000,426175000,890,23704,1,0,landing,0.206252,-0.000317,-0.145153,-0.002211,-0.000036,0.239853,0.000030,0.002824,0.032771,614.108093,613.904907,614.288452,614.078918
3,landing,2164593186,909,9.090000,0.010000,426198000,891,23669,1,0,landing,0.206228,-0.000318,-0.142767,-0.002492,-0.000042,0.237356,0.000030,0.002760,0.032685,614.083191,613.939331,614.253845,614.104004
3,landing,2164593186,910,9.100000,0.010000,426222000,889,23498,1,0,landing,0.206202,-0.000318,-0.140406,-0.002766,-0.000048,0.234860,0.000030,0.002693,0.032600,614.058533,613.973572,614.219360,614.128906
3,landing,2164593186,911,9.110000,0.010000,426246000,889,23430,1,0,landing,0.206173,-0.000319,-0.138069,-0.003033,-0.000054,0.232563,0.000030,0.002623,0.032514,613.417908,613.391663,613.581177,613.549377
3,landing,2164593186,912,9.120000,0.010000,426269000,888,23254,1,0,landing,0.206141,-0.000319,-0.135755,-0.003292,-0.000059,0.230266,0.000029,0.002550,0.032428,613.393738,613.425659,613.546936,613.573730
3,landing,2164593186,913,9.130000,0.010000,426292000,891,23275,1,0,landing,0.206107,-0.000320,-0.133464,-0.003544,-0.000065,0.227969,0.000029,0.002475,0.032343,613.369812,613.459473,613.512878,613.597900
3,landing,2164593186,914,9.140000,0.010000,426316000,890,23339,1,0,landing,0.206070,-0.000321,-0.131195,-0.003789,-0.000070,0.225672,0.000028,0.002397,0.032257,613.346069,613.493042,613.479126,613.621826
3,landing,2164593186,915,9.150000,0.010000,426339000,889,23521,1,0,landing,0.206031,-0.000321,-0.128949,-0.004025,-0.000075,0.223559,0.000028,0.002317,0.032172,612.755127,612.959290,612.889160,613.089050
3,landing,2164593186,916,9.160000,0.010000,426363000,890,23508,1,0,landing,0.205990,-0.000322,-0.126724,-0.004253,-0.000079,0.221446,0.000027,0.002235,0.032087,612.731995,612.992432,612.855774,613.112427
3,landing,2164593186,917,9.170000,0.010000,426387000,891,23573,1,0,landing,0.205946,-0.000323,-0.124520,-0.004473,-0.000083,0.219333,0.000027,0.002151,0.032001,612.709045,613.025330,612.822693,613.135559
3,landing,2164593186,918,9.180000,0.010000,426410000,894,23456,1,0,landing,0.205900,-0.000324,-0.122337,-0.004684,-0.000088,0.217220,0.000026,0.002064,0.031917,612.686401,613.057861,612.789856,613.158447
3,landing,2164593186,919,9.190000,0.010000,426434000,892,23325,1,0,landing,0.205853,-0.000325,-0.120175,-0.004886,-0.000091,0.215275,0.000026,0.001976,0.031832,612.141602,612.568298,612.244690,612.668457
3,landing,2164593186,920,9.200000,0.010000,426457000,889,23247,1,0,landing,0.205803,-0.000326,-0.118032,-0.005079,-0.000095,0.213331,0.000025,0.001887,0.031748,612.119507,612.600281,612.212463,612.690735
3,landing,2164593186,921,9.210000,0.010000,426480000,890,23524,1,0,landing,0.205751,-0.000327,-0.115908,-0.005263,-0.000098,0.211387,0.000024,0.001795,0.031664,612.097717,612.631897,612.180603,612.712769
3,landing,2164593186,922,9.220000,0.010000,426504000,890,23261,1,0,landing,0.205697,-0.000328,-0.113804,-0.005438,-0.000101,0.209443,0.000024,0.001703,0.031581,612.076172,612.663147,612.149109,612.734436
3,landing,2164593186,923,9.230000,0.010000,426527000,890,23566,1,0,landing,0.205642,-0.000329,-0.111719,-0.005603,-0.000104,0.207654,0.000023,0.001609,0.031498,611.574219,612.213989,611.645386,612.283630
3,landing,2164593186,924,9.240000,0.010000,426551000,893,23553,1,0,landing,0.205585,-0.000330,-0.109651,-0.005759,-0.000107,0.205865,0.000022,0.001514,0.031416,611.553345,612.244507,611.614624,612.304688
3,landing,2164593186,925,9.250000,0.010000,426575000,891,23462,1,0,landing,0.205527,-0.000331,-0.107601,-0.005906,-0.000109,0.204077,0.000021,0.001418,0.031334,611.532715,612.274658,611.584229,612.325500
3,landing,2164593186,926,9.260000,0.010000,426598000,891,23355,1,0,landing,0.205467,-0.000332,-0.105570,-0.006042,-0.000112,0.202288,0.000021,0.001321,0.031252,611.512390,612.304321,611.554321,612.345947
3,landing,2164593186,927,9.270000,0.010000,426622000,889,23583,1,0,landing,0.205406,-0.000333,-0.103555,-0.006169,-0.000114,0.200642,0.000020,0.001224,0.031172,611.050171,611.892151,611.089172,611.930969
3,landing,2164593186,928,9.280000,0.010000,426645000,891,23410,1,0,landing,0.205344,-0.000334,-0.101557,-0.006286,-0.000115,0.198996,0.000019,0.001126,0.031092,611.030518,611.920959,611.060120,611.950745
3,landing,2164593186,929,9.290000,0.010000,426669000,892,23246,1,0,landing,0.205281,-0.000335,-0.099575,-0.006394,-0.000117,0.197351,0.000018,0.001027,0.031012,611.011169,611.949341,611.031555,611.970276
3,landing,2164593186,930,9.300000,0.010000,426692000,891,23274,1,0,landing,0.205216,-0.000337,-0.097610,-0.006491,-0.000118,0.195705,0.000017,0.000928,0.030933,610.992126,611.977173,611.003479,611.989441
3,landing,2164593186,931,9.310000,0.010000,426716000,893,23495,1,0,landing,0.205151,-0.000338,-0.095660,-0.006579,-0.000119,0.194191,0.000016,0.000829,0.030855,610.566833,611.598755,610.574097,611.607117
3,landing,2164593186,932,9.320000,0.010000,426739000,892,23469,1,0,landing,0.205085,-0.000339,-0.093726,-0.006656,-0.000120,0.192677,0.000015,0.000730,0.030778,610.548523,611.625671,610.546997,611.625610
3,landing,2164593186,933,9.330000,0.010000,426763000,892,23598,1,0,landing,0.205018,-0.000340,-0.091807,-0.006724,-0.000120,0.191163,0.000015,0.000631,0.030702,610.530457,611.652039,610.520447,611.643799
3,landing,2164593186,934,9.340000,0.010000,426786000,891,23925,1,0,landing,0.204950,-0.000341,-0.089903,-0.006782,-0.000121,0.189649,0.000014,0.000533,0.030626,610.512817,611.677856,610.494385,611.661560
3,landing,2164593186,935,9.350000,0.010000,426810000,891,23406,1,0,landing,0.204882,-0.000343,-0.088013,-0.006830,-0.000121,0.188256,0.000013,0.000434,0.030552,610.121765,611.330261,610.098328,611.309143
3,landing,2164593186,936,9.360000,0.010000,426834000,891,23762,1,0,landing,0.204814,-0.000344,-0.086138,-0.006869,-0.000121,0.186863,0.000012,0.000336,0.030478,610.104797,611.354980,610.073425,611.326233
3,landing,2164593186,937,9.370000,0.010000,426858000,894,23478,1,0,landing,0.204745,-0.000345,-0.084276,-0.006897,-0.000121,0.185470,0.000011,0.000239,0.030405,610.088135,611.379150,610.049072,611.343018
3,landing,2164593186,938,9.380000,0.010000,426881000,888,23478,1,0,landing,0.204676,-0.000346,-0.082428,-0.006916,-0.000120,0.184077,0.000010,0.000142,0.030333,610.071838,611.402710,610.025269,611.359375
3,landing,2164593186,939,9.390000,0.010000,426905000,890,23448,1,0,landing,0.204606,-0.000347,-0.080594,-0.006926,-0.000120,0.182795,0.000009,0.000047,0.030262,609.712585,611.083191,609.660217,611.034241
3,landing,2164593186,940,9.400000,0.010000,426928000,891,23305,1,0,landing,0.204537,-0.000349,-0.078772,-0.006926,-0.000119,0.181514,0.000008,-0.000048,0.030192,609.697021,611.105591,609.637634,611.049927
3,landing,2164593186,941,9.410000,0.010000,426951000,891,23332,1,0,landing,0.204468,-0.000350,-0.076964,-0.006916,-0.000118,0.180232,0.000007,-0.000142,0.030123,609.681824,611.127380,609.615662,611.065186
3,landing,2164593186,942,9.420000,0.010000,426975000,895,23565,1,0,landing,0.204399,-0.000351,-0.075168,-0.006897,-0.000117,0.178951,0.000006,-0.000235,0.030056,609.666992,611.148560,609.594299,611.080139
3,landing,2164593186,943,9.430000,0.010000,426999000,894,23581,1,0,landing,0.204330,-0.000352,-0.073384,-0.006870,-0.000115,0.177772,0.000005,-0.000326,0.029989,609.337219,610.854614,609.258118,610.779968
3,landing,2164593186,944,9.440000,0.010000,427022000,891,23402,1,0,landing,0.204262,-0.000353,-0.071612,-0.006833,-0.000114,0.176593,0.000004,-0.000416,0.029923,609.323120,610.874512,609.238037,610.794128
3,landing,2164593186,945,9.450000,0.010000,427046000,893,23328,1,0,landing,0.204193,-0.000354,-0.069852,-0.006787,-0.000112,0.175414,0.000003,-0.000504,0.029859,609.309387,610.893799,609.218567,610.807922
3,landing,2164593186,946,9.460000,0.010000,427069000,890,23435,1,0,landing,0.204126,-0.000355,-0.068104,-0.006733,-0.000110,0.174235,0.000002,-0.000591,0.029796,609.296021,610.912415,609.199829,610.821289
3,landing,2164593186,947,9.470000,0.010000,427093000,892,23408,1,0,landing,0.204059,-0.000357,-0.066367,-0.006670,-0.000108,0.173150,0.000001,-0.000676,0.029734,608.993652,610.641724,608.890442,610.543884
3,landing,2164593186,948,9.480000,0.010000,427116000,889,23537,1,0,landing,0.203992,-0.000358,-0.064641,-0.006599,-0.000106,0.172065,0.000001,-0.000759,0.029673,608.981018,610.658997,608.873047,610.556580
3,landing,2164593186,949,9.490000,0.010000,427140000,891,23377,1,0,landing,0.203927,-0.000359,-0.062926,-0.006520,-0.000103,0.170981,-0.000000,-0.000840,0.029613,608.968811,610.675659,608.856262,610.568787
3,landing,2164593186,950,9.500000,0.010000,427164000,894,23533,1,0,landing,0.203862,-0.000360,-0.061221,-0.006433,-0.000101,0.169896,-0.000001,-0.000920,0.029555,608.956970,610.691650,608.840149,610.580627
3,landing,2164593186,951,9.510000,0.010000,427187000,888,23359,1,0,landing,0.203798,-0.000361,-0.059527,-0.006338,-0.000098,0.168898,-0.000002,-0.000997,0.029498,608.679932,610.442017,608.555786,610.324036
3,landing,2164593186,952,9.520000,0.010000,427210000,890,23332,1,0,landing,0.203735,-0.000362,-0.057843,-0.006235,-0.000095,0.167900,-0.000003,-0.001072,0.029442,608.668823,610.456665,608.541077,610.335144
3,landing,2164593186,953,9.530000,0.010000,427234000,891,23201,1,0,landing,0.203674,-0.000363,-0.056169,-0.006125,-0.000093,0.166902,-0.000004,-0.001145,0.029388,608.658203,610.470581,608.527039,610.345825
3,landing,2164593186,954,9.540000,0.010000,427257000,894,23151,1,0,landing,0.203613,-0.000363,-0.054505,-0.006008,-0.000090,0.165905,-0.000005,-0.001216,0.029335,608.647949,610.483887,608.513733,610.356079
3,landing,2164593186,955,9.550000,0.010000,427280000,892,23018,1,0,landing,0.203553,-0.000364,-0.052851,-0.005885,-0.000086,0.164987,-0.000006,-0.001284,0.029283,608.394348,610.253357,608.252747,610.118469
3,landing,2164593186,956,9.560000,0.010000,427303000,895,23327,1,0,landing,0.203495,-0.000365,-0.051206,-0.005754,-0.000083,0.164069,-0.000006,-0.001350,0.029233,608.384888,610.265259,608.240784,610.127991
3,landing,2164593186,957,9.570000,0.010000,427327000,890,23191,1,0,landing,0.203438,-0.000366,-0.049569,-0.005617,-0.000080,0.163151,-0.000007,-0.001414,0.029184,608.375793,610.276428,608.229553,610.137085
3,landing,2164593186,958,9.580000,0.010000,427350000,893,23471,1,0,landing,0.203383,-0.000367,-0.047943,-0.005475,-0.000076,0.162233,-0.000008,-0.001474,0.029136,608.367126,610.286926,608.218994,610.145691
3,landing,2164593186,959,9.590000,0.010000,427374000,893,23204,1,0,landing,0.203329,-0.000368,-0.046324,-0.005326,-0.000073,0.161388,-0.000009,-0.001533,0.029090,608.135315,610.073853,607.979797,609.925476
3,landing,2164593186,960,9.600000,0.010000,427397000,890,23194,1,0,landing,0.203276,-0.000368,-0.044715,-0.005171,-0.000069,0.160544,-0.000009,-0.001588,0.029045,608.127441,610.082947,607.970703,609.933411
3,landing,2164593186,961,9.610000,0.010000,427420000,890,23450,1,0,landing,0.203225,-0.000369,-0.043114,-0.005012,-0.000066,0.159699,-0.000010,-0.001641,0.029002,608.119934,610.091370,607.962280,609.940857
3,landing,2164593186,962,9.620000,0.010000,427444000,889,23410,1,0,landing,0.203176,-0.000370,-0.041521,-0.004847,-0.000062,0.158854,-0.000011,-0.001691,0.028960,608.112854,610.099121,607.954529,609.947876
3,landing,2164593186,963,9.630000,0.010000,427467000,894,23426,1,0,landing,0.203129,-0.000370,-0.039936,-0.004677,-0.000058,0.158078,-0.000012,-0.001739,0.028920,607.901245,609.901733,607.735657,609.743591
3,landing,2164593186,964,9.640000,0.010000,427491000,893,23133,1,0,landing,0.203083,-0.000371,-0.038359,-0.004503,-0.000054,0.157301,-0.000012,-0.001783,0.028881,607.894958,609.908020,607.729370,609.749817
3,landing,2164593186,965,9.650000,0.010000,427514000,891,23224,1,0,landing,0.203038,-0.000371,-0.036790,-0.004325,-0.000050,0.156524,-0.000013,-0.001825,0.028844,607.889038,609.913696,607.723694,609.755676
3,landing,2164593186,966,9.660000,0.010000,427537000,896,23195,1,0,landing,0.202996,-0.000372,-0.035229,-0.004143,-0.000046,0.155747,-0.000013,-0.001864,0.028808,607.883606,609.918701,607.718750,609.761047
3,landing,2164593186,967,9.670000,0.010000,427560000,893,23259,1,0,landing,0.202956,-0.000372,-0.033675,-0.003957,-0.000042,0.155032,-0.000014,-0.001900,0.028773,607.690613,609.735474,607.518860,609.571228
3,landing,2164593186,968,9.680000,0.010000,427584000,893,23438,1,0,landing,0.202917,-0.000373,-0.032128,-0.003768,-0.000038,0.154317,-0.000015,-0.001933,0.028740,607.685913,609.739075,607.515259,609.575867
3,landing,2164593186,969,9.690000,0.010000,427607000,891,23300,1,0,landing,0.202880,-0.000373,-0.030589,-0.003575,-0.000034,0.153602,-0.000015,-0.001963,0.028709,607.681702,609.742004,607.512390,609.580078
3,landing,2164593186,970,9.700000,0.010000,427631000,892,23471,1,0,landing,0.202846,-0.000373,-0.029056,-0.003380,-0.000030,0.152888,-0.000016,-0.001991,0.028679,607.677856,609.744324,607.510132,609.583801
3,landing,2164593186,971,9.710000,0.010000,427654000,888,23572,1,0,landing,0.202813,-0.000374,-0.027531,-0.003182,-0.000026,0.152230,-0.000016,-0.002015,0.028650,607.502136,609.573975,607.327942,609.407288
3,landing,2164593186,972,9.720000,0.010000,427678000,894,23352,1,0,landing,0.202782,-0.000374,-0.026012,-0.002982,-0.000022,0.151573,-0.000017,-0.002036,0.028624,607.499084,609.574890,607.327087,609.410278
3,landing,2164593186,973,9.730000,0.010000,427701000,891,23300,1,0,landing,0.202753,-0.000374,-0.024499,-0.002780,-0.000018,0.150915,-0.000017,-0.002055,0.028598,607.496460,609.575195,607.326904,609.412842
3,landing,2164593186,974,9.740000,0.010000,427725000,890,23543,1,0,landing,0.202726,-0.000374,-0.022993,-0.002577,-0.000014,0.150258,-0.000018,-0.002070,0.028574,607.494263,609.574890,607.327332,609.414917
3,landing,2164593186,975,9.750000,0.010000,427749000,889,23494,1,0,landing,0.202702,-0.000374,-0.021494,-0.002372,-0.000010,0.149653,-0.000018,-0.002083,0.028552,607.334412,609.416199,607.161621,609.250610
3,landing,2164593186,976,9.760000,0.010000,427772000,890,23314,1,0,landing,0.202679,-0.000374,-0.020000,-0.002166,-0.000006,0.149048,-0.000018,-0.002093,0.028531,607.333008,609.414551,607.163391,609.251953
3,landing,2164593186,977,9.770000,0.010000,427796000,888,23730,1,0,landing,0.202658,-0.000374,-0.018513,-0.001959,-0.000002,0.148443,-0.000019,-0.002099,0.028512,607.332031,609.412231,607.165771,609.252869
3,landing,2164593186,978,9.780000,0.010000,427819000,889,23387,1,0,landing,0.202640,-0.000374,-0.017031,-0.001752,0.000002,0.147838,-0.000019,-0.002103,0.028494,607.331482,609.409363,607.168701,609.253296
3,landing,2164593186,979,9.790000,0.010000,427843000,890,23794,1,0,landing,0.202623,-0.000374,-0.015556,-0.001544,0.000006,0.147281,-0.000019,-0.002105,0.028478,607.186340,609.261230,607.018433,609.100159
3,landing,2164593186,980,9.800000,0.010000,427867000,890,23528,1,0,landing,0.202609,-0.000374,-0.014086,-0.001337,0.000010,0.146725,-0.000019,-0.002103,0.028463,607.186523,609.257080,607.022705,609.099915
3,landing,2164593186,981,9.810000,0.010000,427890000,893,23290,1,0,landing,0.202596,-0.000374,-0.012621,-0.001130,0.000014,0.146168,-0.000020,-0.002098,0.028450,607.187134,609.252380,607.027527,609.099182
3,landing,2164593186,982,9.820000,0.010000,427914000,893,23396,1,0,landing,0.202586,-0.000374,-0.011162,-0.000923,0.000018,0.145612,-0.000020,-0.002091,0.028438,607.188232,609.247070,607.032898,609.098022
3,landing,2164593186,983,9.830000,0.010000,427937000,891,23565,1,0,landing,0.202578,-0.000374,-0.009709,-0.000717,0.000022,0.145100,-0.000020,-0.002081,0.028428,607.056641,609.108459,606.896851,608.955078
3,landing,2164593186,984,9.840000,0.010000,427961000,890,23497,1,0,landing,0.202572,-0.000374,-0.008260,-0.000513,0.000026,0.144588,-0.000020,-0.002069,0.028419,607.058411,609.101990,606.903503,608.953186
3,landing,2164593186,985,9.850000,0.010000,427985000,892,23685,1,0,landing,0.202568,-0.000373,-0.006817,-0.000310,0.000030,0.144076,-0.000020,-0.002054,0.028412,607.060608,609.094971,606.910645,608.950867
3,landing,2164593186,986,9.860000,0.010000,428008000,893,23508,1,0,landing,0.202566,-0.000373,-0.005379,-0.000108,0.000034,0.143564,-0.000020,-0.002036,0.028406,607.063293,609.087402,606.918335,608.948120
3,landing,2164593186,987,9.870000,0.010000,428032000,895,23324,1,0,landing,0.202566,-0.000373,-0.003946,0.000092,0.000037,0.143092,-0.000021,-0.002016,0.028402,606.944214,608.957397,606.795654,608.814636
3,landing,2164593186,988,9.880000,0.010000,428055000,892,23229,1,0,landing,0.202567,-0.000372,-0.002517,0.000289,0.000041,0.142621,-0.000021,-0.001993,0.028399,606.947571,608.948730,606.804504,608.811096
3,landing,2164593186,989,9.890000,0.010000,428078000,893,23193,1,0,landing,0.202571,-0.000372,-0.001093,0.000484,0.000044,0.142150,-0.000021,-0.001968,0.028398,606.951355,608.939575,606.813782,608.807190
3,landing,2164593186,990,9.900000,0.010000,428102000,889,23279,1,0,landing,0.202577,-0.000371,0.000000,0.000677,0.000048,0.000000,-0.000021,-0.001940,0.028398,606.955566,608.929932,606.823608,608.802917
3,landing,2164593186,991,9.910000,0.010000,428125000,290,22591,0,0,grounded,0.202584,-0.000371,0.000000,0.000677,0.000048,0.000000,-0.000021,-0.001912,0.028399,0.000000,0.000000,0.000000,0.000000
3,grounded_complete,2164593186,992,9.920000,0.010000,428148000,288,22631,0,0,grounded,0.202591,-0.000370,0.000000,0.000677,0.000048,0.000000,-0.000021,-0.001883,0.028399,0.000000,0.000000,0.000000,0.000000
