# Created by FreeCAD <https://www.freecad.org>
v -110.000000 -80.000000 -35.000000
v -110.000000 -80.000000 35.000000
v -110.000000 80.000000 -35.000000
v -110.000000 80.000000 35.000000
v 110.000000 -80.000000 35.000000
v 110.000000 -80.000000 -35.000000
v 110.000000 80.000000 -35.000000
v 110.000000 80.000000 35.000000
v 186.356049 173.643951 -0.448613
v 186.363968 173.636032 0.000000
v 6.363961 -6.363961 0.000000
v 186.332336 173.667664 -0.896111
v 186.292877 173.707123 -1.341380
v 186.237778 173.762222 -1.783315
v 186.167175 173.832825 -2.220817
v 6.167170 -6.167170 -2.220817
v 186.081223 173.918777 -2.652797
v 6.081228 -6.081228 -2.652797
v 185.980164 174.019836 -3.078181
v 185.864243 174.135757 -3.495913
v 185.733734 174.266266 -3.904954
v 5.733731 -5.733731 -3.904954
v 185.588974 174.411026 -4.304286
v 185.430313 174.569687 -4.692917
v 5.430310 -5.430310 -4.692917
v 185.258148 174.741852 -5.069880
v 5.258152 -5.258152 -5.069880
v 5.072920 -5.072920 -5.434240
v 185.072922 174.927078 -5.434240
v 4.875077 -4.875077 -5.785089
v 184.875076 175.124924 -5.785089
v 184.665115 175.334885 -6.121555
v 184.443558 175.556442 -6.442801
v 4.443552 -4.443552 -6.442801
v 184.210938 175.789062 -6.748031
v 4.210943 -4.210943 -6.748031
v 183.967865 176.032135 -7.036483
v 183.714920 176.285080 -7.307442
v 3.714922 -3.714922 -7.307442
v 183.452744 176.547256 -7.560233
v 183.181976 176.818024 -7.794229
v 2.903307 -2.903307 -8.008846
v 182.903305 177.096695 -8.008846
v 182.617416 177.382584 -8.203552
v 182.325012 177.674988 -8.377864
v 2.026837 -2.026837 -8.531346
v 182.026840 177.973160 -8.531346
v 1.723618 -1.723618 -8.663618
v 181.723618 178.276382 -8.663618
v 181.416107 178.583893 -8.774351
v 181.105087 178.894913 -8.863270
v 0.791318 -0.791318 -8.930153
v 180.791321 179.208679 -8.930153
v 180.475586 179.524414 -8.974834
v 0.475579 -0.475579 -8.974834
v 180.158661 179.841339 -8.997203
v 179.841339 180.158661 -8.997203
v 179.524414 180.475586 -8.974834
v 179.208679 180.791321 -8.930153
v 178.894913 181.105087 -8.863270
v 178.583893 181.416107 -8.774351
v 178.276382 181.723618 -8.663618
v 177.973160 182.026840 -8.531346
v 177.674988 182.325012 -8.377864
v -2.325016 2.325016 -8.377864
v 177.382584 182.617416 -8.203552
v -2.903307 2.903307 -8.008846
v 177.096695 182.903305 -8.008846
v 176.818024 183.181976 -7.794229
v -3.181981 3.181981 -7.794229
v 176.547256 183.452744 -7.560233
v 176.285080 183.714920 -7.307442
v -3.714922 3.714922 -7.307442
v 176.032135 183.967865 -7.036483
v -3.967865 3.967865 -7.036483
v 175.789062 184.210938 -6.748031
v 175.556442 184.443558 -6.442801
v 175.334885 184.665115 -6.121555
v -4.665113 4.665113 -6.121555
v 175.124924 184.875076 -5.785089
v 174.927078 185.072922 -5.434240
v -5.072920 5.072920 -5.434240
v 174.741852 185.258148 -5.069880
v 174.569687 185.430313 -4.692917
v 174.411026 185.588974 -4.304286
v 174.266266 185.733734 -3.904954
v 174.135757 185.864243 -3.495913
v 174.019836 185.980164 -3.078181
v 173.918777 186.081223 -2.652797
v 173.832825 186.167175 -2.220817
v -6.167170 6.167170 -2.220817
v 173.762222 186.237778 -1.783315
v 173.707123 186.292877 -1.341380
v -6.292881 6.292881 -1.341380
v 173.667664 186.332336 -0.896111
v 173.643951 186.356049 -0.448613
v 173.636032 186.363968 0.000000
v 173.643951 186.356049 0.448613
v 173.667664 186.332336 0.896111
v 173.707123 186.292877 1.341380
v -6.292881 6.292881 1.341380
v -6.237780 6.237780 1.783315
v 173.762222 186.237778 1.783315
v 173.832825 186.167175 2.220817
v 173.918777 186.081223 2.652797
v 174.019836 185.980164 3.078181
v -5.980167 5.980167 3.078181
v 174.135757 185.864243 3.495913
v -5.864239 5.864239 3.495913
v -5.733731 5.733731 3.904954
v 174.266266 185.733734 3.904954
v 174.411026 185.588974 4.304286
v 174.569687 185.430313 4.692917
v -5.430310 5.430310 4.692917
v 174.741852 185.258148 5.069880
v -5.258152 5.258152 5.069880
v 174.927078 185.072922 5.434240
v 175.124924 184.875076 5.785089
v -4.875077 4.875077 5.785089
v 175.334885 184.665115 6.121555
v 175.556442 184.443558 6.442801
v 175.789062 184.210938 6.748031
v 176.032135 183.967865 7.036483
v -3.967865 3.967865 7.036483
v 176.285080 183.714920 7.307442
v -3.714922 3.714922 7.307442
v 176.547256 183.452744 7.560233
v 176.818024 183.181976 7.794229
v -3.181981 3.181981 7.794229
v 177.096695 182.903305 8.008846
v -2.903307 2.903307 8.008846
v 177.382584 182.617416 8.203552
v -2.617415 2.617415 8.203552
v 177.674988 182.325012 8.377864
v 177.973160 182.026840 8.531346
v -2.026837 2.026837 8.531346
v 178.276382 181.723618 8.663618
v -1.723618 1.723618 8.663618
v 178.583893 181.416107 8.774351
v -1.416115 1.416115 8.774351
v 178.894913 181.105087 8.863270
v -1.105090 1.105090 8.863270
v -0.791318 0.791318 8.930153
v 179.208679 180.791321 8.930153
v -0.475579 0.475579 8.974834
v 179.524414 180.475586 8.974834
v 179.841339 180.158661 8.997203
v 180.158661 179.841339 8.997203
v 0.158658 -0.158658 8.997203
v 180.475586 179.524414 8.974834
v 0.475579 -0.475579 8.974834
v 180.791321 179.208679 8.930153
v 0.791318 -0.791318 8.930153
v 181.105087 178.894913 8.863270
v 181.416107 178.583893 8.774351
v 1.416115 -1.416115 8.774351
v 181.723618 178.276382 8.663618
v 1.723618 -1.723618 8.663618
v 182.026840 177.973160 8.531346
v 182.325012 177.674988 8.377864
v 2.325016 -2.325016 8.377864
v 182.617416 177.382584 8.203552
v 2.617415 -2.617415 8.203552
v 182.903305 177.096695 8.008846
v 2.903307 -2.903307 8.008846
v 183.181976 176.818024 7.794229
v 183.452744 176.547256 7.560233
v 3.452743 -3.452743 7.560233
v 183.714920 176.285080 7.307442
v 3.714922 -3.714922 7.307442
v 183.967865 176.032135 7.036483
v 184.210938 175.789062 6.748031
v 184.443558 175.556442 6.442801
v 184.665115 175.334885 6.121555
v 4.665113 -4.665113 6.121555
v 184.875076 175.124924 5.785089
v 185.072922 174.927078 5.434240
v 5.072920 -5.072920 5.434240
v 185.258148 174.741852 5.069880
v 185.430313 174.569687 4.692917
v 185.588974 174.411026 4.304286
v 5.588968 -5.588968 4.304286
v 185.733734 174.266266 3.904954
v 185.864243 174.135757 3.495913
v 5.864239 -5.864239 3.495913
v 185.980164 174.019836 3.078181
v 5.980167 -5.980167 3.078181
v 186.081223 173.918777 2.652797
v 186.167175 173.832825 2.220817
v 186.237778 173.762222 1.783315
v 186.292877 173.707123 1.341380
v 186.332336 173.667664 0.896111
v 186.356049 173.643951 0.448613
v 202.472031 181.121536 4.000000
v 202.500000 180.000000 4.000000
v 202.500000 180.000000 -4.000000
v 202.472031 181.121536 -4.000000
v 202.388199 182.240280 4.000000
v 202.388199 182.240280 -4.000000
v 202.248688 183.353455 4.000000
v 202.248688 183.353455 -4.000000
v 202.053879 184.458282 4.000000
v 202.053879 184.458282 -4.000000
v 201.804245 185.552048 4.000000
v 201.804245 185.552048 -4.000000
v 201.500381 186.631989 4.000000
v 201.500381 186.631989 -4.000000
v 201.143082 187.695450 4.000000
v 201.143082 187.695450 -4.000000
v 200.733215 188.739777 4.000000
v 200.733215 188.739777 -4.000000
v 200.271805 189.762390 4.000000
v 200.271805 189.762390 -4.000000
v 199.759979 190.760712 4.000000
v 199.759979 190.760712 -4.000000
v 199.199051 191.732285 4.000000
v 199.199051 191.732285 -4.000000
v 198.590378 192.674698 4.000000
v 198.590378 192.674698 -4.000000
v 197.935486 193.585602 4.000000
v 197.935486 193.585602 -4.000000
v 197.235992 194.462723 -4.000000
v 197.235992 194.462723 4.000000
v 196.493668 195.303894 4.000000
v 196.493668 195.303894 -4.000000
v 195.710327 196.107010 4.000000
v 195.710327 196.107010 -4.000000
v 194.887924 196.870071 4.000000
v 194.887924 196.870071 -4.000000
v 194.028519 197.591202 -4.000000
v 194.028519 197.591202 4.000000
v 193.134232 198.268600 4.000000
v 193.134232 198.268600 -4.000000
v 192.207291 198.900589 -4.000000
v 192.207291 198.900589 4.000000
v 191.250000 199.485565 4.000000
v 191.250000 199.485565 -4.000000
v 190.264740 200.022110 -4.000000
v 190.264740 200.022110 4.000000
v 189.253967 200.508881 4.000000
v 189.253967 200.508881 -4.000000
v 188.220169 200.944656 4.000000
v 188.220169 200.944656 -4.000000
v 187.165955 201.328369 4.000000
v 187.165955 201.328369 -4.000000
v 186.093918 201.659042 4.000000
v 186.093918 201.659042 -4.000000
v 185.006714 201.935883 4.000000
v 185.006714 201.935883 -4.000000
v 183.907089 202.158173 4.000000
v 183.907089 202.158173 -4.000000
v 182.797729 202.325378 4.000000
v 182.797729 202.325378 -4.000000
v 181.681427 202.437088 4.000000
v 181.681427 202.437088 -4.000000
v 180.560944 202.493011 4.000000
v 180.560944 202.493011 -4.000000
v 179.439056 202.493011 4.000000
v 179.439056 202.493011 -4.000000
v 178.318573 202.437088 -4.000000
v 178.318573 202.437088 4.000000
v 177.202271 202.325378 4.000000
v 177.202271 202.325378 -4.000000
v 176.092911 202.158173 4.000000
v 176.092911 202.158173 -4.000000
v 174.993286 201.935883 4.000000
v 174.993286 201.935883 -4.000000
v 173.906082 201.659042 4.000000
v 173.906082 201.659042 -4.000000
v 172.834045 201.328369 4.000000
v 172.834045 201.328369 -4.000000
v 171.779831 200.944656 -4.000000
v 171.779831 200.944656 4.000000
v 170.746033 200.508881 4.000000
v 170.746033 200.508881 -4.000000
v 169.735260 200.022110 4.000000
v 169.735260 200.022110 -4.000000
v 168.750000 199.485565 4.000000
v 168.750000 199.485565 -4.000000
v 167.792709 198.900589 4.000000
v 167.792709 198.900589 -4.000000
v 166.865768 198.268600 4.000000
v 166.865768 198.268600 -4.000000
v 165.971481 197.591202 4.000000
v 165.971481 197.591202 -4.000000
v 165.112076 196.870071 4.000000
v 165.112076 196.870071 -4.000000
v 164.289673 196.107010 4.000000
v 164.289673 196.107010 -4.000000
v 163.506332 195.303894 4.000000
v 163.506332 195.303894 -4.000000
v 162.764008 194.462723 4.000000
v 162.764008 194.462723 -4.000000
v 162.064514 193.585602 4.000000
v 162.064514 193.585602 -4.000000
v 161.409622 192.674698 4.000000
v 161.409622 192.674698 -4.000000
v 160.800949 191.732285 4.000000
v 160.800949 191.732285 -4.000000
v 160.240021 190.760712 -4.000000
v 160.240021 190.760712 4.000000
v 159.728195 189.762390 4.000000
v 159.728195 189.762390 -4.000000
v 159.266785 188.739777 4.000000
v 159.266785 188.739777 -4.000000
v 158.856918 187.695450 4.000000
v 158.856918 187.695450 -4.000000
v 158.499619 186.631989 4.000000
v 158.499619 186.631989 -4.000000
v 158.195755 185.552048 4.000000
v 158.195755 185.552048 -4.000000
v 157.946121 184.458282 4.000000
v 157.946121 184.458282 -4.000000
v 157.751312 183.353455 4.000000
v 157.751312 183.353455 -4.000000
v 157.611801 182.240280 4.000000
v 157.611801 182.240280 -4.000000
v 157.527969 181.121536 4.000000
v 157.527969 181.121536 -4.000000
v 157.500000 180.000000 4.000000
v 157.500000 180.000000 -4.000000
v 157.527969 178.878464 4.000000
v 157.527969 178.878464 -4.000000
v 157.611801 177.759720 4.000000
v 157.611801 177.759720 -4.000000
v 157.751312 176.646545 4.000000
v 157.751312 176.646545 -4.000000
v 157.946121 175.541718 4.000000
v 157.946121 175.541718 -4.000000
v 158.195755 174.447952 4.000000
v 158.195755 174.447952 -4.000000
v 158.499619 173.368011 4.000000
v 158.499619 173.368011 -4.000000
v 158.856918 172.304550 4.000000
v 158.856918 172.304550 -4.000000
v 159.266785 171.260223 4.000000
v 159.266785 171.260223 -4.000000
v 159.728195 170.237610 4.000000
v 159.728195 170.237610 -4.000000
v 160.240021 169.239288 4.000000
v 160.240021 169.239288 -4.000000
v 160.800949 168.267715 -4.000000
v 160.800949 168.267715 4.000000
v 161.409622 167.325302 4.000000
v 161.409622 167.325302 -4.000000
v 162.064514 166.414398 4.000000
v 162.064514 166.414398 -4.000000
v 162.764008 165.537277 4.000000
v 162.764008 165.537277 -4.000000
v 163.506332 164.696106 4.000000
v 163.506332 164.696106 -4.000000
v 164.289673 163.892990 4.000000
v 164.289673 163.892990 -4.000000
v 165.112076 163.129929 4.000000
v 165.112076 163.129929 -4.000000
v 165.971481 162.408798 4.000000
v 165.971481 162.408798 -4.000000
v 166.865768 161.731400 4.000000
v 166.865768 161.731400 -4.000000
v 167.792709 161.099411 4.000000
v 167.792709 161.099411 -4.000000
v 168.750000 160.514435 4.000000
v 168.750000 160.514435 -4.000000
v 169.735260 159.977890 -4.000000
v 169.735260 159.977890 4.000000
v 170.746033 159.491119 4.000000
v 170.746033 159.491119 -4.000000
v 171.779831 159.055344 4.000000
v 171.779831 159.055344 -4.000000
v 172.834045 158.671631 4.000000
v 172.834045 158.671631 -4.000000
v 173.906082 158.340958 4.000000
v 173.906082 158.340958 -4.000000
v 174.993286 158.064117 4.000000
v 174.993286 158.064117 -4.000000
v 176.092911 157.841827 4.000000
v 176.092911 157.841827 -4.000000
v 177.202271 157.674622 4.000000
v 177.202271 157.674622 -4.000000
v 178.318573 157.562912 4.000000
v 178.318573 157.562912 -4.000000
v 179.439056 157.506989 4.000000
v 179.439056 157.506989 -4.000000
v 180.560944 157.506989 4.000000
v 180.560944 157.506989 -4.000000
v 181.681427 157.562912 4.000000
v 181.681427 157.562912 -4.000000
v 182.797729 157.674622 4.000000
v 182.797729 157.674622 -4.000000
v 183.907089 157.841827 4.000000
v 183.907089 157.841827 -4.000000
v 185.006714 158.064117 4.000000
v 185.006714 158.064117 -4.000000
v 186.093918 158.340958 4.000000
v 186.093918 158.340958 -4.000000
v 187.165955 158.671631 4.000000
v 187.165955 158.671631 -4.000000
v 188.220169 159.055344 4.000000
v 188.220169 159.055344 -4.000000
v 189.253967 159.491119 4.000000
v 189.253967 159.491119 -4.000000
v 190.264740 159.977890 4.000000
v 190.264740 159.977890 -4.000000
v 191.250000 160.514435 4.000000
v 191.250000 160.514435 -4.000000
v 192.207291 161.099411 4.000000
v 192.207291 161.099411 -4.000000
v 193.134232 161.731400 4.000000
v 193.134232 161.731400 -4.000000
v 194.028519 162.408798 4.000000
v 194.028519 162.408798 -4.000000
v 194.887924 163.129929 4.000000
v 194.887924 163.129929 -4.000000
v 195.710327 163.892990 4.000000
v 195.710327 163.892990 -4.000000
v 196.493668 164.696106 4.000000
v 196.493668 164.696106 -4.000000
v 197.235992 165.537277 4.000000
v 197.235992 165.537277 -4.000000
v 197.935486 166.414398 4.000000
v 197.935486 166.414398 -4.000000
v 198.590378 167.325302 4.000000
v 198.590378 167.325302 -4.000000
v 199.199051 168.267715 4.000000
v 199.199051 168.267715 -4.000000
v 199.759979 169.239288 4.000000
v 199.759979 169.239288 -4.000000
v 200.271805 170.237610 4.000000
v 200.271805 170.237610 -4.000000
v 200.733215 171.260223 4.000000
v 200.733215 171.260223 -4.000000
v 201.143082 172.304550 4.000000
v 201.143082 172.304550 -4.000000
v 201.500381 173.368011 4.000000
v 201.500381 173.368011 -4.000000
v 201.804245 174.447952 4.000000
v 201.804245 174.447952 -4.000000
v 202.053879 175.541718 4.000000
v 202.053879 175.541718 -4.000000
v 202.248688 176.646545 4.000000
v 202.248688 176.646545 -4.000000
v 202.388199 177.759720 4.000000
v 202.388199 177.759720 -4.000000
v 202.472031 178.878464 4.000000
v 202.472031 178.878464 -4.000000
v 173.643951 -186.356049 -0.448613
v 173.636032 -186.363968 0.000000
v -6.332337 -6.332337 -0.896111
v 173.667664 -186.332336 -0.896111
v 173.707123 -186.292877 -1.341380
v -6.237780 -6.237780 -1.783315
v 173.762222 -186.237778 -1.783315
v 173.832825 -186.167175 -2.220817
v 173.918777 -186.081223 -2.652797
v -6.081228 -6.081228 -2.652797
v 174.019836 -185.980164 -3.078181
v 174.135757 -185.864243 -3.495913
v 174.266266 -185.733734 -3.904954
v 174.411026 -185.588974 -4.304286
v -5.588968 -5.588968 -4.304286
v 174.569687 -185.430313 -4.692917
v 174.741852 -185.258148 -5.069880
v 174.927078 -185.072922 -5.434240
v -4.875077 -4.875077 -5.785089
v 175.124924 -184.875076 -5.785089
v 175.334885 -184.665115 -6.121555
v -4.665113 -4.665113 -6.121555
v 175.556442 -184.443558 -6.442801
v 175.789062 -184.210938 -6.748031
v -3.967865 -3.967865 -7.036483
v 176.032135 -183.967865 -7.036483
v 176.285080 -183.714920 -7.307442
v -3.714922 -3.714922 -7.307442
v -3.452743 -3.452743 -7.560233
v 176.547256 -183.452744 -7.560233
v 176.818024 -183.181976 -7.794229
v -2.903307 -2.903307 -8.008846
v 177.096695 -182.903305 -8.008846
v 177.382584 -182.617416 -8.203552
v 177.674988 -182.325012 -8.377864
v -2.325016 -2.325016 -8.377864
v -2.026837 -2.026837 -8.531346
v 177.973160 -182.026840 -8.531346
v -1.723618 -1.723618 -8.663618
v 178.276382 -181.723618 -8.663618
v 178.583893 -181.416107 -8.774351
v 178.894913 -181.105087 -8.863270
v 179.208679 -180.791321 -8.930153
v 179.524414 -180.475586 -8.974834
v 179.841339 -180.158661 -8.997203
v -0.158658 -0.158658 -8.997203
v 180.158661 -179.841339 -8.997203
v 180.475586 -179.524414 -8.974834
v 0.475579 0.475579 -8.974834
v 180.791321 -179.208679 -8.930153
v 181.105087 -178.894913 -8.863270
v 181.416107 -178.583893 -8.774351
v 1.416115 1.416115 -8.774351
v 181.723618 -178.276382 -8.663618
v 182.026840 -177.973160 -8.531346
v 182.325012 -177.674988 -8.377864
v 182.617416 -177.382584 -8.203552
v 2.903307 2.903307 -8.008846
v 182.903305 -177.096695 -8.008846
v 183.181976 -176.818024 -7.794229
v 183.452744 -176.547256 -7.560233
v 3.452743 3.452743 -7.560233
v 183.714920 -176.285080 -7.307442
v 183.967865 -176.032135 -7.036483
v 3.967865 3.967865 -7.036483
v 184.210938 -175.789062 -6.748031
v 4.210943 4.210943 -6.748031
v 4.443552 4.443552 -6.442801
v 184.443558 -175.556442 -6.442801
v 184.665115 -175.334885 -6.121555
v 184.875076 -175.124924 -5.785089
v 185.072922 -174.927078 -5.434240
v 5.072920 5.072920 -5.434240
v 5.258152 5.258152 -5.069880
v 185.258148 -174.741852 -5.069880
v 185.430313 -174.569687 -4.692917
v 185.588974 -174.411026 -4.304286
v 5.588968 5.588968 -4.304286
v 5.733731 5.733731 -3.904954
v 185.733734 -174.266266 -3.904954
v 5.864239 5.864239 -3.495913
v 185.864243 -174.135757 -3.495913
v 185.980164 -174.019836 -3.078181
v 186.081223 -173.918777 -2.652797
v 186.167175 -173.832825 -2.220817
v 186.237778 -173.762222 -1.783315
v 6.237780 6.237780 -1.783315
v 186.292877 -173.707123 -1.341380
v 186.332336 -173.667664 -0.896111
v 186.356049 -173.643951 -0.448613
v 186.363968 -173.636032 0.000000
v 6.363961 6.363961 0.000000
v 6.356050 6.356050 0.448613
v 186.356049 -173.643951 0.448613
v 186.332336 -173.667664 0.896111
v 186.292877 -173.707123 1.341380
v 6.292881 6.292881 1.341380
v 6.237780 6.237780 1.783315
v 186.237778 -173.762222 1.783315
v 186.167175 -173.832825 2.220817
v 186.081223 -173.918777 2.652797
v 185.980164 -174.019836 3.078181
v 5.980167 5.980167 3.078181
v 185.864243 -174.135757 3.495913
v 5.733731 5.733731 3.904954
v 185.733734 -174.266266 3.904954
v 185.588974 -174.411026 4.304286
v 5.588968 5.588968 4.304286
v 185.430313 -174.569687 4.692917
v 5.430310 5.430310 4.692917
v 185.258148 -174.741852 5.069880
v 185.072922 -174.927078 5.434240
v 5.072920 5.072920 5.434240
v 184.875076 -175.124924 5.785089
v 184.665115 -175.334885 6.121555
v 184.443558 -175.556442 6.442801
v 184.210938 -175.789062 6.748031
v 183.967865 -176.032135 7.036483
v 3.967865 3.967865 7.036483
v 183.714920 -176.285080 7.307442
v 3.714922 3.714922 7.307442
v 183.452744 -176.547256 7.560233
v 3.452743 3.452743 7.560233
v 183.181976 -176.818024 7.794229
v 3.181981 3.181981 7.794229
v 182.903305 -177.096695 8.008846
v 182.617416 -177.382584 8.203552
v 2.617415 2.617415 8.203552
v 2.325016 2.325016 8.377864
v 182.325012 -177.674988 8.377864
v 182.026840 -177.973160 8.531346
v 2.026837 2.026837 8.531346
v 181.723618 -178.276382 8.663618
v 181.416107 -178.583893 8.774351
v 1.416115 1.416115 8.774351
v 181.105087 -178.894913 8.863270
v 1.105090 1.105090 8.863270
v 0.791318 0.791318 8.930153
v 180.791321 -179.208679 8.930153
v 0.475579 0.475579 8.974834
v 180.475586 -179.524414 8.974834
v 180.158661 -179.841339 8.997203
v 179.841339 -180.158661 8.997203
v -0.158658 -0.158658 8.997203
v 179.524414 -180.475586 8.974834
v 179.208679 -180.791321 8.930153
v -0.791318 -0.791318 8.930153
v 178.894913 -181.105087 8.863270
v 178.583893 -181.416107 8.774351
v -1.416115 -1.416115 8.774351
v 178.276382 -181.723618 8.663618
v -1.723618 -1.723618 8.663618
v 177.973160 -182.026840 8.531346
v 177.674988 -182.325012 8.377864
v -2.325016 -2.325016 8.377864
v 177.382584 -182.617416 8.203552
v 177.096695 -182.903305 8.008846
v 176.818024 -183.181976 7.794229
v 176.547256 -183.452744 7.560233
v 176.285080 -183.714920 7.307442
v 176.032135 -183.967865 7.036483
v -3.967865 -3.967865 7.036483
v 175.789062 -184.210938 6.748031
v -4.210943 -4.210943 6.748031
v 175.556442 -184.443558 6.442801
v -4.443552 -4.443552 6.442801
v 175.334885 -184.665115 6.121555
v -4.665113 -4.665113 6.121555
v 175.124924 -184.875076 5.785089
v 174.927078 -185.072922 5.434240
v -5.072920 -5.072920 5.434240
v 174.741852 -185.258148 5.069880
v 174.569687 -185.430313 4.692917
v -5.430310 -5.430310 4.692917
v 174.411026 -185.588974 4.304286
v -5.588968 -5.588968 4.304286
v 174.266266 -185.733734 3.904954
v -5.733731 -5.733731 3.904954
v 174.135757 -185.864243 3.495913
v 174.019836 -185.980164 3.078181
v 173.918777 -186.081223 2.652797
v 173.832825 -186.167175 2.220817
v 173.762222 -186.237778 1.783315
v 173.707123 -186.292877 1.341380
v -6.332337 -6.332337 0.896111
v 173.667664 -186.332336 0.896111
v 173.643951 -186.356049 0.448613
v -6.356050 -6.356050 0.448613
v 202.472031 -178.878464 4.000000
v 202.500000 -180.000000 4.000000
v 202.500000 -180.000000 -4.000000
v 202.472031 -178.878464 -4.000000
v 202.388199 -177.759720 4.000000
v 202.388199 -177.759720 -4.000000
v 202.248688 -176.646545 4.000000
v 202.248688 -176.646545 -4.000000
v 202.053879 -175.541718 4.000000
v 202.053879 -175.541718 -4.000000
v 201.804245 -174.447952 4.000000
v 201.804245 -174.447952 -4.000000
v 201.500381 -173.368011 4.000000
v 201.500381 -173.368011 -4.000000
v 201.143082 -172.304550 4.000000
v 201.143082 -172.304550 -4.000000
v 200.733215 -171.260223 4.000000
v 200.733215 -171.260223 -4.000000
v 200.271805 -170.237610 4.000000
v 200.271805 -170.237610 -4.000000
v 199.759979 -169.239288 4.000000
v 199.759979 -169.239288 -4.000000
v 199.199051 -168.267715 4.000000
v 199.199051 -168.267715 -4.000000
v 198.590378 -167.325302 4.000000
v 198.590378 -167.325302 -4.000000
v 197.935486 -166.414398 4.000000
v 197.935486 -166.414398 -4.000000
v 197.235992 -165.537277 -4.000000
v 197.235992 -165.537277 4.000000
v 196.493668 -164.696106 4.000000
v 196.493668 -164.696106 -4.000000
v 195.710327 -163.892990 4.000000
v 195.710327 -163.892990 -4.000000
v 194.887924 -163.129929 4.000000
v 194.887924 -163.129929 -4.000000
v 194.028519 -162.408798 -4.000000
v 194.028519 -162.408798 4.000000
v 193.134232 -161.731400 4.000000
v 193.134232 -161.731400 -4.000000
v 192.207291 -161.099411 -4.000000
v 192.207291 -161.099411 4.000000
v 191.250000 -160.514435 4.000000
v 191.250000 -160.514435 -4.000000
v 190.264740 -159.977890 -4.000000
v 190.264740 -159.977890 4.000000
v 189.253967 -159.491119 4.000000
v 189.253967 -159.491119 -4.000000
v 188.220169 -159.055344 4.000000
v 188.220169 -159.055344 -4.000000
v 187.165955 -158.671631 4.000000
v 187.165955 -158.671631 -4.000000
v 186.093918 -158.340958 4.000000
v 186.093918 -158.340958 -4.000000
v 185.006714 -158.064117 4.000000
v 185.006714 -158.064117 -4.000000
v 183.907089 -157.841827 4.000000
v 183.907089 -157.841827 -4.000000
v 182.797729 -157.674622 4.000000
v 182.797729 -157.674622 -4.000000
v 181.681427 -157.562912 4.000000
v 181.681427 -157.562912 -4.000000
v 180.560944 -157.506989 4.000000
v 180.560944 -157.506989 -4.000000
v 179.439056 -157.506989 4.000000
v 179.439056 -157.506989 -4.000000
v 178.318573 -157.562912 -4.000000
v 178.318573 -157.562912 4.000000
v 177.202271 -157.674622 4.000000
v 177.202271 -157.674622 -4.000000
v 176.092911 -157.841827 4.000000
v 176.092911 -157.841827 -4.000000
v 174.993286 -158.064117 4.000000
v 174.993286 -158.064117 -4.000000
v 173.906082 -158.340958 4.000000
v 173.906082 -158.340958 -4.000000
v 172.834045 -158.671631 4.000000
v 172.834045 -158.671631 -4.000000
v 171.779831 -159.055344 -4.000000
v 171.779831 -159.055344 4.000000
v 170.746033 -159.491119 4.000000
v 170.746033 -159.491119 -4.000000
v 169.735260 -159.977890 4.000000
v 169.735260 -159.977890 -4.000000
v 168.750000 -160.514435 4.000000
v 168.750000 -160.514435 -4.000000
v 167.792709 -161.099411 4.000000
v 167.792709 -161.099411 -4.000000
v 166.865768 -161.731400 4.000000
v 166.865768 -161.731400 -4.000000
v 165.971481 -162.408798 4.000000
v 165.971481 -162.408798 -4.000000
v 165.112076 -163.129929 4.000000
v 165.112076 -163.129929 -4.000000
v 164.289673 -163.892990 4.000000
v 164.289673 -163.892990 -4.000000
v 163.506332 -164.696106 4.000000
v 163.506332 -164.696106 -4.000000
v 162.764008 -165.537277 4.000000
v 162.764008 -165.537277 -4.000000
v 162.064514 -166.414398 4.000000
v 162.064514 -166.414398 -4.000000
v 161.409622 -167.325302 4.000000
v 161.409622 -167.325302 -4.000000
v 160.800949 -168.267715 4.000000
v 160.800949 -168.267715 -4.000000
v 160.240021 -169.239288 -4.000000
v 160.240021 -169.239288 4.000000
v 159.728195 -170.237610 4.000000
v 159.728195 -170.237610 -4.000000
v 159.266785 -171.260223 4.000000
v 159.266785 -171.260223 -4.000000
v 158.856918 -172.304550 4.000000
v 158.856918 -172.304550 -4.000000
v 158.499619 -173.368011 4.000000
v 158.499619 -173.368011 -4.000000
v 158.195755 -174.447952 4.000000
v 158.195755 -174.447952 -4.000000
v 157.946121 -175.541718 4.000000
v 157.946121 -175.541718 -4.000000
v 157.751312 -176.646545 4.000000
v 157.751312 -176.646545 -4.000000
v 157.611801 -177.759720 4.000000
v 157.611801 -177.759720 -4.000000
v 157.527969 -178.878464 4.000000
v 157.527969 -178.878464 -4.000000
v 157.500000 -180.000000 4.000000
v 157.500000 -180.000000 -4.000000
v 157.527969 -181.121536 4.000000
v 157.527969 -181.121536 -4.000000
v 157.611801 -182.240280 4.000000
v 157.611801 -182.240280 -4.000000
v 157.751312 -183.353455 4.000000
v 157.751312 -183.353455 -4.000000
v 157.946121 -184.458282 4.000000
v 157.946121 -184.458282 -4.000000
v 158.195755 -185.552048 4.000000
v 158.195755 -185.552048 -4.000000
v 158.499619 -186.631989 4.000000
v 158.499619 -186.631989 -4.000000
v 158.856918 -187.695450 4.000000
v 158.856918 -187.695450 -4.000000
v 159.266785 -188.739777 4.000000
v 159.266785 -188.739777 -4.000000
v 159.728195 -189.762390 4.000000
v 159.728195 -189.762390 -4.000000
v 160.240021 -190.760712 4.000000
v 160.240021 -190.760712 -4.000000
v 160.800949 -191.732285 -4.000000
v 160.800949 -191.732285 4.000000
v 161.409622 -192.674698 4.000000
v 161.409622 -192.674698 -4.000000
v 162.064514 -193.585602 4.000000
v 162.064514 -193.585602 -4.000000
v 162.764008 -194.462723 4.000000
v 162.764008 -194.462723 -4.000000
v 163.506332 -195.303894 4.000000
v 163.506332 -195.303894 -4.000000
v 164.289673 -196.107010 4.000000
v 164.289673 -196.107010 -4.000000
v 165.112076 -196.870071 4.000000
v 165.112076 -196.870071 -4.000000
v 165.971481 -197.591202 4.000000
v 165.971481 -197.591202 -4.000000
v 166.865768 -198.268600 4.000000
v 166.865768 -198.268600 -4.000000
v 167.792709 -198.900589 4.000000
v 167.792709 -198.900589 -4.000000
v 168.750000 -199.485565 4.000000
v 168.750000 -199.485565 -4.000000
v 169.735260 -200.022110 -4.000000
v 169.735260 -200.022110 4.000000
v 170.746033 -200.508881 4.000000
v 170.746033 -200.508881 -4.000000
v 171.779831 -200.944656 4.000000
v 171.779831 -200.944656 -4.000000
v 172.834045 -201.328369 4.000000
v 172.834045 -201.328369 -4.000000
v 173.906082 -201.659042 4.000000
v 173.906082 -201.659042 -4.000000
v 174.993286 -201.935883 4.000000
v 174.993286 -201.935883 -4.000000
v 176.092911 -202.158173 4.000000
v 176.092911 -202.158173 -4.000000
v 177.202271 -202.325378 4.000000
v 177.202271 -202.325378 -4.000000
v 178.318573 -202.437088 4.000000
v 178.318573 -202.437088 -4.000000
v 179.439056 -202.493011 4.000000
v 179.439056 -202.493011 -4.000000
v 180.560944 -202.493011 4.000000
v 180.560944 -202.493011 -4.000000
v 181.681427 -202.437088 4.000000
v 181.681427 -202.437088 -4.000000
v 182.797729 -202.325378 4.000000
v 182.797729 -202.325378 -4.000000
v 183.907089 -202.158173 4.000000
v 183.907089 -202.158173 -4.000000
v 185.006714 -201.935883 4.000000
v 185.006714 -201.935883 -4.000000
v 186.093918 -201.659042 4.000000
v 186.093918 -201.659042 -4.000000
v 187.165955 -201.328369 4.000000
v 187.165955 -201.328369 -4.000000
v 188.220169 -200.944656 4.000000
v 188.220169 -200.944656 -4.000000
v 189.253967 -200.508881 4.000000
v 189.253967 -200.508881 -4.000000
v 190.264740 -200.022110 4.000000
v 190.264740 -200.022110 -4.000000
v 191.250000 -199.485565 4.000000
v 191.250000 -199.485565 -4.000000
v 192.207291 -198.900589 4.000000
v 192.207291 -198.900589 -4.000000
v 193.134232 -198.268600 4.000000
v 193.134232 -198.268600 -4.000000
v 194.028519 -197.591202 4.000000
v 194.028519 -197.591202 -4.000000
v 194.887924 -196.870071 4.000000
v 194.887924 -196.870071 -4.000000
v 195.710327 -196.107010 4.000000
v 195.710327 -196.107010 -4.000000
v 196.493668 -195.303894 4.000000
v 196.493668 -195.303894 -4.000000
v 197.235992 -194.462723 4.000000
v 197.235992 -194.462723 -4.000000
v 197.935486 -193.585602 4.000000
v 197.935486 -193.585602 -4.000000
v 198.590378 -192.674698 4.000000
v 198.590378 -192.674698 -4.000000
v 199.199051 -191.732285 4.000000
v 199.199051 -191.732285 -4.000000
v 199.759979 -190.760712 4.000000
v 199.759979 -190.760712 -4.000000
v 200.271805 -189.762390 4.000000
v 200.271805 -189.762390 -4.000000
v 200.733215 -188.739777 4.000000
v 200.733215 -188.739777 -4.000000
v 201.143082 -187.695450 4.000000
v 201.143082 -187.695450 -4.000000
v 201.500381 -186.631989 4.000000
v 201.500381 -186.631989 -4.000000
v 201.804245 -185.552048 4.000000
v 201.804245 -185.552048 -4.000000
v 202.053879 -184.458282 4.000000
v 202.053879 -184.458282 -4.000000
v 202.248688 -183.353455 4.000000
v 202.248688 -183.353455 -4.000000
v 202.388199 -182.240280 4.000000
v 202.388199 -182.240280 -4.000000
v 202.472031 -181.121536 4.000000
v 202.472031 -181.121536 -4.000000
v -186.356049 -173.643951 -0.448613
v -186.363968 -173.636032 0.000000
v -6.363961 6.363961 0.000000
v -6.356050 6.356050 -0.448613
v -6.332337 6.332337 -0.896111
v -186.332336 -173.667664 -0.896111
v -186.292877 -173.707123 -1.341380
v -6.237780 6.237780 -1.783315
v -186.237778 -173.762222 -1.783315
v -186.167175 -173.832825 -2.220817
v -186.081223 -173.918777 -2.652797
v -6.081228 6.081228 -2.652797
v -5.980167 5.980167 -3.078181
v -185.980164 -174.019836 -3.078181
v -185.864243 -174.135757 -3.495913
v -5.864239 5.864239 -3.495913
v -185.733734 -174.266266 -3.904954
v -5.733731 5.733731 -3.904954
v -185.588974 -174.411026 -4.304286
v -5.588968 5.588968 -4.304286
v -185.430313 -174.569687 -4.692917
v -5.430310 5.430310 -4.692917
v -185.258148 -174.741852 -5.069880
v -5.258152 5.258152 -5.069880
v -185.072922 -174.927078 -5.434240
v -4.875077 4.875077 -5.785089
v -184.875076 -175.124924 -5.785089
v -184.665115 -175.334885 -6.121555
v -184.443558 -175.556442 -6.442801
v -4.443552 4.443552 -6.442801
v -184.210938 -175.789062 -6.748031
v -4.210943 4.210943 -6.748031
v -183.967865 -176.032135 -7.036483
v -183.714920 -176.285080 -7.307442
v -3.452743 3.452743 -7.560233
v -183.452744 -176.547256 -7.560233
v -183.181976 -176.818024 -7.794229
v -182.903305 -177.096695 -8.008846
v -2.617415 2.617415 -8.203552
v -182.617416 -177.382584 -8.203552
v -182.325012 -177.674988 -8.377864
v -2.026837 2.026837 -8.531346
v -182.026840 -177.973160 -8.531346
v -1.723618 1.723618 -8.663618
v -181.723618 -178.276382 -8.663618
v -181.416107 -178.583893 -8.774351
v -1.416115 1.416115 -8.774351
v -1.105090 1.105090 -8.863270
v -181.105087 -178.894913 -8.863270
v -0.791318 0.791318 -8.930153
v -180.791321 -179.208679 -8.930153
v -180.475586 -179.524414 -8.974834
v -0.475579 0.475579 -8.974834
v -180.158661 -179.841339 -8.997203
v -0.158658 0.158658 -8.997203
v -179.841339 -180.158661 -8.997203
v 0.158658 -0.158658 -8.997203
v -179.524414 -180.475586 -8.974834
v -179.208679 -180.791321 -8.930153
v -178.894913 -181.105087 -8.863270
v 1.105090 -1.105090 -8.863270
v -178.583893 -181.416107 -8.774351
v 1.416115 -1.416115 -8.774351
v -178.276382 -181.723618 -8.663618
v -177.973160 -182.026840 -8.531346
v -177.674988 -182.325012 -8.377864
v 2.325016 -2.325016 -8.377864
v -177.382584 -182.617416 -8.203552
v 2.617415 -2.617415 -8.203552
v -177.096695 -182.903305 -8.008846
v -176.818024 -183.181976 -7.794229
v 3.181981 -3.181981 -7.794229
v -176.547256 -183.452744 -7.560233
v 3.452743 -3.452743 -7.560233
v -176.285080 -183.714920 -7.307442
v -176.032135 -183.967865 -7.036483
v 3.967865 -3.967865 -7.036483
v -175.789062 -184.210938 -6.748031
v -175.556442 -184.443558 -6.442801
v -175.334885 -184.665115 -6.121555
v 4.665113 -4.665113 -6.121555
v -175.124924 -184.875076 -5.785089
v -174.927078 -185.072922 -5.434240
v -174.741852 -185.258148 -5.069880
v -174.569687 -185.430313 -4.692917
v -174.411026 -185.588974 -4.304286
v 5.588968 -5.588968 -4.304286
v -174.266266 -185.733734 -3.904954
v 5.864239 -5.864239 -3.495913
v -174.135757 -185.864243 -3.495913
v 5.980167 -5.980167 -3.078181
v -174.019836 -185.980164 -3.078181
v -173.918777 -186.081223 -2.652797
v -173.832825 -186.167175 -2.220817
v -173.762222 -186.237778 -1.783315
v 6.237780 -6.237780 -1.783315
v -173.707123 -186.292877 -1.341380
v 6.292881 -6.292881 -1.341380
v 6.332337 -6.332337 -0.896111
v -173.667664 -186.332336 -0.896111
v -173.643951 -186.356049 -0.448613
v 6.356050 -6.356050 -0.448613
v -173.636032 -186.363968 0.000000
v 6.356050 -6.356050 0.448613
v -173.643951 -186.356049 0.448613
v -173.667664 -186.332336 0.896111
v 6.332337 -6.332337 0.896111
v -173.707123 -186.292877 1.341380
v 6.292881 -6.292881 1.341380
v 6.237780 -6.237780 1.783315
v -173.762222 -186.237778 1.783315
v -173.832825 -186.167175 2.220817
v 6.167170 -6.167170 2.220817
v 6.081228 -6.081228 2.652797
v -173.918777 -186.081223 2.652797
v -174.019836 -185.980164 3.078181
v -174.135757 -185.864243 3.495913
v 5.733731 -5.733731 3.904954
v -174.266266 -185.733734 3.904954
v -174.411026 -185.588974 4.304286
v -174.569687 -185.430313 4.692917
v 5.430310 -5.430310 4.692917
v -174.741852 -185.258148 5.069880
v 5.258152 -5.258152 5.069880
v -174.927078 -185.072922 5.434240
v -175.124924 -184.875076 5.785089
v 4.875077 -4.875077 5.785089
v -175.334885 -184.665115 6.121555
v -175.556442 -184.443558 6.442801
v 4.443552 -4.443552 6.442801
v -175.789062 -184.210938 6.748031
v 4.210943 -4.210943 6.748031
v -176.032135 -183.967865 7.036483
v 3.967865 -3.967865 7.036483
v -176.285080 -183.714920 7.307442
v -176.547256 -183.452744 7.560233
v -176.818024 -183.181976 7.794229
v 3.181981 -3.181981 7.794229
v -177.096695 -182.903305 8.008846
v -177.382584 -182.617416 8.203552
v -177.674988 -182.325012 8.377864
v -177.973160 -182.026840 8.531346
v 2.026837 -2.026837 8.531346
v -178.276382 -181.723618 8.663618
v -178.583893 -181.416107 8.774351
v -178.894913 -181.105087 8.863270
v 1.105090 -1.105090 8.863270
v -179.208679 -180.791321 8.930153
v -179.524414 -180.475586 8.974834
v -179.841339 -180.158661 8.997203
v -180.158661 -179.841339 8.997203
v -0.158658 0.158658 8.997203
v -180.475586 -179.524414 8.974834
v -180.791321 -179.208679 8.930153
v -181.105087 -178.894913 8.863270
v -181.416107 -178.583893 8.774351
v -181.723618 -178.276382 8.663618
v -182.026840 -177.973160 8.531346
v -182.325012 -177.674988 8.377864
v -2.325016 2.325016 8.377864
v -182.617416 -177.382584 8.203552
v -182.903305 -177.096695 8.008846
v -183.181976 -176.818024 7.794229
v -183.452744 -176.547256 7.560233
v -3.452743 3.452743 7.560233
v -183.714920 -176.285080 7.307442
v -183.967865 -176.032135 7.036483
v -184.210938 -175.789062 6.748031
v -4.210943 4.210943 6.748031
v -184.443558 -175.556442 6.442801
v -4.443552 4.443552 6.442801
v -184.665115 -175.334885 6.121555
v -4.665113 4.665113 6.121555
v -184.875076 -175.124924 5.785089
v -185.072922 -174.927078 5.434240
v -5.072920 5.072920 5.434240
v -185.258148 -174.741852 5.069880
v -185.430313 -174.569687 4.692917
v -185.588974 -174.411026 4.304286
v -5.588968 5.588968 4.304286
v -185.733734 -174.266266 3.904954
v -185.864243 -174.135757 3.495913
v -185.980164 -174.019836 3.078181
v -186.081223 -173.918777 2.652797
v -6.081228 6.081228 2.652797
v -186.167175 -173.832825 2.220817
v -6.167170 6.167170 2.220817
v -186.237778 -173.762222 1.783315
v -186.292877 -173.707123 1.341380
v -6.332337 6.332337 0.896111
v -186.332336 -173.667664 0.896111
v -186.356049 -173.643951 0.448613
v -6.356050 6.356050 0.448613
v -157.527969 -178.878464 4.000000
v -157.500000 -180.000000 4.000000
v -157.500000 -180.000000 -4.000000
v -157.527969 -178.878464 -4.000000
v -157.611801 -177.759720 4.000000
v -157.611801 -177.759720 -4.000000
v -157.751312 -176.646545 4.000000
v -157.751312 -176.646545 -4.000000
v -157.946121 -175.541718 4.000000
v -157.946121 -175.541718 -4.000000
v -158.195755 -174.447952 4.000000
v -158.195755 -174.447952 -4.000000
v -158.499619 -173.368011 4.000000
v -158.499619 -173.368011 -4.000000
v -158.856918 -172.304550 4.000000
v -158.856918 -172.304550 -4.000000
v -159.266785 -171.260223 4.000000
v -159.266785 -171.260223 -4.000000
v -159.728195 -170.237610 4.000000
v -159.728195 -170.237610 -4.000000
v -160.240021 -169.239288 4.000000
v -160.240021 -169.239288 -4.000000
v -160.800949 -168.267715 4.000000
v -160.800949 -168.267715 -4.000000
v -161.409622 -167.325302 4.000000
v -161.409622 -167.325302 -4.000000
v -162.064514 -166.414398 4.000000
v -162.064514 -166.414398 -4.000000
v -162.764008 -165.537277 -4.000000
v -162.764008 -165.537277 4.000000
v -163.506332 -164.696106 4.000000
v -163.506332 -164.696106 -4.000000
v -164.289673 -163.892990 4.000000
v -164.289673 -163.892990 -4.000000
v -165.112076 -163.129929 4.000000
v -165.112076 -163.129929 -4.000000
v -165.971481 -162.408798 -4.000000
v -165.971481 -162.408798 4.000000
v -166.865768 -161.731400 4.000000
v -166.865768 -161.731400 -4.000000
v -167.792709 -161.099411 -4.000000
v -167.792709 -161.099411 4.000000
v -168.750000 -160.514435 4.000000
v -168.750000 -160.514435 -4.000000
v -169.735260 -159.977890 -4.000000
v -169.735260 -159.977890 4.000000
v -170.746033 -159.491119 4.000000
v -170.746033 -159.491119 -4.000000
v -171.779831 -159.055344 4.000000
v -171.779831 -159.055344 -4.000000
v -172.834045 -158.671631 4.000000
v -172.834045 -158.671631 -4.000000
v -173.906082 -158.340958 4.000000
v -173.906082 -158.340958 -4.000000
v -174.993286 -158.064117 4.000000
v -174.993286 -158.064117 -4.000000
v -176.092911 -157.841827 4.000000
v -176.092911 -157.841827 -4.000000
v -177.202271 -157.674622 4.000000
v -177.202271 -157.674622 -4.000000
v -178.318573 -157.562912 4.000000
v -178.318573 -157.562912 -4.000000
v -179.439056 -157.506989 4.000000
v -179.439056 -157.506989 -4.000000
v -180.560944 -157.506989 4.000000
v -180.560944 -157.506989 -4.000000
v -181.681427 -157.562912 -4.000000
v -181.681427 -157.562912 4.000000
v -182.797729 -157.674622 4.000000
v -182.797729 -157.674622 -4.000000
v -183.907089 -157.841827 4.000000
v -183.907089 -157.841827 -4.000000
v -185.006714 -158.064117 4.000000
v -185.006714 -158.064117 -4.000000
v -186.093918 -158.340958 4.000000
v -186.093918 -158.340958 -4.000000
v -187.165955 -158.671631 4.000000
v -187.165955 -158.671631 -4.000000
v -188.220169 -159.055344 -4.000000
v -188.220169 -159.055344 4.000000
v -189.253967 -159.491119 4.000000
v -189.253967 -159.491119 -4.000000
v -190.264740 -159.977890 4.000000
v -190.264740 -159.977890 -4.000000
v -191.250000 -160.514435 4.000000
v -191.250000 -160.514435 -4.000000
v -192.207291 -161.099411 4.000000
v -192.207291 -161.099411 -4.000000
v -193.134232 -161.731400 4.000000
v -193.134232 -161.731400 -4.000000
v -194.028519 -162.408798 4.000000
v -194.028519 -162.408798 -4.000000
v -194.887924 -163.129929 4.000000
v -194.887924 -163.129929 -4.000000
v -195.710327 -163.892990 4.000000
v -195.710327 -163.892990 -4.000000
v -196.493668 -164.696106 4.000000
v -196.493668 -164.696106 -4.000000
v -197.235992 -165.537277 4.000000
v -197.235992 -165.537277 -4.000000
v -197.935486 -166.414398 4.000000
v -197.935486 -166.414398 -4.000000
v -198.590378 -167.325302 4.000000
v -198.590378 -167.325302 -4.000000
v -199.199051 -168.267715 4.000000
v -199.199051 -168.267715 -4.000000
v -199.759979 -169.239288 -4.000000
v -199.759979 -169.239288 4.000000
v -200.271805 -170.237610 4.000000
v -200.271805 -170.237610 -4.000000
v -200.733215 -171.260223 4.000000
v -200.733215 -171.260223 -4.000000
v -201.143082 -172.304550 4.000000
v -201.143082 -172.304550 -4.000000
v -201.500381 -173.368011 4.000000
v -201.500381 -173.368011 -4.000000
v -201.804245 -174.447952 4.000000
v -201.804245 -174.447952 -4.000000
v -202.053879 -175.541718 4.000000
v -202.053879 -175.541718 -4.000000
v -202.248688 -176.646545 4.000000
v -202.248688 -176.646545 -4.000000
v -202.388199 -177.759720 4.000000
v -202.388199 -177.759720 -4.000000
v -202.472031 -178.878464 4.000000
v -202.472031 -178.878464 -4.000000
v -202.500000 -180.000000 4.000000
v -202.500000 -180.000000 -4.000000
v -202.472031 -181.121536 4.000000
v -202.472031 -181.121536 -4.000000
v -202.388199 -182.240280 4.000000
v -202.388199 -182.240280 -4.000000
v -202.248688 -183.353455 4.000000
v -202.248688 -183.353455 -4.000000
v -202.053879 -184.458282 4.000000
v -202.053879 -184.458282 -4.000000
v -201.804245 -185.552048 4.000000
v -201.804245 -185.552048 -4.000000
v -201.500381 -186.631989 4.000000
v -201.500381 -186.631989 -4.000000
v -201.143082 -187.695450 4.000000
v -201.143082 -187.695450 -4.000000
v -200.733215 -188.739777 4.000000
v -200.733215 -188.739777 -4.000000
v -200.271805 -189.762390 4.000000
v -200.271805 -189.762390 -4.000000
v -199.759979 -190.760712 4.000000
v -199.759979 -190.760712 -4.000000
v -199.199051 -191.732285 -4.000000
v -199.199051 -191.732285 4.000000
v -198.590378 -192.674698 4.000000
v -198.590378 -192.674698 -4.000000
v -197.935486 -193.585602 4.000000
v -197.935486 -193.585602 -4.000000
v -197.235992 -194.462723 4.000000
v -197.235992 -194.462723 -4.000000
v -196.493668 -195.303894 4.000000
v -196.493668 -195.303894 -4.000000
v -195.710327 -196.107010 4.000000
v -195.710327 -196.107010 -4.000000
v -194.887924 -196.870071 4.000000
v -194.887924 -196.870071 -4.000000
v -194.028519 -197.591202 4.000000
v -194.028519 -197.591202 -4.000000
v -193.134232 -198.268600 4.000000
v -193.134232 -198.268600 -4.000000
v -192.207291 -198.900589 4.000000
v -192.207291 -198.900589 -4.000000
v -191.250000 -199.485565 4.000000
v -191.250000 -199.485565 -4.000000
v -190.264740 -200.022110 -4.000000
v -190.264740 -200.022110 4.000000
v -189.253967 -200.508881 4.000000
v -189.253967 -200.508881 -4.000000
v -188.220169 -200.944656 4.000000
v -188.220169 -200.944656 -4.000000
v -187.165955 -201.328369 4.000000
v -187.165955 -201.328369 -4.000000
v -186.093918 -201.659042 4.000000
v -186.093918 -201.659042 -4.000000
v -185.006714 -201.935883 4.000000
v -185.006714 -201.935883 -4.000000
v -183.907089 -202.158173 4.000000
v -183.907089 -202.158173 -4.000000
v -182.797729 -202.325378 4.000000
v -182.797729 -202.325378 -4.000000
v -181.681427 -202.437088 4.000000
v -181.681427 -202.437088 -4.000000
v -180.560944 -202.493011 4.000000
v -180.560944 -202.493011 -4.000000
v -179.439056 -202.493011 4.000000
v -179.439056 -202.493011 -4.000000
v -178.318573 -202.437088 4.000000
v -178.318573 -202.437088 -4.000000
v -177.202271 -202.325378 4.000000
v -177.202271 -202.325378 -4.000000
v -176.092911 -202.158173 4.000000
v -176.092911 -202.158173 -4.000000
v -174.993286 -201.935883 4.000000
v -174.993286 -201.935883 -4.000000
v -173.906082 -201.659042 4.000000
v -173.906082 -201.659042 -4.000000
v -172.834045 -201.328369 4.000000
v -172.834045 -201.328369 -4.000000
v -171.779831 -200.944656 4.000000
v -171.779831 -200.944656 -4.000000
v -170.746033 -200.508881 4.000000
v -170.746033 -200.508881 -4.000000
v -169.735260 -200.022110 4.000000
v -169.735260 -200.022110 -4.000000
v -168.750000 -199.485565 4.000000
v -168.750000 -199.485565 -4.000000
v -167.792709 -198.900589 4.000000
v -167.792709 -198.900589 -4.000000
v -166.865768 -198.268600 4.000000
v -166.865768 -198.268600 -4.000000
v -165.971481 -197.591202 4.000000
v -165.971481 -197.591202 -4.000000
v -165.112076 -196.870071 4.000000
v -165.112076 -196.870071 -4.000000
v -164.289673 -196.107010 4.000000
v -164.289673 -196.107010 -4.000000
v -163.506332 -195.303894 4.000000
v -163.506332 -195.303894 -4.000000
v -162.764008 -194.462723 4.000000
v -162.764008 -194.462723 -4.000000
v -162.064514 -193.585602 4.000000
v -162.064514 -193.585602 -4.000000
v -161.409622 -192.674698 4.000000
v -161.409622 -192.674698 -4.000000
v -160.800949 -191.732285 4.000000
v -160.800949 -191.732285 -4.000000
v -160.240021 -190.760712 4.000000
v -160.240021 -190.760712 -4.000000
v -159.728195 -189.762390 4.000000
v -159.728195 -189.762390 -4.000000
v -159.266785 -188.739777 4.000000
v -159.266785 -188.739777 -4.000000
v -158.856918 -187.695450 4.000000
v -158.856918 -187.695450 -4.000000
v -158.499619 -186.631989 4.000000
v -158.499619 -186.631989 -4.000000
v -158.195755 -185.552048 4.000000
v -158.195755 -185.552048 -4.000000
v -157.946121 -184.458282 4.000000
v -157.946121 -184.458282 -4.000000
v -157.751312 -183.353455 4.000000
v -157.751312 -183.353455 -4.000000
v -157.611801 -182.240280 4.000000
v -157.611801 -182.240280 -4.000000
v -157.527969 -181.121536 4.000000
v -157.527969 -181.121536 -4.000000
v -173.643951 186.356049 -0.448613
v -173.636032 186.363968 0.000000
v 6.356050 6.356050 -0.448613
v 6.332337 6.332337 -0.896111
v -173.667664 186.332336 -0.896111
v -173.707123 186.292877 -1.341380
v 6.292881 6.292881 -1.341380
v -173.762222 186.237778 -1.783315
v -173.832825 186.167175 -2.220817
v 6.167170 6.167170 -2.220817
v -173.918777 186.081223 -2.652797
v 6.081228 6.081228 -2.652797
v 5.980167 5.980167 -3.078181
v -174.019836 185.980164 -3.078181
v -174.135757 185.864243 -3.495913
v -174.266266 185.733734 -3.904954
v -174.411026 185.588974 -4.304286
v -174.569687 185.430313 -4.692917
v 5.430310 5.430310 -4.692917
v -174.741852 185.258148 -5.069880
v -174.927078 185.072922 -5.434240
v 4.875077 4.875077 -5.785089
v -175.124924 184.875076 -5.785089
v -175.334885 184.665115 -6.121555
v 4.665113 4.665113 -6.121555
v -175.556442 184.443558 -6.442801
v -175.789062 184.210938 -6.748031
v -176.032135 183.967865 -7.036483
v -176.285080 183.714920 -7.307442
v 3.714922 3.714922 -7.307442
v -176.547256 183.452744 -7.560233
v -176.818024 183.181976 -7.794229
v 3.181981 3.181981 -7.794229
v -177.096695 182.903305 -8.008846
v 2.617415 2.617415 -8.203552
v -177.382584 182.617416 -8.203552
v -177.674988 182.325012 -8.377864
v 2.325016 2.325016 -8.377864
v 2.026837 2.026837 -8.531346
v -177.973160 182.026840 -8.531346
v 1.723618 1.723618 -8.663618
v -178.276382 181.723618 -8.663618
v -178.583893 181.416107 -8.774351
v 1.105090 1.105090 -8.863270
v -178.894913 181.105087 -8.863270
v 0.791318 0.791318 -8.930153
v -179.208679 180.791321 -8.930153
v -179.524414 180.475586 -8.974834
v -179.841339 180.158661 -8.997203
v 0.158658 0.158658 -8.997203
v -180.158661 179.841339 -8.997203
v -180.475586 179.524414 -8.974834
v -0.475579 -0.475579 -8.974834
v -180.791321 179.208679 -8.930153
v -0.791318 -0.791318 -8.930153
v -181.105087 178.894913 -8.863270
v -1.105090 -1.105090 -8.863270
v -181.416107 178.583893 -8.774351
v -1.416115 -1.416115 -8.774351
v -181.723618 178.276382 -8.663618
v -182.026840 177.973160 -8.531346
v -182.325012 177.674988 -8.377864
v -182.617416 177.382584 -8.203552
v -2.617415 -2.617415 -8.203552
v -182.903305 177.096695 -8.008846
v -183.181976 176.818024 -7.794229
v -3.181981 -3.181981 -7.794229
v -183.452744 176.547256 -7.560233
v -183.714920 176.285080 -7.307442
v -183.967865 176.032135 -7.036483
v -184.210938 175.789062 -6.748031
v -4.210943 -4.210943 -6.748031
v -4.443552 -4.443552 -6.442801
v -184.443558 175.556442 -6.442801
v -184.665115 175.334885 -6.121555
v -184.875076 175.124924 -5.785089
v -185.072922 174.927078 -5.434240
v -5.072920 -5.072920 -5.434240
v -5.258152 -5.258152 -5.069880
v -185.258148 174.741852 -5.069880
v -185.430313 174.569687 -4.692917
v -5.430310 -5.430310 -4.692917
v -185.588974 174.411026 -4.304286
v -5.733731 -5.733731 -3.904954
v -185.733734 174.266266 -3.904954
v -5.864239 -5.864239 -3.495913
v -185.864243 174.135757 -3.495913
v -5.980167 -5.980167 -3.078181
v -185.980164 174.019836 -3.078181
v -186.081223 173.918777 -2.652797
v -186.167175 173.832825 -2.220817
v -6.167170 -6.167170 -2.220817
v -186.237778 173.762222 -1.783315
v -186.292877 173.707123 -1.341380
v -6.292881 -6.292881 -1.341380
v -186.332336 173.667664 -0.896111
v -186.356049 173.643951 -0.448613
v -6.356050 -6.356050 -0.448613
v -186.363968 173.636032 0.000000
v -6.363961 -6.363961 0.000000
v -186.356049 173.643951 0.448613
v -186.332336 173.667664 0.896111
v -186.292877 173.707123 1.341380
v -6.292881 -6.292881 1.341380
v -6.237780 -6.237780 1.783315
v -186.237778 173.762222 1.783315
v -186.167175 173.832825 2.220817
v -6.167170 -6.167170 2.220817
v -6.081228 -6.081228 2.652797
v -186.081223 173.918777 2.652797
v -185.980164 174.019836 3.078181
v -5.980167 -5.980167 3.078181
v -185.864243 174.135757 3.495913
v -5.864239 -5.864239 3.495913
v -185.733734 174.266266 3.904954
v -185.588974 174.411026 4.304286
v -185.430313 174.569687 4.692917
v -185.258148 174.741852 5.069880
v -5.258152 -5.258152 5.069880
v -185.072922 174.927078 5.434240
v -184.875076 175.124924 5.785089
v -4.875077 -4.875077 5.785089
v -184.665115 175.334885 6.121555
v -184.443558 175.556442 6.442801
v -184.210938 175.789062 6.748031
v -183.967865 176.032135 7.036483
v -183.714920 176.285080 7.307442
v -3.714922 -3.714922 7.307442
v -183.452744 176.547256 7.560233
v -3.452743 -3.452743 7.560233
v -183.181976 176.818024 7.794229
v -3.181981 -3.181981 7.794229
v -182.903305 177.096695 8.008846
v -2.903307 -2.903307 8.008846
v -182.617416 177.382584 8.203552
v -2.617415 -2.617415 8.203552
v -182.325012 177.674988 8.377864
v -182.026840 177.973160 8.531346
v -2.026837 -2.026837 8.531346
v -181.723618 178.276382 8.663618
v -181.416107 178.583893 8.774351
v -181.105087 178.894913 8.863270
v -1.105090 -1.105090 8.863270
v -180.791321 179.208679 8.930153
v -0.475579 -0.475579 8.974834
v -180.475586 179.524414 8.974834
v -180.158661 179.841339 8.997203
v -179.841339 180.158661 8.997203
v 0.158658 0.158658 8.997203
v -179.524414 180.475586 8.974834
v -179.208679 180.791321 8.930153
v -178.894913 181.105087 8.863270
v -178.583893 181.416107 8.774351
v -178.276382 181.723618 8.663618
v 1.723618 1.723618 8.663618
v -177.973160 182.026840 8.531346
v -177.674988 182.325012 8.377864
v -177.382584 182.617416 8.203552
v -177.096695 182.903305 8.008846
v 2.903307 2.903307 8.008846
v -176.818024 183.181976 7.794229
v -176.547256 183.452744 7.560233
v -176.285080 183.714920 7.307442
v -176.032135 183.967865 7.036483
v -175.789062 184.210938 6.748031
v 4.210943 4.210943 6.748031
v -175.556442 184.443558 6.442801
v 4.443552 4.443552 6.442801
v -175.334885 184.665115 6.121555
v 4.665113 4.665113 6.121555
v 4.875077 4.875077 5.785089
v -175.124924 184.875076 5.785089
v -174.927078 185.072922 5.434240
v -174.741852 185.258148 5.069880
v 5.258152 5.258152 5.069880
v -174.569687 185.430313 4.692917
v -174.411026 185.588974 4.304286
v -174.266266 185.733734 3.904954
v -174.135757 185.864243 3.495913
v 5.864239 5.864239 3.495913
v -174.019836 185.980164 3.078181
v -173.918777 186.081223 2.652797
v 6.081228 6.081228 2.652797
v -173.832825 186.167175 2.220817
v 6.167170 6.167170 2.220817
v -173.762222 186.237778 1.783315
v -173.707123 186.292877 1.341380
v 6.332337 6.332337 0.896111
v -173.667664 186.332336 0.896111
v -173.643951 186.356049 0.448613
v -157.527969 181.121536 4.000000
v -157.500000 180.000000 4.000000
v -157.500000 180.000000 -4.000000
v -157.527969 181.121536 -4.000000
v -157.611801 182.240280 4.000000
v -157.611801 182.240280 -4.000000
v -157.751312 183.353455 4.000000
v -157.751312 183.353455 -4.000000
v -157.946121 184.458282 4.000000
v -157.946121 184.458282 -4.000000
v -158.195755 185.552048 4.000000
v -158.195755 185.552048 -4.000000
v -158.499619 186.631989 4.000000
v -158.499619 186.631989 -4.000000
v -158.856918 187.695450 4.000000
v -158.856918 187.695450 -4.000000
v -159.266785 188.739777 4.000000
v -159.266785 188.739777 -4.000000
v -159.728195 189.762390 4.000000
v -159.728195 189.762390 -4.000000
v -160.240021 190.760712 4.000000
v -160.240021 190.760712 -4.000000
v -160.800949 191.732285 4.000000
v -160.800949 191.732285 -4.000000
v -161.409622 192.674698 4.000000
v -161.409622 192.674698 -4.000000
v -162.064514 193.585602 4.000000
v -162.064514 193.585602 -4.000000
v -162.764008 194.462723 -4.000000
v -162.764008 194.462723 4.000000
v -163.506332 195.303894 4.000000
v -163.506332 195.303894 -4.000000
v -164.289673 196.107010 4.000000
v -164.289673 196.107010 -4.000000
v -165.112076 196.870071 4.000000
v -165.112076 196.870071 -4.000000
v -165.971481 197.591202 -4.000000
v -165.971481 197.591202 4.000000
v -166.865768 198.268600 4.000000
v -166.865768 198.268600 -4.000000
v -167.792709 198.900589 -4.000000
v -167.792709 198.900589 4.000000
v -168.750000 199.485565 4.000000
v -168.750000 199.485565 -4.000000
v -169.735260 200.022110 -4.000000
v -169.735260 200.022110 4.000000
v -170.746033 200.508881 4.000000
v -170.746033 200.508881 -4.000000
v -171.779831 200.944656 4.000000
v -171.779831 200.944656 -4.000000
v -172.834045 201.328369 4.000000
v -172.834045 201.328369 -4.000000
v -173.906082 201.659042 4.000000
v -173.906082 201.659042 -4.000000
v -174.993286 201.935883 4.000000
v -174.993286 201.935883 -4.000000
v -176.092911 202.158173 4.000000
v -176.092911 202.158173 -4.000000
v -177.202271 202.325378 4.000000
v -177.202271 202.325378 -4.000000
v -178.318573 202.437088 4.000000
v -178.318573 202.437088 -4.000000
v -179.439056 202.493011 4.000000
v -179.439056 202.493011 -4.000000
v -180.560944 202.493011 4.000000
v -180.560944 202.493011 -4.000000
v -181.681427 202.437088 -4.000000
v -181.681427 202.437088 4.000000
v -182.797729 202.325378 4.000000
v -182.797729 202.325378 -4.000000
v -183.907089 202.158173 4.000000
v -183.907089 202.158173 -4.000000
v -185.006714 201.935883 4.000000
v -185.006714 201.935883 -4.000000
v -186.093918 201.659042 4.000000
v -186.093918 201.659042 -4.000000
v -187.165955 201.328369 4.000000
v -187.165955 201.328369 -4.000000
v -188.220169 200.944656 -4.000000
v -188.220169 200.944656 4.000000
v -189.253967 200.508881 4.000000
v -189.253967 200.508881 -4.000000
v -190.264740 200.022110 4.000000
v -190.264740 200.022110 -4.000000
v -191.250000 199.485565 4.000000
v -191.250000 199.485565 -4.000000
v -192.207291 198.900589 4.000000
v -192.207291 198.900589 -4.000000
v -193.134232 198.268600 4.000000
v -193.134232 198.268600 -4.000000
v -194.028519 197.591202 4.000000
v -194.028519 197.591202 -4.000000
v -194.887924 196.870071 4.000000
v -194.887924 196.870071 -4.000000
v -195.710327 196.107010 4.000000
v -195.710327 196.107010 -4.000000
v -196.493668 195.303894 4.000000
v -196.493668 195.303894 -4.000000
v -197.235992 194.462723 4.000000
v -197.235992 194.462723 -4.000000
v -197.935486 193.585602 4.000000
v -197.935486 193.585602 -4.000000
v -198.590378 192.674698 4.000000
v -198.590378 192.674698 -4.000000
v -199.199051 191.732285 4.000000
v -199.199051 191.732285 -4.000000
v -199.759979 190.760712 -4.000000
v -199.759979 190.760712 4.000000
v -200.271805 189.762390 4.000000
v -200.271805 189.762390 -4.000000
v -200.733215 188.739777 4.000000
v -200.733215 188.739777 -4.000000
v -201.143082 187.695450 4.000000
v -201.143082 187.695450 -4.000000
v -201.500381 186.631989 4.000000
v -201.500381 186.631989 -4.000000
v -201.804245 185.552048 4.000000
v -201.804245 185.552048 -4.000000
v -202.053879 184.458282 4.000000
v -202.053879 184.458282 -4.000000
v -202.248688 183.353455 4.000000
v -202.248688 183.353455 -4.000000
v -202.388199 182.240280 4.000000
v -202.388199 182.240280 -4.000000
v -202.472031 181.121536 4.000000
v -202.472031 181.121536 -4.000000
v -202.500000 180.000000 4.000000
v -202.500000 180.000000 -4.000000
v -202.472031 178.878464 4.000000
v -202.472031 178.878464 -4.000000
v -202.388199 177.759720 4.000000
v -202.388199 177.759720 -4.000000
v -202.248688 176.646545 4.000000
v -202.248688 176.646545 -4.000000
v -202.053879 175.541718 4.000000
v -202.053879 175.541718 -4.000000
v -201.804245 174.447952 4.000000
v -201.804245 174.447952 -4.000000
v -201.500381 173.368011 4.000000
v -201.500381 173.368011 -4.000000
v -201.143082 172.304550 4.000000
v -201.143082 172.304550 -4.000000
v -200.733215 171.260223 4.000000
v -200.733215 171.260223 -4.000000
v -200.271805 170.237610 4.000000
v -200.271805 170.237610 -4.000000
v -199.759979 169.239288 4.000000
v -199.759979 169.239288 -4.000000
v -199.199051 168.267715 -4.000000
v -199.199051 168.267715 4.000000
v -198.590378 167.325302 4.000000
v -198.590378 167.325302 -4.000000
v -197.935486 166.414398 4.000000
v -197.935486 166.414398 -4.000000
v -197.235992 165.537277 4.000000
v -197.235992 165.537277 -4.000000
v -196.493668 164.696106 4.000000
v -196.493668 164.696106 -4.000000
v -195.710327 163.892990 4.000000
v -195.710327 163.892990 -4.000000
v -194.887924 163.129929 4.000000
v -194.887924 163.129929 -4.000000
v -194.028519 162.408798 4.000000
v -194.028519 162.408798 -4.000000
v -193.134232 161.731400 4.000000
v -193.134232 161.731400 -4.000000
v -192.207291 161.099411 4.000000
v -192.207291 161.099411 -4.000000
v -191.250000 160.514435 4.000000
v -191.250000 160.514435 -4.000000
v -190.264740 159.977890 -4.000000
v -190.264740 159.977890 4.000000
v -189.253967 159.491119 4.000000
v -189.253967 159.491119 -4.000000
v -188.220169 159.055344 4.000000
v -188.220169 159.055344 -4.000000
v -187.165955 158.671631 4.000000
v -187.165955 158.671631 -4.000000
v -186.093918 158.340958 4.000000
v -186.093918 158.340958 -4.000000
v -185.006714 158.064117 4.000000
v -185.006714 158.064117 -4.000000
v -183.907089 157.841827 4.000000
v -183.907089 157.841827 -4.000000
v -182.797729 157.674622 4.000000
v -182.797729 157.674622 -4.000000
v -181.681427 157.562912 4.000000
v -181.681427 157.562912 -4.000000
v -180.560944 157.506989 4.000000
v -180.560944 157.506989 -4.000000
v -179.439056 157.506989 4.000000
v -179.439056 157.506989 -4.000000
v -178.318573 157.562912 4.000000
v -178.318573 157.562912 -4.000000
v -177.202271 157.674622 4.000000
v -177.202271 157.674622 -4.000000
v -176.092911 157.841827 4.000000
v -176.092911 157.841827 -4.000000
v -174.993286 158.064117 4.000000
v -174.993286 158.064117 -4.000000
v -173.906082 158.340958 4.000000
v -173.906082 158.340958 -4.000000
v -172.834045 158.671631 4.000000
v -172.834045 158.671631 -4.000000
v -171.779831 159.055344 4.000000
v -171.779831 159.055344 -4.000000
v -170.746033 159.491119 4.000000
v -170.746033 159.491119 -4.000000
v -169.735260 159.977890 4.000000
v -169.735260 159.977890 -4.000000
v -168.750000 160.514435 4.000000
v -168.750000 160.514435 -4.000000
v -167.792709 161.099411 4.000000
v -167.792709 161.099411 -4.000000
v -166.865768 161.731400 4.000000
v -166.865768 161.731400 -4.000000
v -165.971481 162.408798 4.000000
v -165.971481 162.408798 -4.000000
v -165.112076 163.129929 4.000000
v -165.112076 163.129929 -4.000000
v -164.289673 163.892990 4.000000
v -164.289673 163.892990 -4.000000
v -163.506332 164.696106 4.000000
v -163.506332 164.696106 -4.000000
v -162.764008 165.537277 4.000000
v -162.764008 165.537277 -4.000000
v -162.064514 166.414398 4.000000
v -162.064514 166.414398 -4.000000
v -161.409622 167.325302 4.000000
v -161.409622 167.325302 -4.000000
v -160.800949 168.267715 4.000000
v -160.800949 168.267715 -4.000000
v -160.240021 169.239288 4.000000
v -160.240021 169.239288 -4.000000
v -159.728195 170.237610 4.000000
v -159.728195 170.237610 -4.000000
v -159.266785 171.260223 4.000000
v -159.266785 171.260223 -4.000000
v -158.856918 172.304550 4.000000
v -158.856918 172.304550 -4.000000
v -158.499619 173.368011 4.000000
v -158.499619 173.368011 -4.000000
v -158.195755 174.447952 4.000000
v -158.195755 174.447952 -4.000000
v -157.946121 175.541718 4.000000
v -157.946121 175.541718 -4.000000
v -157.751312 176.646545 4.000000
v -157.751312 176.646545 -4.000000
v -157.611801 177.759720 4.000000
v -157.611801 177.759720 -4.000000
v -157.527969 178.878464 4.000000
v -157.527969 178.878464 -4.000000
v 130.000000 -75.299072 135.992538
v 130.000000 -75.000000 136.000000
v -130.000000 -75.000000 136.000000
v -130.000000 -75.299072 135.992538
v 130.000000 -75.597404 135.970184
v -130.000000 -75.597404 135.970184
v -130.000000 -75.894257 135.932983
v 130.000000 -75.894257 135.932983
v 130.000000 -76.188873 135.881042
v -130.000000 -76.188873 135.881042
v 130.000000 -76.480545 135.814468
v -130.000000 -76.480545 135.814468
v -130.000000 -76.768532 135.733444
v 130.000000 -76.768532 135.733444
v 130.000000 -77.052124 135.638153
v -130.000000 -77.052124 135.638153
v -130.000000 -77.330612 135.528854
v 130.000000 -77.330612 135.528854
v 130.000000 -77.603302 135.405807
v -130.000000 -77.603302 135.405807
v -130.000000 -77.869522 135.269333
v 130.000000 -77.869522 135.269333
v -130.000000 -78.128609 135.119751
v 130.000000 -78.128609 135.119751
v -130.000000 -78.379921 134.957428
v 130.000000 -78.379921 134.957428
v 130.000000 -78.622826 134.782791
v -130.000000 -78.622826 134.782791
v 130.000000 -78.856728 134.596268
v -130.000000 -78.856728 134.596268
v -130.000000 -79.081039 134.398315
v 130.000000 -79.081039 134.398315
v 130.000000 -79.295204 134.189423
v -130.000000 -79.295204 134.189423
v -130.000000 -79.498688 133.970108
v 130.000000 -79.498688 133.970108
v 130.000000 -79.690987 133.740936
v -130.000000 -79.690987 133.740936
v 130.000000 -79.871628 133.502457
v -130.000000 -79.871628 133.502457
v 130.000000 -80.040154 133.255280
v -130.000000 -80.040154 133.255280
v -130.000000 -80.196152 133.000000
v 130.000000 -80.196152 133.000000
v 130.000000 -80.339233 132.737259
v -130.000000 -80.339233 132.737259
v 130.000000 -80.469032 132.467728
v -130.000000 -80.469032 132.467728
v 130.000000 -80.585243 132.192047
v -130.000000 -80.585243 132.192047
v 130.000000 -80.687561 131.910919
v -130.000000 -80.687561 131.910919
v -130.000000 -80.775749 131.625046
v 130.000000 -80.775749 131.625046
v 130.000000 -80.849571 131.335129
v -130.000000 -80.849571 131.335129
v -130.000000 -80.908844 131.041885
v 130.000000 -80.908844 131.041885
v 130.000000 -80.953438 130.746063
v -130.000000 -80.953438 130.746063
v -130.000000 -80.983223 130.448380
v 130.000000 -80.983223 130.448380
v -130.000000 -80.998138 130.149582
v 130.000000 -80.998138 130.149582
v 130.000000 -80.998138 129.850418
v -130.000000 -80.998138 129.850418
v 130.000000 -80.983223 129.551620
v -130.000000 -80.983223 129.551620
v 130.000000 -80.953438 129.253937
v -130.000000 -80.953438 129.253937
v 130.000000 -80.908844 128.958115
v -130.000000 -80.908844 128.958115
v 130.000000 -80.849571 128.664871
v -130.000000 -80.849571 128.664871
v -130.000000 -80.775749 128.374954
v 130.000000 -80.775749 128.374954
v 130.000000 -80.687561 128.089081
v -130.000000 -80.687561 128.089081
v 130.000000 -80.585243 127.807953
v -130.000000 -80.585243 127.807953
v 130.000000 -80.469032 127.532280
v -130.000000 -80.469032 127.532280
v -130.000000 -80.339233 127.262733
v 130.000000 -80.339233 127.262733
v 130.000000 -80.196152 127.000000
v -130.000000 -80.196152 127.000000
v 130.000000 -80.040154 126.744720
v -130.000000 -80.040154 126.744720
v 130.000000 -79.871628 126.497536
v -130.000000 -79.871628 126.497536
v 130.000000 -79.690987 126.259064
v -130.000000 -79.690987 126.259064
v 130.000000 -79.498688 126.029884
v -130.000000 -79.498688 126.029884
v 130.000000 -79.295204 125.810577
v -130.000000 -79.295204 125.810577
v 130.000000 -79.081039 125.601692
v -130.000000 -79.081039 125.601692
v -130.000000 -78.856728 125.403732
v 130.000000 -78.856728 125.403732
v 130.000000 -78.622826 125.217201
v -130.000000 -78.622826 125.217201
v 130.000000 -78.379921 125.042564
v -130.000000 -78.379921 125.042564
v 130.000000 -78.128609 124.880257
v -130.000000 -78.128609 124.880257
v -130.000000 -77.869522 124.730667
v 130.000000 -77.869522 124.730667
v 130.000000 -77.603302 124.594185
v -130.000000 -77.603302 124.594185
v 130.000000 -77.330612 124.471146
v -130.000000 -77.330612 124.471146
v 130.000000 -77.052124 124.361847
v -130.000000 -77.052124 124.361847
v 130.000000 -76.768532 124.266563
v -130.000000 -76.768532 124.266563
v 130.000000 -76.480545 124.185539
v -130.000000 -76.480545 124.185539
v 130.000000 -76.188873 124.118965
v -130.000000 -76.188873 124.118965
v -130.000000 -75.894257 124.067017
v 130.000000 -75.894257 124.067017
v 130.000000 -75.597404 124.029816
v -130.000000 -75.597404 124.029816
v -130.000000 -75.299072 124.007462
v 130.000000 -75.299072 124.007462
v -130.000000 -75.000000 124.000000
v 130.000000 -75.000000 124.000000
v 130.000000 -74.700928 124.007462
v -130.000000 -74.700928 124.007462
v 130.000000 -74.402596 124.029816
v -130.000000 -74.402596 124.029816
v -130.000000 -74.105743 124.067017
v 130.000000 -74.105743 124.067017
v 130.000000 -73.811127 124.118965
v -130.000000 -73.811127 124.118965
v 130.000000 -73.519455 124.185539
v -130.000000 -73.519455 124.185539
v -130.000000 -73.231468 124.266563
v 130.000000 -73.231468 124.266563
v 130.000000 -72.947876 124.361847
v -130.000000 -72.947876 124.361847
v 130.000000 -72.669388 124.471146
v -130.000000 -72.669388 124.471146
v -130.000000 -72.396698 124.594185
v 130.000000 -72.396698 124.594185
v -130.000000 -72.130478 124.730667
v 130.000000 -72.130478 124.730667
v 130.000000 -71.871391 124.880257
v -130.000000 -71.871391 124.880257
v 130.000000 -71.620079 125.042564
v -130.000000 -71.620079 125.042564
v 130.000000 -71.377174 125.217201
v -130.000000 -71.377174 125.217201
v -130.000000 -71.143272 125.403732
v 130.000000 -71.143272 125.403732
v 130.000000 -70.918961 125.601692
v -130.000000 -70.918961 125.601692
v -130.000000 -70.704796 125.810577
v 130.000000 -70.704796 125.810577
v 130.000000 -70.501312 126.029884
v -130.000000 -70.501312 126.029884
v 130.000000 -70.309013 126.259064
v -130.000000 -70.309013 126.259064
v 130.000000 -70.128372 126.497536
v -130.000000 -70.128372 126.497536
v 130.000000 -69.959846 126.744720
v -130.000000 -69.959846 126.744720
v 130.000000 -69.803848 127.000000
v -130.000000 -69.803848 127.000000
v 130.000000 -69.660767 127.262733
v -130.000000 -69.660767 127.262733
v 130.000000 -69.530968 127.532280
v -130.000000 -69.530968 127.532280
v 130.000000 -69.414757 127.807953
v -130.000000 -69.414757 127.807953
v 130.000000 -69.312439 128.089081
v -130.000000 -69.312439 128.089081
v 130.000000 -69.224251 128.374954
v -130.000000 -69.224251 128.374954
v -130.000000 -69.150429 128.664871
v 130.000000 -69.150429 128.664871
v 130.000000 -69.091156 128.958115
v -130.000000 -69.091156 128.958115
v 130.000000 -69.046562 129.253937
v -130.000000 -69.046562 129.253937
v 130.000000 -69.016777 129.551620
v -130.000000 -69.016777 129.551620
v 130.000000 -69.001862 129.850418
v -130.000000 -69.001862 129.850418
v -130.000000 -69.001862 130.149582
v 130.000000 -69.001862 130.149582
v 130.000000 -69.016777 130.448380
v -130.000000 -69.016777 130.448380
v -130.000000 -69.046562 130.746063
v 130.000000 -69.046562 130.746063
v 130.000000 -69.091156 131.041885
v -130.000000 -69.091156 131.041885
v 130.000000 -69.150429 131.335129
v -130.000000 -69.150429 131.335129
v 130.000000 -69.224251 131.625046
v -130.000000 -69.224251 131.625046
v 130.000000 -69.312439 131.910919
v -130.000000 -69.312439 131.910919
v 130.000000 -69.414757 132.192047
v -130.000000 -69.414757 132.192047
v 130.000000 -69.530968 132.467728
v -130.000000 -69.530968 132.467728
v 130.000000 -69.660767 132.737259
v -130.000000 -69.660767 132.737259
v 130.000000 -69.803848 133.000000
v -130.000000 -69.803848 133.000000
v -130.000000 -69.959846 133.255280
v 130.000000 -69.959846 133.255280
v 130.000000 -70.128372 133.502457
v -130.000000 -70.128372 133.502457
v 130.000000 -70.309013 133.740936
v -130.000000 -70.309013 133.740936
v 130.000000 -70.501312 133.970108
v -130.000000 -70.501312 133.970108
v 130.000000 -70.704796 134.189423
v -130.000000 -70.704796 134.189423
v 130.000000 -70.918961 134.398315
v -130.000000 -70.918961 134.398315
v 130.000000 -71.143272 134.596268
v -130.000000 -71.143272 134.596268
v -130.000000 -71.377174 134.782791
v 130.000000 -71.377174 134.782791
v -130.000000 -71.620079 134.957428
v 130.000000 -71.620079 134.957428
v 130.000000 -71.871391 135.119751
v -130.000000 -71.871391 135.119751
v 130.000000 -72.130478 135.269333
v -130.000000 -72.130478 135.269333
v 130.000000 -72.396698 135.405807
v -130.000000 -72.396698 135.405807
v 130.000000 -72.669388 135.528854
v -130.000000 -72.669388 135.528854
v 130.000000 -72.947876 135.638153
v -130.000000 -72.947876 135.638153
v 130.000000 -73.231468 135.733444
v -130.000000 -73.231468 135.733444
v 130.000000 -73.519455 135.814468
v -130.000000 -73.519455 135.814468
v 130.000000 -73.811127 135.881042
v -130.000000 -73.811127 135.881042
v 130.000000 -74.105743 135.932983
v -130.000000 -74.105743 135.932983
v 130.000000 -74.402596 135.970184
v -130.000000 -74.402596 135.970184
v 130.000000 -74.700928 135.992538
v -130.000000 -74.700928 135.992538
v -64.407455 -74.700928 130.000000
v -64.400002 -75.000000 130.000000
v -64.400002 -75.000000 35.000000
v -64.407455 -74.700928 35.000000
v -64.429817 -74.402596 130.000000
v -64.429817 -74.402596 35.000000
v -64.467018 -74.105743 130.000000
v -64.467018 -74.105743 35.000000
v -64.518967 -73.811127 130.000000
v -64.518967 -73.811127 35.000000
v -64.585533 -73.519455 35.000000
v -64.585533 -73.519455 130.000000
v -64.666565 -73.231468 130.000000
v -64.666565 -73.231468 35.000000
v -64.761841 -72.947876 130.000000
v -64.761841 -72.947876 35.000000
v -64.871140 -72.669388 130.000000
v -64.871140 -72.669388 35.000000
v -64.994186 -72.396698 35.000000
v -64.994186 -72.396698 130.000000
v -65.130669 -72.130478 130.000000
v -65.130669 -72.130478 35.000000
v -65.280258 -71.871391 35.000000
v -65.280258 -71.871391 130.000000
v -65.442566 -71.620079 130.000000
v -65.442566 -71.620079 35.000000
v -65.617203 -71.377174 130.000000
v -65.617203 -71.377174 35.000000
v -65.803734 -71.143272 35.000000
v -65.803734 -71.143272 130.000000
v -66.001686 -70.918961 130.000000
v -66.001686 -70.918961 35.000000
v -66.210579 -70.704796 130.000000
v -66.210579 -70.704796 35.000000
v -66.429886 -70.501312 130.000000
v -66.429886 -70.501312 35.000000
v -66.659058 -70.309013 35.000000
v -66.659058 -70.309013 130.000000
v -66.897537 -70.128372 35.000000
v -66.897537 -70.128372 130.000000
v -67.144722 -69.959846 130.000000
v -67.144722 -69.959846 35.000000
v -67.400002 -69.803848 130.000000
v -67.400002 -69.803848 35.000000
v -67.662735 -69.660767 130.000000
v -67.662735 -69.660767 35.000000
v -67.932274 -69.530968 130.000000
v -67.932274 -69.530968 35.000000
v -68.207954 -69.414757 130.000000
v -68.207954 -69.414757 35.000000
v -68.489082 -69.312439 130.000000
v -68.489082 -69.312439 35.000000
v -68.774956 -69.224251 35.000000
v -68.774956 -69.224251 130.000000
v -69.064873 -69.150429 130.000000
v -69.064873 -69.150429 35.000000
v -69.358109 -69.091156 35.000000
v -69.358109 -69.091156 130.000000
v -69.653938 -69.046562 130.000000
v -69.653938 -69.046562 35.000000
v -69.951622 -69.016777 130.000000
v -69.951622 -69.016777 35.000000
v -70.250420 -69.001862 130.000000
v -70.250420 -69.001862 35.000000
v -70.549583 -69.001862 35.000000
v -70.549583 -69.001862 130.000000
v -70.848381 -69.016777 35.000000
v -70.848381 -69.016777 130.000000
v -71.146065 -69.046562 130.000000
v -71.146065 -69.046562 35.000000
v -71.441887 -69.091156 130.000000
v -71.441887 -69.091156 35.000000
v -71.735123 -69.150429 35.000000
v -71.735123 -69.150429 130.000000
v -72.025040 -69.224251 130.000000
v -72.025040 -69.224251 35.000000
v -72.310921 -69.312439 130.000000
v -72.310921 -69.312439 35.000000
v -72.592049 -69.414757 130.000000
v -72.592049 -69.414757 35.000000
v -72.867722 -69.530968 130.000000
v -72.867722 -69.530968 35.000000
v -73.137260 -69.660767 130.000000
v -73.137260 -69.660767 35.000000
v -73.400002 -69.803848 130.000000
v -73.400002 -69.803848 35.000000
v -73.655281 -69.959846 130.000000
v -73.655281 -69.959846 35.000000
v -73.902466 -70.128372 130.000000
v -73.902466 -70.128372 35.000000
v -74.140938 -70.309013 130.000000
v -74.140938 -70.309013 35.000000
v -74.370117 -70.501312 130.000000
v -74.370117 -70.501312 35.000000
v -74.589424 -70.704796 130.000000
v -74.589424 -70.704796 35.000000
v -74.798309 -70.918961 130.000000
v -74.798309 -70.918961 35.000000
v -74.996269 -71.143272 130.000000
v -74.996269 -71.143272 35.000000
v -75.182793 -71.377174 130.000000
v -75.182793 -71.377174 35.000000
v -75.357430 -71.620079 130.000000
v -75.357430 -71.620079 35.000000
v -75.519745 -71.871391 130.000000
v -75.519745 -71.871391 35.000000
v -75.669327 -72.130478 130.000000
v -75.669327 -72.130478 35.000000
v -75.805817 -72.396698 130.000000
v -75.805817 -72.396698 35.000000
v -75.928856 -72.669388 130.000000
v -75.928856 -72.669388 35.000000
v -76.038155 -72.947876 130.000000
v -76.038155 -72.947876 35.000000
v -76.133438 -73.231468 130.000000
v -76.133438 -73.231468 35.000000
v -76.214462 -73.519455 130.000000
v -76.214462 -73.519455 35.000000
v -76.281036 -73.811127 130.000000
v -76.281036 -73.811127 35.000000
v -76.332985 -74.105743 130.000000
v -76.332985 -74.105743 35.000000
v -76.370186 -74.402596 130.000000
v -76.370186 -74.402596 35.000000
v -76.392540 -74.700928 130.000000
v -76.392540 -74.700928 35.000000
v -76.400002 -75.000000 130.000000
v -76.400002 -75.000000 35.000000
v -76.392540 -75.299072 130.000000
v -76.392540 -75.299072 35.000000
v -76.370186 -75.597404 130.000000
v -76.370186 -75.597404 35.000000
v -76.332985 -75.894257 130.000000
v -76.332985 -75.894257 35.000000
v -76.281036 -76.188873 130.000000
v -76.281036 -76.188873 35.000000
v -76.214462 -76.480545 130.000000
v -76.214462 -76.480545 35.000000
v -76.133438 -76.768532 130.000000
v -76.133438 -76.768532 35.000000
v -76.038155 -77.052124 130.000000
v -76.038155 -77.052124 35.000000
v -75.928856 -77.330612 130.000000
v -75.928856 -77.330612 35.000000
v -75.805817 -77.603302 130.000000
v -75.805817 -77.603302 35.000000
v -75.669327 -77.869522 130.000000
v -75.669327 -77.869522 35.000000
v -75.519745 -78.128609 130.000000
v -75.519745 -78.128609 35.000000
v -75.357430 -78.379921 130.000000
v -75.357430 -78.379921 35.000000
v -75.182793 -78.622826 130.000000
v -75.182793 -78.622826 35.000000
v -74.996269 -78.856728 130.000000
v -74.996269 -78.856728 35.000000
v -74.798309 -79.081039 130.000000
v -74.798309 -79.081039 35.000000
v -74.589424 -79.295204 130.000000
v -74.589424 -79.295204 35.000000
v -74.370117 -79.498688 130.000000
v -74.370117 -79.498688 35.000000
v -74.140938 -79.690987 130.000000
v -74.140938 -79.690987 35.000000
v -73.902466 -79.871628 130.000000
v -73.902466 -79.871628 35.000000
v -73.655281 -80.040154 130.000000
v -73.655281 -80.040154 35.000000
v -73.400002 -80.196152 130.000000
v -73.400002 -80.196152 35.000000
v -73.137260 -80.339233 35.000000
v -73.137260 -80.339233 130.000000
v -72.867722 -80.469032 130.000000
v -72.867722 -80.469032 35.000000
v -72.592049 -80.585243 130.000000
v -72.592049 -80.585243 35.000000
v -72.310921 -80.687561 130.000000
v -72.310921 -80.687561 35.000000
v -72.025040 -80.775749 130.000000
v -72.025040 -80.775749 35.000000
v -71.735123 -80.849571 130.000000
v -71.735123 -80.849571 35.000000
v -71.441887 -80.908844 130.000000
v -71.441887 -80.908844 35.000000
v -71.146065 -80.953438 130.000000
v -71.146065 -80.953438 35.000000
v -70.848381 -80.983223 130.000000
v -70.848381 -80.983223 35.000000
v -70.549583 -80.998138 130.000000
v -70.549583 -80.998138 35.000000
v -70.250420 -80.998138 130.000000
v -70.250420 -80.998138 35.000000
v -69.951622 -80.983223 130.000000
v -69.951622 -80.983223 35.000000
v -69.653938 -80.953438 130.000000
v -69.653938 -80.953438 35.000000
v -69.358109 -80.908844 130.000000
v -69.358109 -80.908844 35.000000
v -69.064873 -80.849571 130.000000
v -69.064873 -80.849571 35.000000
v -68.774956 -80.775749 130.000000
v -68.774956 -80.775749 35.000000
v -68.489082 -80.687561 130.000000
v -68.489082 -80.687561 35.000000
v -68.207954 -80.585243 130.000000
v -68.207954 -80.585243 35.000000
v -67.932274 -80.469032 130.000000
v -67.932274 -80.469032 35.000000
v -67.662735 -80.339233 35.000000
v -67.662735 -80.339233 130.000000
v -67.400002 -80.196152 35.000000
v -67.400002 -80.196152 130.000000
v -67.144722 -80.040154 130.000000
v -67.144722 -80.040154 35.000000
v -66.897537 -79.871628 35.000000
v -66.897537 -79.871628 130.000000
v -66.659058 -79.690987 130.000000
v -66.659058 -79.690987 35.000000
v -66.429886 -79.498688 130.000000
v -66.429886 -79.498688 35.000000
v -66.210579 -79.295204 130.000000
v -66.210579 -79.295204 35.000000
v -66.001686 -79.081039 130.000000
v -66.001686 -79.081039 35.000000
v -65.803734 -78.856728 35.000000
v -65.803734 -78.856728 130.000000
v -65.617203 -78.622826 35.000000
v -65.617203 -78.622826 130.000000
v -65.442566 -78.379921 130.000000
v -65.442566 -78.379921 35.000000
v -65.280258 -78.128609 35.000000
v -65.280258 -78.128609 130.000000
v -65.130669 -77.869522 130.000000
v -65.130669 -77.869522 35.000000
v -64.994186 -77.603302 130.000000
v -64.994186 -77.603302 35.000000
v -64.871140 -77.330612 130.000000
v -64.871140 -77.330612 35.000000
v -64.761841 -77.052124 130.000000
v -64.761841 -77.052124 35.000000
v -64.666565 -76.768532 130.000000
v -64.666565 -76.768532 35.000000
v -64.585533 -76.480545 130.000000
v -64.585533 -76.480545 35.000000
v -64.518967 -76.188873 130.000000
v -64.518967 -76.188873 35.000000
v -64.467018 -75.894257 35.000000
v -64.467018 -75.894257 130.000000
v -64.429817 -75.597404 130.000000
v -64.429817 -75.597404 35.000000
v -64.407455 -75.299072 35.000000
v -64.407455 -75.299072 130.000000
v 76.392540 -74.700928 130.000000
v 76.400002 -75.000000 130.000000
v 76.400002 -75.000000 35.000000
v 76.392540 -74.700928 35.000000
v 76.370186 -74.402596 130.000000
v 76.370186 -74.402596 35.000000
v 76.332985 -74.105743 130.000000
v 76.332985 -74.105743 35.000000
v 76.281036 -73.811127 130.000000
v 76.281036 -73.811127 35.000000
v 76.214462 -73.519455 35.000000
v 76.214462 -73.519455 130.000000
v 76.133438 -73.231468 130.000000
v 76.133438 -73.231468 35.000000
v 76.038155 -72.947876 130.000000
v 76.038155 -72.947876 35.000000
v 75.928856 -72.669388 130.000000
v 75.928856 -72.669388 35.000000
v 75.805817 -72.396698 35.000000
v 75.805817 -72.396698 130.000000
v 75.669327 -72.130478 130.000000
v 75.669327 -72.130478 35.000000
v 75.519745 -71.871391 35.000000
v 75.519745 -71.871391 130.000000
v 75.357430 -71.620079 130.000000
v 75.357430 -71.620079 35.000000
v 75.182793 -71.377174 130.000000
v 75.182793 -71.377174 35.000000
v 74.996269 -71.143272 35.000000
v 74.996269 -71.143272 130.000000
v 74.798309 -70.918961 130.000000
v 74.798309 -70.918961 35.000000
v 74.589424 -70.704796 130.000000
v 74.589424 -70.704796 35.000000
v 74.370117 -70.501312 130.000000
v 74.370117 -70.501312 35.000000
v 74.140938 -70.309013 35.000000
v 74.140938 -70.309013 130.000000
v 73.902466 -70.128372 35.000000
v 73.902466 -70.128372 130.000000
v 73.655281 -69.959846 130.000000
v 73.655281 -69.959846 35.000000
v 73.400002 -69.803848 130.000000
v 73.400002 -69.803848 35.000000
v 73.137260 -69.660767 130.000000
v 73.137260 -69.660767 35.000000
v 72.867722 -69.530968 130.000000
v 72.867722 -69.530968 35.000000
v 72.592049 -69.414757 130.000000
v 72.592049 -69.414757 35.000000
v 72.310921 -69.312439 130.000000
v 72.310921 -69.312439 35.000000
v 72.025040 -69.224251 35.000000
v 72.025040 -69.224251 130.000000
v 71.735123 -69.150429 130.000000
v 71.735123 -69.150429 35.000000
v 71.441887 -69.091156 35.000000
v 71.441887 -69.091156 130.000000
v 71.146065 -69.046562 130.000000
v 71.146065 -69.046562 35.000000
v 70.848381 -69.016777 130.000000
v 70.848381 -69.016777 35.000000
v 70.549583 -69.001862 130.000000
v 70.549583 -69.001862 35.000000
v 70.250420 -69.001862 35.000000
v 70.250420 -69.001862 130.000000
v 69.951622 -69.016777 35.000000
v 69.951622 -69.016777 130.000000
v 69.653938 -69.046562 130.000000
v 69.653938 -69.046562 35.000000
v 69.358109 -69.091156 130.000000
v 69.358109 -69.091156 35.000000
v 69.064873 -69.150429 35.000000
v 69.064873 -69.150429 130.000000
v 68.774956 -69.224251 130.000000
v 68.774956 -69.224251 35.000000
v 68.489082 -69.312439 130.000000
v 68.489082 -69.312439 35.000000
v 68.207954 -69.414757 130.000000
v 68.207954 -69.414757 35.000000
v 67.932274 -69.530968 130.000000
v 67.932274 -69.530968 35.000000
v 67.662735 -69.660767 130.000000
v 67.662735 -69.660767 35.000000
v 67.400002 -69.803848 130.000000
v 67.400002 -69.803848 35.000000
v 67.144722 -69.959846 130.000000
v 67.144722 -69.959846 35.000000
v 66.897537 -70.128372 130.000000
v 66.897537 -70.128372 35.000000
v 66.659058 -70.309013 130.000000
v 66.659058 -70.309013 35.000000
v 66.429886 -70.501312 130.000000
v 66.429886 -70.501312 35.000000
v 66.210579 -70.704796 130.000000
v 66.210579 -70.704796 35.000000
v 66.001686 -70.918961 130.000000
v 66.001686 -70.918961 35.000000
v 65.803734 -71.143272 130.000000
v 65.803734 -71.143272 35.000000
v 65.617203 -71.377174 130.000000
v 65.617203 -71.377174 35.000000
v 65.442566 -71.620079 130.000000
v 65.442566 -71.620079 35.000000
v 65.280258 -71.871391 130.000000
v 65.280258 -71.871391 35.000000
v 65.130669 -72.130478 130.000000
v 65.130669 -72.130478 35.000000
v 64.994186 -72.396698 130.000000
v 64.994186 -72.396698 35.000000
v 64.871140 -72.669388 130.000000
v 64.871140 -72.669388 35.000000
v 64.761841 -72.947876 130.000000
v 64.761841 -72.947876 35.000000
v 64.666565 -73.231468 130.000000
v 64.666565 -73.231468 35.000000
v 64.585533 -73.519455 130.000000
v 64.585533 -73.519455 35.000000
v 64.518967 -73.811127 130.000000
v 64.518967 -73.811127 35.000000
v 64.467018 -74.105743 130.000000
v 64.467018 -74.105743 35.000000
v 64.429817 -74.402596 130.000000
v 64.429817 -74.402596 35.000000
v 64.407455 -74.700928 130.000000
v 64.407455 -74.700928 35.000000
v 64.400002 -75.000000 130.000000
v 64.400002 -75.000000 35.000000
v 64.407455 -75.299072 130.000000
v 64.407455 -75.299072 35.000000
v 64.429817 -75.597404 130.000000
v 64.429817 -75.597404 35.000000
v 64.467018 -75.894257 130.000000
v 64.467018 -75.894257 35.000000
v 64.518967 -76.188873 130.000000
v 64.518967 -76.188873 35.000000
v 64.585533 -76.480545 130.000000
v 64.585533 -76.480545 35.000000
v 64.666565 -76.768532 130.000000
v 64.666565 -76.768532 35.000000
v 64.761841 -77.052124 130.000000
v 64.761841 -77.052124 35.000000
v 64.871140 -77.330612 130.000000
v 64.871140 -77.330612 35.000000
v 64.994186 -77.603302 130.000000
v 64.994186 -77.603302 35.000000
v 65.130669 -77.869522 130.000000
v 65.130669 -77.869522 35.000000
v 65.280258 -78.128609 130.000000
v 65.280258 -78.128609 35.000000
v 65.442566 -78.379921 130.000000
v 65.442566 -78.379921 35.000000
v 65.617203 -78.622826 130.000000
v 65.617203 -78.622826 35.000000
v 65.803734 -78.856728 130.000000
v 65.803734 -78.856728 35.000000
v 66.001686 -79.081039 130.000000
v 66.001686 -79.081039 35.000000
v 66.210579 -79.295204 130.000000
v 66.210579 -79.295204 35.000000
v 66.429886 -79.498688 130.000000
v 66.429886 -79.498688 35.000000
v 66.659058 -79.690987 130.000000
v 66.659058 -79.690987 35.000000
v 66.897537 -79.871628 130.000000
v 66.897537 -79.871628 35.000000
v 67.144722 -80.040154 130.000000
v 67.144722 -80.040154 35.000000
v 67.400002 -80.196152 130.000000
v 67.400002 -80.196152 35.000000
v 67.662735 -80.339233 35.000000
v 67.662735 -80.339233 130.000000
v 67.932274 -80.469032 130.000000
v 67.932274 -80.469032 35.000000
v 68.207954 -80.585243 130.000000
v 68.207954 -80.585243 35.000000
v 68.489082 -80.687561 130.000000
v 68.489082 -80.687561 35.000000
v 68.774956 -80.775749 130.000000
v 68.774956 -80.775749 35.000000
v 69.064873 -80.849571 130.000000
v 69.064873 -80.849571 35.000000
v 69.358109 -80.908844 130.000000
v 69.358109 -80.908844 35.000000
v 69.653938 -80.953438 130.000000
v 69.653938 -80.953438 35.000000
v 69.951622 -80.983223 130.000000
v 69.951622 -80.983223 35.000000
v 70.250420 -80.998138 130.000000
v 70.250420 -80.998138 35.000000
v 70.549583 -80.998138 130.000000
v 70.549583 -80.998138 35.000000
v 70.848381 -80.983223 130.000000
v 70.848381 -80.983223 35.000000
v 71.146065 -80.953438 130.000000
v 71.146065 -80.953438 35.000000
v 71.441887 -80.908844 130.000000
v 71.441887 -80.908844 35.000000
v 71.735123 -80.849571 130.000000
v 71.735123 -80.849571 35.000000
v 72.025040 -80.775749 130.000000
v 72.025040 -80.775749 35.000000
v 72.310921 -80.687561 130.000000
v 72.310921 -80.687561 35.000000
v 72.592049 -80.585243 130.000000
v 72.592049 -80.585243 35.000000
v 72.867722 -80.469032 130.000000
v 72.867722 -80.469032 35.000000
v 73.137260 -80.339233 35.000000
v 73.137260 -80.339233 130.000000
v 73.400002 -80.196152 35.000000
v 73.400002 -80.196152 130.000000
v 73.655281 -80.040154 130.000000
v 73.655281 -80.040154 35.000000
v 73.902466 -79.871628 35.000000
v 73.902466 -79.871628 130.000000
v 74.140938 -79.690987 130.000000
v 74.140938 -79.690987 35.000000
v 74.370117 -79.498688 130.000000
v 74.370117 -79.498688 35.000000
v 74.589424 -79.295204 130.000000
v 74.589424 -79.295204 35.000000
v 74.798309 -79.081039 130.000000
v 74.798309 -79.081039 35.000000
v 74.996269 -78.856728 35.000000
v 74.996269 -78.856728 130.000000
v 75.182793 -78.622826 35.000000
v 75.182793 -78.622826 130.000000
v 75.357430 -78.379921 130.000000
v 75.357430 -78.379921 35.000000
v 75.519745 -78.128609 35.000000
v 75.519745 -78.128609 130.000000
v 75.669327 -77.869522 130.000000
v 75.669327 -77.869522 35.000000
v 75.805817 -77.603302 130.000000
v 75.805817 -77.603302 35.000000
v 75.928856 -77.330612 130.000000
v 75.928856 -77.330612 35.000000
v 76.038155 -77.052124 130.000000
v 76.038155 -77.052124 35.000000
v 76.133438 -76.768532 130.000000
v 76.133438 -76.768532 35.000000
v 76.214462 -76.480545 130.000000
v 76.214462 -76.480545 35.000000
v 76.281036 -76.188873 130.000000
v 76.281036 -76.188873 35.000000
v 76.332985 -75.894257 35.000000
v 76.332985 -75.894257 130.000000
v 76.370186 -75.597404 130.000000
v 76.370186 -75.597404 35.000000
v 76.392540 -75.299072 35.000000
v 76.392540 -75.299072 130.000000
v 130.000000 74.700928 135.992538
v 130.000000 75.000000 136.000000
v -130.000000 75.000000 136.000000
v -130.000000 74.700928 135.992538
v 130.000000 74.402596 135.970184
v -130.000000 74.402596 135.970184
v -130.000000 74.105743 135.932983
v 130.000000 74.105743 135.932983
v 130.000000 73.811127 135.881042
v -130.000000 73.811127 135.881042
v 130.000000 73.519455 135.814468
v -130.000000 73.519455 135.814468
v -130.000000 73.231468 135.733444
v 130.000000 73.231468 135.733444
v 130.000000 72.947876 135.638153
v -130.000000 72.947876 135.638153
v -130.000000 72.669388 135.528854
v 130.000000 72.669388 135.528854
v 130.000000 72.396698 135.405807
v -130.000000 72.396698 135.405807
v -130.000000 72.130478 135.269333
v 130.000000 72.130478 135.269333
v -130.000000 71.871391 135.119751
v 130.000000 71.871391 135.119751
v -130.000000 71.620079 134.957428
v 130.000000 71.620079 134.957428
v 130.000000 71.377174 134.782791
v -130.000000 71.377174 134.782791
v 130.000000 71.143272 134.596268
v -130.000000 71.143272 134.596268
v -130.000000 70.918961 134.398315
v 130.000000 70.918961 134.398315
v 130.000000 70.704796 134.189423
v -130.000000 70.704796 134.189423
v -130.000000 70.501312 133.970108
v 130.000000 70.501312 133.970108
v 130.000000 70.309013 133.740936
v -130.000000 70.309013 133.740936
v 130.000000 70.128372 133.502457
v -130.000000 70.128372 133.502457
v 130.000000 69.959846 133.255280
v -130.000000 69.959846 133.255280
v -130.000000 69.803848 133.000000
v 130.000000 69.803848 133.000000
v 130.000000 69.660767 132.737259
v -130.000000 69.660767 132.737259
v 130.000000 69.530968 132.467728
v -130.000000 69.530968 132.467728
v 130.000000 69.414757 132.192047
v -130.000000 69.414757 132.192047
v 130.000000 69.312439 131.910919
v -130.000000 69.312439 131.910919
v -130.000000 69.224251 131.625046
v 130.000000 69.224251 131.625046
v 130.000000 69.150429 131.335129
v -130.000000 69.150429 131.335129
v -130.000000 69.091156 131.041885
v 130.000000 69.091156 131.041885
v 130.000000 69.046562 130.746063
v -130.000000 69.046562 130.746063
v -130.000000 69.016777 130.448380
v 130.000000 69.016777 130.448380
v -130.000000 69.001862 130.149582
v 130.000000 69.001862 130.149582
v 130.000000 69.001862 129.850418
v -130.000000 69.001862 129.850418
v 130.000000 69.016777 129.551620
v -130.000000 69.016777 129.551620
v 130.000000 69.046562 129.253937
v -130.000000 69.046562 129.253937
v 130.000000 69.091156 128.958115
v -130.000000 69.091156 128.958115
v 130.000000 69.150429 128.664871
v -130.000000 69.150429 128.664871
v -130.000000 69.224251 128.374954
v 130.000000 69.224251 128.374954
v 130.000000 69.312439 128.089081
v -130.000000 69.312439 128.089081
v 130.000000 69.414757 127.807953
v -130.000000 69.414757 127.807953
v 130.000000 69.530968 127.532280
v -130.000000 69.530968 127.532280
v -130.000000 69.660767 127.262733
v 130.000000 69.660767 127.262733
v 130.000000 69.803848 127.000000
v -130.000000 69.803848 127.000000
v 130.000000 69.959846 126.744720
v -130.000000 69.959846 126.744720
v 130.000000 70.128372 126.497536
v -130.000000 70.128372 126.497536
v 130.000000 70.309013 126.259064
v -130.000000 70.309013 126.259064
v 130.000000 70.501312 126.029884
v -130.000000 70.501312 126.029884
v 130.000000 70.704796 125.810577
v -130.000000 70.704796 125.810577
v 130.000000 70.918961 125.601692
v -130.000000 70.918961 125.601692
v -130.000000 71.143272 125.403732
v 130.000000 71.143272 125.403732
v 130.000000 71.377174 125.217201
v -130.000000 71.377174 125.217201
v 130.000000 71.620079 125.042564
v -130.000000 71.620079 125.042564
v 130.000000 71.871391 124.880257
v -130.000000 71.871391 124.880257
v -130.000000 72.130478 124.730667
v 130.000000 72.130478 124.730667
v 130.000000 72.396698 124.594185
v -130.000000 72.396698 124.594185
v 130.000000 72.669388 124.471146
v -130.000000 72.669388 124.471146
v 130.000000 72.947876 124.361847
v -130.000000 72.947876 124.361847
v 130.000000 73.231468 124.266563
v -130.000000 73.231468 124.266563
v 130.000000 73.519455 124.185539
v -130.000000 73.519455 124.185539
v 130.000000 73.811127 124.118965
v -130.000000 73.811127 124.118965
v -130.000000 74.105743 124.067017
v 130.000000 74.105743 124.067017
v 130.000000 74.402596 124.029816
v -130.000000 74.402596 124.029816
v -130.000000 74.700928 124.007462
v 130.000000 74.700928 124.007462
v -130.000000 75.000000 124.000000
v 130.000000 75.000000 124.000000
v 130.000000 75.299072 124.007462
v -130.000000 75.299072 124.007462
v 130.000000 75.597404 124.029816
v -130.000000 75.597404 124.029816
v -130.000000 75.894257 124.067017
v 130.000000 75.894257 124.067017
v 130.000000 76.188873 124.118965
v -130.000000 76.188873 124.118965
v 130.000000 76.480545 124.185539
v -130.000000 76.480545 124.185539
v -130.000000 76.768532 124.266563
v 130.000000 76.768532 124.266563
v 130.000000 77.052124 124.361847
v -130.000000 77.052124 124.361847
v 130.000000 77.330612 124.471146
v -130.000000 77.330612 124.471146
v -130.000000 77.603302 124.594185
v 130.000000 77.603302 124.594185
v -130.000000 77.869522 124.730667
v 130.000000 77.869522 124.730667
v 130.000000 78.128609 124.880257
v -130.000000 78.128609 124.880257
v 130.000000 78.379921 125.042564
v -130.000000 78.379921 125.042564
v 130.000000 78.622826 125.217201
v -130.000000 78.622826 125.217201
v -130.000000 78.856728 125.403732
v 130.000000 78.856728 125.403732
v 130.000000 79.081039 125.601692
v -130.000000 79.081039 125.601692
v -130.000000 79.295204 125.810577
v 130.000000 79.295204 125.810577
v 130.000000 79.498688 126.029884
v -130.000000 79.498688 126.029884
v 130.000000 79.690987 126.259064
v -130.000000 79.690987 126.259064
v 130.000000 79.871628 126.497536
v -130.000000 79.871628 126.497536
v 130.000000 80.040154 126.744720
v -130.000000 80.040154 126.744720
v 130.000000 80.196152 127.000000
v -130.000000 80.196152 127.000000
v 130.000000 80.339233 127.262733
v -130.000000 80.339233 127.262733
v 130.000000 80.469032 127.532280
v -130.000000 80.469032 127.532280
v 130.000000 80.585243 127.807953
v -130.000000 80.585243 127.807953
v 130.000000 80.687561 128.089081
v -130.000000 80.687561 128.089081
v 130.000000 80.775749 128.374954
v -130.000000 80.775749 128.374954
v -130.000000 80.849571 128.664871
v 130.000000 80.849571 128.664871
v 130.000000 80.908844 128.958115
v -130.000000 80.908844 128.958115
v 130.000000 80.953438 129.253937
v -130.000000 80.953438 129.253937
v 130.000000 80.983223 129.551620
v -130.000000 80.983223 129.551620
v 130.000000 80.998138 129.850418
v -130.000000 80.998138 129.850418
v -130.000000 80.998138 130.149582
v 130.000000 80.998138 130.149582
v 130.000000 80.983223 130.448380
v -130.000000 80.983223 130.448380
v -130.000000 80.953438 130.746063
v 130.000000 80.953438 130.746063
v 130.000000 80.908844 131.041885
v -130.000000 80.908844 131.041885
v 130.000000 80.849571 131.335129
v -130.000000 80.849571 131.335129
v 130.000000 80.775749 131.625046
v -130.000000 80.775749 131.625046
v 130.000000 80.687561 131.910919
v -130.000000 80.687561 131.910919
v 130.000000 80.585243 132.192047
v -130.000000 80.585243 132.192047
v 130.000000 80.469032 132.467728
v -130.000000 80.469032 132.467728
v 130.000000 80.339233 132.737259
v -130.000000 80.339233 132.737259
v 130.000000 80.196152 133.000000
v -130.000000 80.196152 133.000000
v -130.000000 80.040154 133.255280
v 130.000000 80.040154 133.255280
v 130.000000 79.871628 133.502457
v -130.000000 79.871628 133.502457
v 130.000000 79.690987 133.740936
v -130.000000 79.690987 133.740936
v 130.000000 79.498688 133.970108
v -130.000000 79.498688 133.970108
v 130.000000 79.295204 134.189423
v -130.000000 79.295204 134.189423
v 130.000000 79.081039 134.398315
v -130.000000 79.081039 134.398315
v 130.000000 78.856728 134.596268
v -130.000000 78.856728 134.596268
v -130.000000 78.622826 134.782791
v 130.000000 78.622826 134.782791
v -130.000000 78.379921 134.957428
v 130.000000 78.379921 134.957428
v 130.000000 78.128609 135.119751
v -130.000000 78.128609 135.119751
v 130.000000 77.869522 135.269333
v -130.000000 77.869522 135.269333
v 130.000000 77.603302 135.405807
v -130.000000 77.603302 135.405807
v 130.000000 77.330612 135.528854
v -130.000000 77.330612 135.528854
v 130.000000 77.052124 135.638153
v -130.000000 77.052124 135.638153
v 130.000000 76.768532 135.733444
v -130.000000 76.768532 135.733444
v 130.000000 76.480545 135.814468
v -130.000000 76.480545 135.814468
v 130.000000 76.188873 135.881042
v -130.000000 76.188873 135.881042
v 130.000000 75.894257 135.932983
v -130.000000 75.894257 135.932983
v 130.000000 75.597404 135.970184
v -130.000000 75.597404 135.970184
v 130.000000 75.299072 135.992538
v -130.000000 75.299072 135.992538
v -64.407455 75.299072 130.000000
v -64.400002 75.000000 130.000000
v -64.400002 75.000000 35.000000
v -64.407455 75.299072 35.000000
v -64.429817 75.597404 130.000000
v -64.429817 75.597404 35.000000
v -64.467018 75.894257 130.000000
v -64.467018 75.894257 35.000000
v -64.518967 76.188873 130.000000
v -64.518967 76.188873 35.000000
v -64.585533 76.480545 35.000000
v -64.585533 76.480545 130.000000
v -64.666565 76.768532 130.000000
v -64.666565 76.768532 35.000000
v -64.761841 77.052124 130.000000
v -64.761841 77.052124 35.000000
v -64.871140 77.330612 130.000000
v -64.871140 77.330612 35.000000
v -64.994186 77.603302 35.000000
v -64.994186 77.603302 130.000000
v -65.130669 77.869522 130.000000
v -65.130669 77.869522 35.000000
v -65.280258 78.128609 35.000000
v -65.280258 78.128609 130.000000
v -65.442566 78.379921 130.000000
v -65.442566 78.379921 35.000000
v -65.617203 78.622826 130.000000
v -65.617203 78.622826 35.000000
v -65.803734 78.856728 35.000000
v -65.803734 78.856728 130.000000
v -66.001686 79.081039 130.000000
v -66.001686 79.081039 35.000000
v -66.210579 79.295204 130.000000
v -66.210579 79.295204 35.000000
v -66.429886 79.498688 130.000000
v -66.429886 79.498688 35.000000
v -66.659058 79.690987 35.000000
v -66.659058 79.690987 130.000000
v -66.897537 79.871628 35.000000
v -66.897537 79.871628 130.000000
v -67.144722 80.040154 130.000000
v -67.144722 80.040154 35.000000
v -67.400002 80.196152 130.000000
v -67.400002 80.196152 35.000000
v -67.662735 80.339233 130.000000
v -67.662735 80.339233 35.000000
v -67.932274 80.469032 130.000000
v -67.932274 80.469032 35.000000
v -68.207954 80.585243 130.000000
v -68.207954 80.585243 35.000000
v -68.489082 80.687561 130.000000
v -68.489082 80.687561 35.000000
v -68.774956 80.775749 35.000000
v -68.774956 80.775749 130.000000
v -69.064873 80.849571 130.000000
v -69.064873 80.849571 35.000000
v -69.358109 80.908844 35.000000
v -69.358109 80.908844 130.000000
v -69.653938 80.953438 130.000000
v -69.653938 80.953438 35.000000
v -69.951622 80.983223 130.000000
v -69.951622 80.983223 35.000000
v -70.250420 80.998138 130.000000
v -70.250420 80.998138 35.000000
v -70.549583 80.998138 35.000000
v -70.549583 80.998138 130.000000
v -70.848381 80.983223 35.000000
v -70.848381 80.983223 130.000000
v -71.146065 80.953438 130.000000
v -71.146065 80.953438 35.000000
v -71.441887 80.908844 130.000000
v -71.441887 80.908844 35.000000
v -71.735123 80.849571 35.000000
v -71.735123 80.849571 130.000000
v -72.025040 80.775749 130.000000
v -72.025040 80.775749 35.000000
v -72.310921 80.687561 130.000000
v -72.310921 80.687561 35.000000
v -72.592049 80.585243 130.000000
v -72.592049 80.585243 35.000000
v -72.867722 80.469032 130.000000
v -72.867722 80.469032 35.000000
v -73.137260 80.339233 130.000000
v -73.137260 80.339233 35.000000
v -73.400002 80.196152 130.000000
v -73.400002 80.196152 35.000000
v -73.655281 80.040154 130.000000
v -73.655281 80.040154 35.000000
v -73.902466 79.871628 130.000000
v -73.902466 79.871628 35.000000
v -74.140938 79.690987 130.000000
v -74.140938 79.690987 35.000000
v -74.370117 79.498688 130.000000
v -74.370117 79.498688 35.000000
v -74.589424 79.295204 130.000000
v -74.589424 79.295204 35.000000
v -74.798309 79.081039 130.000000
v -74.798309 79.081039 35.000000
v -74.996269 78.856728 130.000000
v -74.996269 78.856728 35.000000
v -75.182793 78.622826 130.000000
v -75.182793 78.622826 35.000000
v -75.357430 78.379921 130.000000
v -75.357430 78.379921 35.000000
v -75.519745 78.128609 130.000000
v -75.519745 78.128609 35.000000
v -75.669327 77.869522 130.000000
v -75.669327 77.869522 35.000000
v -75.805817 77.603302 130.000000
v -75.805817 77.603302 35.000000
v -75.928856 77.330612 130.000000
v -75.928856 77.330612 35.000000
v -76.038155 77.052124 130.000000
v -76.038155 77.052124 35.000000
v -76.133438 76.768532 130.000000
v -76.133438 76.768532 35.000000
v -76.214462 76.480545 130.000000
v -76.214462 76.480545 35.000000
v -76.281036 76.188873 130.000000
v -76.281036 76.188873 35.000000
v -76.332985 75.894257 130.000000
v -76.332985 75.894257 35.000000
v -76.370186 75.597404 130.000000
v -76.370186 75.597404 35.000000
v -76.392540 75.299072 130.000000
v -76.392540 75.299072 35.000000
v -76.400002 75.000000 130.000000
v -76.400002 75.000000 35.000000
v -76.392540 74.700928 130.000000
v -76.392540 74.700928 35.000000
v -76.370186 74.402596 130.000000
v -76.370186 74.402596 35.000000
v -76.332985 74.105743 130.000000
v -76.332985 74.105743 35.000000
v -76.281036 73.811127 130.000000
v -76.281036 73.811127 35.000000
v -76.214462 73.519455 130.000000
v -76.214462 73.519455 35.000000
v -76.133438 73.231468 130.000000
v -76.133438 73.231468 35.000000
v -76.038155 72.947876 130.000000
v -76.038155 72.947876 35.000000
v -75.928856 72.669388 130.000000
v -75.928856 72.669388 35.000000
v -75.805817 72.396698 130.000000
v -75.805817 72.396698 35.000000
v -75.669327 72.130478 130.000000
v -75.669327 72.130478 35.000000
v -75.519745 71.871391 130.000000
v -75.519745 71.871391 35.000000
v -75.357430 71.620079 130.000000
v -75.357430 71.620079 35.000000
v -75.182793 71.377174 130.000000
v -75.182793 71.377174 35.000000
v -74.996269 71.143272 130.000000
v -74.996269 71.143272 35.000000
v -74.798309 70.918961 130.000000
v -74.798309 70.918961 35.000000
v -74.589424 70.704796 130.000000
v -74.589424 70.704796 35.000000
v -74.370117 70.501312 130.000000
v -74.370117 70.501312 35.000000
v -74.140938 70.309013 130.000000
v -74.140938 70.309013 35.000000
v -73.902466 70.128372 130.000000
v -73.902466 70.128372 35.000000
v -73.655281 69.959846 130.000000
v -73.655281 69.959846 35.000000
v -73.400002 69.803848 130.000000
v -73.400002 69.803848 35.000000
v -73.137260 69.660767 35.000000
v -73.137260 69.660767 130.000000
v -72.867722 69.530968 130.000000
v -72.867722 69.530968 35.000000
v -72.592049 69.414757 130.000000
v -72.592049 69.414757 35.000000
v -72.310921 69.312439 130.000000
v -72.310921 69.312439 35.000000
v -72.025040 69.224251 130.000000
v -72.025040 69.224251 35.000000
v -71.735123 69.150429 130.000000
v -71.735123 69.150429 35.000000
v -71.441887 69.091156 130.000000
v -71.441887 69.091156 35.000000
v -71.146065 69.046562 130.000000
v -71.146065 69.046562 35.000000
v -70.848381 69.016777 130.000000
v -70.848381 69.016777 35.000000
v -70.549583 69.001862 130.000000
v -70.549583 69.001862 35.000000
v -70.250420 69.001862 130.000000
v -70.250420 69.001862 35.000000
v -69.951622 69.016777 130.000000
v -69.951622 69.016777 35.000000
v -69.653938 69.046562 130.000000
v -69.653938 69.046562 35.000000
v -69.358109 69.091156 130.000000
v -69.358109 69.091156 35.000000
v -69.064873 69.150429 130.000000
v -69.064873 69.150429 35.000000
v -68.774956 69.224251 130.000000
v -68.774956 69.224251 35.000000
v -68.489082 69.312439 130.000000
v -68.489082 69.312439 35.000000
v -68.207954 69.414757 130.000000
v -68.207954 69.414757 35.000000
v -67.932274 69.530968 130.000000
v -67.932274 69.530968 35.000000
v -67.662735 69.660767 35.000000
v -67.662735 69.660767 130.000000
v -67.400002 69.803848 35.000000
v -67.400002 69.803848 130.000000
v -67.144722 69.959846 130.000000
v -67.144722 69.959846 35.000000
v -66.897537 70.128372 35.000000
v -66.897537 70.128372 130.000000
v -66.659058 70.309013 130.000000
v -66.659058 70.309013 35.000000
v -66.429886 70.501312 130.000000
v -66.429886 70.501312 35.000000
v -66.210579 70.704796 130.000000
v -66.210579 70.704796 35.000000
v -66.001686 70.918961 130.000000
v -66.001686 70.918961 35.000000
v -65.803734 71.143272 35.000000
v -65.803734 71.143272 130.000000
v -65.617203 71.377174 35.000000
v -65.617203 71.377174 130.000000
v -65.442566 71.620079 130.000000
v -65.442566 71.620079 35.000000
v -65.280258 71.871391 35.000000
v -65.280258 71.871391 130.000000
v -65.130669 72.130478 130.000000
v -65.130669 72.130478 35.000000
v -64.994186 72.396698 130.000000
v -64.994186 72.396698 35.000000
v -64.871140 72.669388 130.000000
v -64.871140 72.669388 35.000000
v -64.761841 72.947876 130.000000
v -64.761841 72.947876 35.000000
v -64.666565 73.231468 130.000000
v -64.666565 73.231468 35.000000
v -64.585533 73.519455 130.000000
v -64.585533 73.519455 35.000000
v -64.518967 73.811127 130.000000
v -64.518967 73.811127 35.000000
v -64.467018 74.105743 35.000000
v -64.467018 74.105743 130.000000
v -64.429817 74.402596 130.000000
v -64.429817 74.402596 35.000000
v -64.407455 74.700928 35.000000
v -64.407455 74.700928 130.000000
v 76.392540 75.299072 130.000000
v 76.400002 75.000000 130.000000
v 76.400002 75.000000 35.000000
v 76.392540 75.299072 35.000000
v 76.370186 75.597404 130.000000
v 76.370186 75.597404 35.000000
v 76.332985 75.894257 130.000000
v 76.332985 75.894257 35.000000
v 76.281036 76.188873 130.000000
v 76.281036 76.188873 35.000000
v 76.214462 76.480545 35.000000
v 76.214462 76.480545 130.000000
v 76.133438 76.768532 130.000000
v 76.133438 76.768532 35.000000
v 76.038155 77.052124 130.000000
v 76.038155 77.052124 35.000000
v 75.928856 77.330612 130.000000
v 75.928856 77.330612 35.000000
v 75.805817 77.603302 35.000000
v 75.805817 77.603302 130.000000
v 75.669327 77.869522 130.000000
v 75.669327 77.869522 35.000000
v 75.519745 78.128609 35.000000
v 75.519745 78.128609 130.000000
v 75.357430 78.379921 130.000000
v 75.357430 78.379921 35.000000
v 75.182793 78.622826 130.000000
v 75.182793 78.622826 35.000000
v 74.996269 78.856728 35.000000
v 74.996269 78.856728 130.000000
v 74.798309 79.081039 130.000000
v 74.798309 79.081039 35.000000
v 74.589424 79.295204 130.000000
v 74.589424 79.295204 35.000000
v 74.370117 79.498688 130.000000
v 74.370117 79.498688 35.000000
v 74.140938 79.690987 35.000000
v 74.140938 79.690987 130.000000
v 73.902466 79.871628 35.000000
v 73.902466 79.871628 130.000000
v 73.655281 80.040154 130.000000
v 73.655281 80.040154 35.000000
v 73.400002 80.196152 130.000000
v 73.400002 80.196152 35.000000
v 73.137260 80.339233 130.000000
v 73.137260 80.339233 35.000000
v 72.867722 80.469032 130.000000
v 72.867722 80.469032 35.000000
v 72.592049 80.585243 130.000000
v 72.592049 80.585243 35.000000
v 72.310921 80.687561 130.000000
v 72.310921 80.687561 35.000000
v 72.025040 80.775749 35.000000
v 72.025040 80.775749 130.000000
v 71.735123 80.849571 130.000000
v 71.735123 80.849571 35.000000
v 71.441887 80.908844 35.000000
v 71.441887 80.908844 130.000000
v 71.146065 80.953438 130.000000
v 71.146065 80.953438 35.000000
v 70.848381 80.983223 130.000000
v 70.848381 80.983223 35.000000
v 70.549583 80.998138 130.000000
v 70.549583 80.998138 35.000000
v 70.250420 80.998138 35.000000
v 70.250420 80.998138 130.000000
v 69.951622 80.983223 35.000000
v 69.951622 80.983223 130.000000
v 69.653938 80.953438 130.000000
v 69.653938 80.953438 35.000000
v 69.358109 80.908844 130.000000
v 69.358109 80.908844 35.000000
v 69.064873 80.849571 35.000000
v 69.064873 80.849571 130.000000
v 68.774956 80.775749 130.000000
v 68.774956 80.775749 35.000000
v 68.489082 80.687561 130.000000
v 68.489082 80.687561 35.000000
v 68.207954 80.585243 130.000000
v 68.207954 80.585243 35.000000
v 67.932274 80.469032 130.000000
v 67.932274 80.469032 35.000000
v 67.662735 80.339233 130.000000
v 67.662735 80.339233 35.000000
v 67.400002 80.196152 130.000000
v 67.400002 80.196152 35.000000
v 67.144722 80.040154 130.000000
v 67.144722 80.040154 35.000000
v 66.897537 79.871628 130.000000
v 66.897537 79.871628 35.000000
v 66.659058 79.690987 130.000000
v 66.659058 79.690987 35.000000
v 66.429886 79.498688 130.000000
v 66.429886 79.498688 35.000000
v 66.210579 79.295204 130.000000
v 66.210579 79.295204 35.000000
v 66.001686 79.081039 130.000000
v 66.001686 79.081039 35.000000
v 65.803734 78.856728 130.000000
v 65.803734 78.856728 35.000000
v 65.617203 78.622826 130.000000
v 65.617203 78.622826 35.000000
v 65.442566 78.379921 130.000000
v 65.442566 78.379921 35.000000
v 65.280258 78.128609 130.000000
v 65.280258 78.128609 35.000000
v 65.130669 77.869522 130.000000
v 65.130669 77.869522 35.000000
v 64.994186 77.603302 130.000000
v 64.994186 77.603302 35.000000
v 64.871140 77.330612 130.000000
v 64.871140 77.330612 35.000000
v 64.761841 77.052124 130.000000
v 64.761841 77.052124 35.000000
v 64.666565 76.768532 130.000000
v 64.666565 76.768532 35.000000
v 64.585533 76.480545 130.000000
v 64.585533 76.480545 35.000000
v 64.518967 76.188873 130.000000
v 64.518967 76.188873 35.000000
v 64.467018 75.894257 130.000000
v 64.467018 75.894257 35.000000
v 64.429817 75.597404 130.000000
v 64.429817 75.597404 35.000000
v 64.407455 75.299072 130.000000
v 64.407455 75.299072 35.000000
v 64.400002 75.000000 130.000000
v 64.400002 75.000000 35.000000
v 64.407455 74.700928 130.000000
v 64.407455 74.700928 35.000000
v 64.429817 74.402596 130.000000
v 64.429817 74.402596 35.000000
v 64.467018 74.105743 130.000000
v 64.467018 74.105743 35.000000
v 64.518967 73.811127 130.000000
v 64.518967 73.811127 35.000000
v 64.585533 73.519455 130.000000
v 64.585533 73.519455 35.000000
v 64.666565 73.231468 130.000000
v 64.666565 73.231468 35.000000
v 64.761841 72.947876 130.000000
v 64.761841 72.947876 35.000000
v 64.871140 72.669388 130.000000
v 64.871140 72.669388 35.000000
v 64.994186 72.396698 130.000000
v 64.994186 72.396698 35.000000
v 65.130669 72.130478 130.000000
v 65.130669 72.130478 35.000000
v 65.280258 71.871391 130.000000
v 65.280258 71.871391 35.000000
v 65.442566 71.620079 130.000000
v 65.442566 71.620079 35.000000
v 65.617203 71.377174 130.000000
v 65.617203 71.377174 35.000000
v 65.803734 71.143272 130.000000
v 65.803734 71.143272 35.000000
v 66.001686 70.918961 130.000000
v 66.001686 70.918961 35.000000
v 66.210579 70.704796 130.000000
v 66.210579 70.704796 35.000000
v 66.429886 70.501312 130.000000
v 66.429886 70.501312 35.000000
v 66.659058 70.309013 130.000000
v 66.659058 70.309013 35.000000
v 66.897537 70.128372 130.000000
v 66.897537 70.128372 35.000000
v 67.144722 69.959846 130.000000
v 67.144722 69.959846 35.000000
v 67.400002 69.803848 130.000000
v 67.400002 69.803848 35.000000
v 67.662735 69.660767 35.000000
v 67.662735 69.660767 130.000000
v 67.932274 69.530968 130.000000
v 67.932274 69.530968 35.000000
v 68.207954 69.414757 130.000000
v 68.207954 69.414757 35.000000
v 68.489082 69.312439 130.000000
v 68.489082 69.312439 35.000000
v 68.774956 69.224251 130.000000
v 68.774956 69.224251 35.000000
v 69.064873 69.150429 130.000000
v 69.064873 69.150429 35.000000
v 69.358109 69.091156 130.000000
v 69.358109 69.091156 35.000000
v 69.653938 69.046562 130.000000
v 69.653938 69.046562 35.000000
v 69.951622 69.016777 130.000000
v 69.951622 69.016777 35.000000
v 70.250420 69.001862 130.000000
v 70.250420 69.001862 35.000000
v 70.549583 69.001862 130.000000
v 70.549583 69.001862 35.000000
v 70.848381 69.016777 130.000000
v 70.848381 69.016777 35.000000
v 71.146065 69.046562 130.000000
v 71.146065 69.046562 35.000000
v 71.441887 69.091156 130.000000
v 71.441887 69.091156 35.000000
v 71.735123 69.150429 130.000000
v 71.735123 69.150429 35.000000
v 72.025040 69.224251 130.000000
v 72.025040 69.224251 35.000000
v 72.310921 69.312439 130.000000
v 72.310921 69.312439 35.000000
v 72.592049 69.414757 130.000000
v 72.592049 69.414757 35.000000
v 72.867722 69.530968 130.000000
v 72.867722 69.530968 35.000000
v 73.137260 69.660767 35.000000
v 73.137260 69.660767 130.000000
v 73.400002 69.803848 35.000000
v 73.400002 69.803848 130.000000
v 73.655281 69.959846 130.000000
v 73.655281 69.959846 35.000000
v 73.902466 70.128372 35.000000
v 73.902466 70.128372 130.000000
v 74.140938 70.309013 130.000000
v 74.140938 70.309013 35.000000
v 74.370117 70.501312 130.000000
v 74.370117 70.501312 35.000000
v 74.589424 70.704796 130.000000
v 74.589424 70.704796 35.000000
v 74.798309 70.918961 130.000000
v 74.798309 70.918961 35.000000
v 74.996269 71.143272 35.000000
v 74.996269 71.143272 130.000000
v 75.182793 71.377174 35.000000
v 75.182793 71.377174 130.000000
v 75.357430 71.620079 130.000000
v 75.357430 71.620079 35.000000
v 75.519745 71.871391 35.000000
v 75.519745 71.871391 130.000000
v 75.669327 72.130478 130.000000
v 75.669327 72.130478 35.000000
v 75.805817 72.396698 130.000000
v 75.805817 72.396698 35.000000
v 75.928856 72.669388 130.000000
v 75.928856 72.669388 35.000000
v 76.038155 72.947876 130.000000
v 76.038155 72.947876 35.000000
v 76.133438 73.231468 130.000000
v 76.133438 73.231468 35.000000
v 76.214462 73.519455 130.000000
v 76.214462 73.519455 35.000000
v 76.281036 73.811127 130.000000
v 76.281036 73.811127 35.000000
v 76.332985 74.105743 35.000000
v 76.332985 74.105743 130.000000
v 76.370186 74.402596 130.000000
v 76.370186 74.402596 35.000000
v 76.392540 74.700928 35.000000
v 76.392540 74.700928 130.000000
vn -1.000000 0.000000 0.000000
vn -1.000000 0.000000 0.000000
vn 1.000000 0.000000 0.000000
vn 1.000000 -0.000000 0.000000
vn 0.000000 -1.000000 0.000000
vn 0.000000 -1.000000 0.000000
vn 0.000000 1.000000 0.000000
vn 0.000000 1.000000 0.000000
vn 0.000000 0.000000 -1.000000
vn 0.000000 0.000000 -1.000000
vn 0.000000 0.000000 1.000000
vn 0.000000 0.000000 1.000000
vn 0.706887 -0.706887 -0.024957
vn 0.706886 -0.706886 -0.024963
vn 0.705130 -0.705130 -0.074717
vn 0.705130 -0.705130 -0.074727
vn 0.701617 -0.701617 -0.124368
vn 0.696365 -0.696365 -0.173644
vn 0.701618 -0.701618 -0.124353
vn 0.696365 -0.696365 -0.173643
vn 0.689380 -0.689380 -0.222509
vn 0.689382 -0.689382 -0.222500
vn 0.680674 -0.680674 -0.270859
vn 0.670284 -0.670284 -0.318494
vn 0.680672 -0.680672 -0.270872
vn 0.670287 -0.670287 -0.318481
vn 0.658235 -0.658235 -0.365312
vn 0.658233 -0.658233 -0.365320
vn 0.644528 -0.644528 -0.411298
vn 0.644532 -0.644532 -0.411288
vn 0.629238 -0.629238 -0.456201
vn 0.629237 -0.629237 -0.456204
vn 0.612369 -0.612370 -0.500007
vn 0.612372 -0.612372 -0.500002
vn 0.593982 -0.593982 -0.542561
vn 0.593978 -0.593978 -0.542567
vn 0.574137 -0.574137 -0.583723
vn 0.574132 -0.574132 -0.583734
vn 0.552841 -0.552841 -0.623485
vn 0.552836 -0.552836 -0.623494
vn 0.530178 -0.530178 -0.661681
vn 0.530178 -0.530178 -0.661681
vn 0.506199 -0.506198 -0.698231
vn 0.506195 -0.506195 -0.698235
vn 0.480942 -0.480942 -0.733068
vn 0.480946 -0.480946 -0.733064
vn 0.454520 -0.454520 -0.766043
vn 0.454526 -0.454526 -0.766037
vn 0.426952 -0.426952 -0.797135
vn 0.426957 -0.426957 -0.797130
vn 0.398331 -0.398331 -0.826235
vn 0.398329 -0.398329 -0.826237
vn 0.368706 -0.368706 -0.853295
vn 0.368705 -0.368705 -0.853295
vn 0.338183 -0.338183 -0.878217
vn 0.338179 -0.338179 -0.878220
vn 0.306800 -0.306800 -0.900971
vn 0.306804 -0.306804 -0.900967
vn 0.274661 -0.274661 -0.921478
vn 0.241847 -0.241847 -0.939692
vn 0.274662 -0.274662 -0.921478
vn 0.208420 -0.208420 -0.955574
vn 0.241850 -0.241850 -0.939690
vn 0.208420 -0.208420 -0.955574
vn 0.174481 -0.174481 -0.969078
vn 0.140111 -0.140111 -0.980172
vn 0.174480 -0.174480 -0.969079
vn 0.105390 -0.105390 -0.988831
vn 0.140113 -0.140113 -0.980172
vn 0.105391 -0.105391 -0.988830
vn 0.070407 -0.070407 -0.995031
vn 0.070406 -0.070406 -0.995031
vn 0.035246 -0.035246 -0.998757
vn 0.035246 -0.035246 -0.998757
vn 0.000000 0.000000 -1.000000
vn 0.000000 -0.000000 -1.000000
vn -0.035246 0.035246 -0.998757
vn -0.035246 0.035246 -0.998757
vn -0.070407 0.070407 -0.995031
vn -0.070406 0.070406 -0.995031
vn -0.105390 0.105390 -0.988831
vn -0.105391 0.105391 -0.988830
vn -0.140111 0.140111 -0.980172
vn -0.140113 0.140113 -0.980172
vn -0.174480 0.174480 -0.969079
vn -0.174481 0.174481 -0.969078
vn -0.208420 0.208420 -0.955574
vn -0.208420 0.208420 -0.955574
vn -0.241850 0.241850 -0.939690
vn -0.241847 0.241847 -0.939692
vn -0.274662 0.274662 -0.921478
vn -0.274661 0.274661 -0.921478
vn -0.306800 0.306800 -0.900971
vn -0.306804 0.306804 -0.900967
vn -0.338179 0.338179 -0.878220
vn -0.338183 0.338183 -0.878217
vn -0.368706 0.368706 -0.853295
vn -0.368705 0.368705 -0.853295
vn -0.398329 0.398329 -0.826237
vn -0.398331 0.398331 -0.826235
vn -0.426952 0.426952 -0.797135
vn -0.426957 0.426957 -0.797130
vn -0.454526 0.454526 -0.766037
vn -0.454520 0.454520 -0.766043
vn -0.480946 0.480946 -0.733064
vn -0.480942 0.480942 -0.733068
vn -0.506199 0.506198 -0.698231
vn -0.506195 0.506195 -0.698235
vn -0.530178 0.530178 -0.661681
vn -0.530178 0.530178 -0.661681
vn -0.552836 0.552836 -0.623494
vn -0.552841 0.552841 -0.623485
vn -0.574137 0.574137 -0.583723
vn -0.574132 0.574132 -0.583734
vn -0.593982 0.593982 -0.542561
vn -0.593978 0.593978 -0.542567
vn -0.612369 0.612370 -0.500007
vn -0.612372 0.612372 -0.500002
vn -0.629238 0.629238 -0.456201
vn -0.629237 0.629237 -0.456204
vn -0.644528 0.644528 -0.411298
vn -0.644532 0.644532 -0.411288
vn -0.658235 0.658235 -0.365312
vn -0.658233 0.658233 -0.365320
vn -0.670287 0.670287 -0.318481
vn -0.670284 0.670284 -0.318494
vn -0.680674 0.680674 -0.270859
vn -0.680672 0.680672 -0.270872
vn -0.689380 0.689380 -0.222509
vn -0.689382 0.689382 -0.222500
vn -0.696365 0.696365 -0.173644
vn -0.701617 0.701617 -0.124368
vn -0.696365 0.696365 -0.173643
vn -0.701618 0.701618 -0.124353
vn -0.705130 0.705130 -0.074727
vn -0.705130 0.705130 -0.074717
vn -0.706887 0.706887 -0.024957
vn -0.706886 0.706886 -0.024963
vn -0.706886 0.706886 0.024963
vn -0.706887 0.706887 0.024957
vn -0.705130 0.705130 0.074727
vn -0.705130 0.705130 0.074717
vn -0.701618 0.701618 0.124353
vn -0.701617 0.701617 0.124368
vn -0.696365 0.696365 0.173644
vn -0.696365 0.696365 0.173643
vn -0.689382 0.689382 0.222500
vn -0.689380 0.689380 0.222509
vn -0.680674 0.680674 0.270859
vn -0.680672 0.680672 0.270872
vn -0.670287 0.670287 0.318481
vn -0.670284 0.670284 0.318494
vn -0.658233 0.658233 0.365320
vn -0.658235 0.658235 0.365312
vn -0.644528 0.644528 0.411298
vn -0.644532 0.644532 0.411288
vn -0.629237 0.629237 0.456204
vn -0.629238 0.629238 0.456201
vn -0.612370 0.612369 0.500007
vn -0.612372 0.612372 0.500002
vn -0.593978 0.593978 0.542567
vn -0.593982 0.593982 0.542561
vn -0.574137 0.574137 0.583723
vn -0.574132 0.574132 0.583734
vn -0.552841 0.552841 0.623485
vn -0.530178 0.530178 0.661681
vn -0.552836 0.552836 0.623494
vn -0.530178 0.530178 0.661681
vn -0.506195 0.506195 0.698235
vn -0.506198 0.506199 0.698231
vn -0.480946 0.480946 0.733064
vn -0.480942 0.480942 0.733068
vn -0.454520 0.454520 0.766043
vn -0.454526 0.454526 0.766037
vn -0.426957 0.426957 0.797130
vn -0.426952 0.426952 0.797135
vn -0.398331 0.398331 0.826235
vn -0.398329 0.398329 0.826237
vn -0.368705 0.368705 0.853295
vn -0.368706 0.368706 0.853295
vn -0.338183 0.338183 0.878217
vn -0.338179 0.338179 0.878220
vn -0.306800 0.306800 0.900971
vn -0.274661 0.274661 0.921478
vn -0.306804 0.306804 0.900967
vn -0.274662 0.274662 0.921478
vn -0.241850 0.241850 0.939690
vn -0.241847 0.241847 0.939692
vn -0.208420 0.208420 0.955574
vn -0.208420 0.208420 0.955574
vn -0.174480 0.174480 0.969079
vn -0.174481 0.174481 0.969078
vn -0.140113 0.140113 0.980172
vn -0.140111 0.140111 0.980172
vn -0.105390 0.105390 0.988831
vn -0.105391 0.105391 0.988830
vn -0.070407 0.070407 0.995031
vn -0.070406 0.070406 0.995031
vn -0.035246 0.035246 0.998757
vn -0.035246 0.035246 0.998757
vn 0.000000 0.000000 1.000000
vn 0.000000 0.000000 1.000000
vn 0.035246 -0.035246 0.998757
vn 0.035246 -0.035246 0.998757
vn 0.070407 -0.070407 0.995031
vn 0.070406 -0.070406 0.995031
vn 0.105390 -0.105390 0.988831
vn 0.105391 -0.105391 0.988830
vn 0.140111 -0.140111 0.980172
vn 0.140113 -0.140113 0.980172
vn 0.174481 -0.174481 0.969078
vn 0.174480 -0.174480 0.969079
vn 0.208420 -0.208420 0.955574
vn 0.208420 -0.208420 0.955574
vn 0.241847 -0.241847 0.939692
vn 0.241850 -0.241850 0.939690
vn 0.274661 -0.274661 0.921478
vn 0.274662 -0.274662 0.921478
vn 0.306800 -0.306800 0.900971
vn 0.306804 -0.306804 0.900967
vn 0.338183 -0.338183 0.878217
vn 0.338179 -0.338179 0.878220
vn 0.368705 -0.368705 0.853295
vn 0.368706 -0.368706 0.853295
vn 0.398331 -0.398331 0.826235
vn 0.398329 -0.398329 0.826237
vn 0.426957 -0.426957 0.797130
vn 0.426952 -0.426952 0.797135
vn 0.454520 -0.454520 0.766043
vn 0.454526 -0.454526 0.766037
vn 0.480946 -0.480946 0.733064
vn 0.480942 -0.480942 0.733068
vn 0.506195 -0.506195 0.698235
vn 0.530178 -0.530178 0.661681
vn 0.506198 -0.506199 0.698231
vn 0.530178 -0.530178 0.661681
vn 0.552836 -0.552836 0.623494
vn 0.552841 -0.552841 0.623485
vn 0.574132 -0.574132 0.583734
vn 0.574137 -0.574137 0.583723
vn 0.593982 -0.593982 0.542561
vn 0.593978 -0.593978 0.542567
vn 0.612370 -0.612369 0.500007
vn 0.612372 -0.612372 0.500002
vn 0.629237 -0.629237 0.456204
vn 0.629238 -0.629238 0.456201
vn 0.644532 -0.644532 0.411288
vn 0.644528 -0.644528 0.411298
vn 0.658233 -0.658233 0.365320
vn 0.658235 -0.658235 0.365312
vn 0.670287 -0.670287 0.318481
vn 0.670284 -0.670284 0.318494
vn 0.680672 -0.680672 0.270872
vn 0.680674 -0.680674 0.270859
vn 0.689380 -0.689380 0.222509
vn 0.689382 -0.689382 0.222500
vn 0.696365 -0.696365 0.173643
vn 0.696365 -0.696365 0.173644
vn 0.701617 -0.701617 0.124368
vn 0.701618 -0.701618 0.124353
vn 0.705130 -0.705130 0.074717
vn 0.705130 -0.705130 0.074727
vn 0.706886 -0.706886 0.024963
vn 0.706887 -0.706887 0.024957
vn 0.707107 0.707107 0.000000
vn 0.707107 0.707107 0.000000
vn 0.707107 0.707107 0.000000
vn 0.707107 0.707107 0.000000
vn 0.707107 0.707107 0.000000
vn 0.707107 0.707107 0.000000
vn 0.707107 0.707107 0.000000
vn 0.707107 0.707107 0.000000
vn 0.707107 0.707107 0.000000
vn 0.707107 0.707107 0.000000
vn 0.707107 0.707107 0.000000
vn 0.707107 0.707107 0.000000
vn 0.707107 0.707107 0.000000
vn 0.707107 0.707107 0.000000
vn 0.707107 0.707107 0.000000
vn 0.707107 0.707107 0.000000
vn 0.707107 0.707107 0.000000
vn 0.707107 0.707107 0.000000
vn 0.707107 0.707107 0.000000
vn 0.707107 0.707107 0.000000
vn 0.707107 0.707107 0.000000
vn 0.707107 0.707107 0.000000
vn 0.707107 0.707107 0.000000
vn 0.707107 0.707107 0.000000
vn 0.707107 0.707107 0.000000
vn 0.707107 0.707107 0.000000
vn 0.707107 0.707107 0.000000
vn 0.707107 0.707107 0.000000
vn 0.707107 0.707107 0.000000
vn 0.707107 0.707107 0.000000
vn 0.707107 0.707107 0.000000
vn 0.707107 0.707107 0.000000
vn 0.707107 0.707107 0.000000
vn 0.707107 0.707107 0.000000
vn 0.707107 0.707107 0.000000
vn 0.707107 0.707107 0.000000
vn 0.707107 0.707107 0.000000
vn 0.707107 0.707107 0.000000
vn 0.707107 0.707107 0.000000
vn 0.707107 0.707107 0.000000
vn 0.707107 0.707107 0.000000
vn 0.707107 0.707107 0.000000
vn 0.707107 0.707107 0.000000
vn 0.707107 0.707107 0.000000
vn 0.707107 0.707107 0.000000
vn 0.707107 0.707107 0.000000
vn 0.707107 0.707107 0.000000
vn 0.707107 0.707107 0.000000
vn 0.707107 0.707107 0.000000
vn 0.707107 0.707107 0.000000
vn 0.707107 0.707107 0.000000
vn 0.707107 0.707107 0.000000
vn 0.707107 0.707107 0.000000
vn 0.707107 0.707107 0.000000
vn 0.707107 0.707107 0.000000
vn 0.707107 0.707107 0.000000
vn 0.707107 0.707107 0.000000
vn 0.707107 0.707107 0.000000
vn 0.707107 0.707107 0.000000
vn 0.707107 0.707107 0.000000
vn 0.707107 0.707107 0.000000
vn 0.707107 0.707107 0.000000
vn 0.707107 0.707107 0.000000
vn 0.707107 0.707107 0.000000
vn 0.707107 0.707107 0.000000
vn 0.707107 0.707107 0.000000
vn 0.707107 0.707107 0.000000
vn 0.707107 0.707107 0.000000
vn 0.707107 0.707107 0.000000
vn 0.707107 0.707107 0.000000
vn 0.707107 0.707107 0.000000
vn 0.707107 0.707107 0.000000
vn 0.707107 0.707107 0.000000
vn 0.707107 0.707107 0.000000
vn 0.707107 0.707107 0.000000
vn 0.707107 0.707107 0.000000
vn 0.707107 0.707107 0.000000
vn 0.707107 0.707107 0.000000
vn 0.707107 0.707107 0.000000
vn 0.707107 0.707107 0.000000
vn 0.707107 0.707107 0.000000
vn 0.707107 0.707107 0.000000
vn 0.707107 0.707107 0.000000
vn 0.707107 0.707107 0.000000
vn 0.707107 0.707107 0.000000
vn 0.707107 0.707107 0.000000
vn 0.707107 0.707107 0.000000
vn 0.707107 0.707107 0.000000
vn 0.707107 0.707107 0.000000
vn 0.707107 0.707107 0.000000
vn 0.707107 0.707107 0.000000
vn 0.707107 0.707107 0.000000
vn 0.707107 0.707107 0.000000
vn 0.707107 0.707107 0.000000
vn 0.707107 0.707107 0.000000
vn 0.707107 0.707107 0.000000
vn 0.707107 0.707107 0.000000
vn 0.707107 0.707107 0.000000
vn 0.707107 0.707107 0.000000
vn 0.707107 0.707107 0.000000
vn 0.707107 0.707107 0.000000
vn 0.707107 0.707107 0.000000
vn 0.707107 0.707107 0.000000
vn 0.707107 0.707107 0.000000
vn 0.707107 0.707107 0.000000
vn 0.707107 0.707107 0.000000
vn 0.707107 0.707107 0.000000
vn 0.707107 0.707107 0.000000
vn 0.707107 0.707107 0.000000
vn 0.707107 0.707107 0.000000
vn 0.707107 0.707107 0.000000
vn 0.707107 0.707107 0.000000
vn 0.707107 0.707107 0.000000
vn 0.707107 0.707107 0.000000
vn 0.707107 0.707107 0.000000
vn 0.707107 0.707107 0.000000
vn 0.707107 0.707107 0.000000
vn 0.707107 0.707107 0.000000
vn 0.707107 0.707107 0.000000
vn 0.707107 0.707107 0.000000
vn 0.707107 0.707107 0.000000
vn 0.707107 0.707107 0.000000
vn 0.707107 0.707107 0.000000
vn 0.707107 0.707107 0.000000
vn -0.707107 -0.707107 0.000000
vn -0.707107 -0.707107 0.000000
vn -0.707107 -0.707107 0.000000
vn -0.707107 -0.707107 0.000000
vn -0.707107 -0.707107 0.000000
vn -0.707107 -0.707107 0.000000
vn -0.707107 -0.707107 0.000000
vn -0.707107 -0.707107 0.000000
vn -0.707107 -0.707107 0.000000
vn -0.707107 -0.707107 0.000000
vn -0.707107 -0.707107 0.000000
vn -0.707107 -0.707107 0.000000
vn -0.707107 -0.707107 0.000000
vn -0.707107 -0.707107 0.000000
vn -0.707107 -0.707107 0.000000
vn -0.707107 -0.707107 0.000000
vn -0.707107 -0.707107 0.000000
vn -0.707107 -0.707107 0.000000
vn -0.707107 -0.707107 0.000000
vn -0.707107 -0.707107 0.000000
vn -0.707107 -0.707107 0.000000
vn -0.707107 -0.707107 0.000000
vn -0.707107 -0.707107 0.000000
vn -0.707107 -0.707107 0.000000
vn -0.707107 -0.707107 0.000000
vn -0.707107 -0.707107 0.000000
vn -0.707107 -0.707107 0.000000
vn -0.707107 -0.707107 0.000000
vn -0.707107 -0.707107 0.000000
vn -0.707107 -0.707107 0.000000
vn -0.707107 -0.707107 0.000000
vn -0.707107 -0.707107 0.000000
vn -0.707107 -0.707107 0.000000
vn -0.707107 -0.707107 0.000000
vn -0.707107 -0.707107 0.000000
vn -0.707107 -0.707107 -0.000000
vn -0.707107 -0.707107 0.000000
vn -0.707107 -0.707107 0.000000
vn -0.707107 -0.707107 0.000000
vn -0.707107 -0.707107 0.000000
vn -0.707107 -0.707107 0.000000
vn -0.707107 -0.707107 0.000000
vn -0.707107 -0.707107 0.000000
vn -0.707107 -0.707107 0.000000
vn -0.707107 -0.707107 0.000000
vn -0.707107 -0.707107 0.000000
vn -0.707107 -0.707107 0.000000
vn -0.707107 -0.707107 0.000000
vn -0.707107 -0.707107 0.000000
vn -0.707107 -0.707107 0.000000
vn -0.707107 -0.707107 0.000000
vn -0.707107 -0.707107 0.000000
vn -0.707107 -0.707107 0.000000
vn -0.707107 -0.707107 0.000000
vn -0.707107 -0.707107 0.000000
vn -0.707107 -0.707107 0.000000
vn -0.707107 -0.707107 0.000000
vn -0.707107 -0.707107 0.000000
vn -0.707107 -0.707107 0.000000
vn -0.707107 -0.707107 0.000000
vn -0.707107 -0.707107 0.000000
vn -0.707107 -0.707107 0.000000
vn -0.707107 -0.707107 0.000000
vn -0.707107 -0.707107 0.000000
vn -0.707107 -0.707107 0.000000
vn -0.707107 -0.707107 0.000000
vn -0.707107 -0.707107 0.000000
vn -0.707107 -0.707107 0.000000
vn -0.707107 -0.707107 0.000000
vn -0.707107 -0.707107 0.000000
vn -0.707107 -0.707107 0.000000
vn -0.707107 -0.707107 0.000000
vn -0.707107 -0.707107 0.000000
vn -0.707107 -0.707107 0.000000
vn -0.707107 -0.707107 0.000000
vn -0.707107 -0.707107 0.000000
vn -0.707107 -0.707107 0.000000
vn -0.707107 -0.707107 0.000000
vn -0.707107 -0.707107 0.000000
vn -0.707107 -0.707107 0.000000
vn -0.707107 -0.707107 0.000000
vn -0.707107 -0.707107 0.000000
vn -0.707107 -0.707107 0.000000
vn -0.707107 -0.707107 0.000000
vn -0.707107 -0.707107 0.000000
vn -0.707107 -0.707107 0.000000
vn -0.707107 -0.707107 0.000000
vn -0.707107 -0.707107 0.000000
vn -0.707107 -0.707107 0.000000
vn -0.707107 -0.707107 0.000000
vn -0.707107 -0.707107 0.000000
vn -0.707107 -0.707107 0.000000
vn -0.707107 -0.707107 0.000000
vn -0.707107 -0.707107 0.000000
vn -0.707107 -0.707107 0.000000
vn -0.707107 -0.707107 0.000000
vn -0.707107 -0.707107 0.000000
vn -0.707107 -0.707107 0.000000
vn -0.707107 -0.707107 0.000000
vn -0.707107 -0.707107 0.000000
vn -0.707107 -0.707107 0.000000
vn -0.707107 -0.707107 0.000000
vn -0.707107 -0.707107 0.000000
vn -0.707107 -0.707107 0.000000
vn -0.707107 -0.707107 0.000000
vn -0.707107 -0.707107 0.000000
vn -0.707107 -0.707107 0.000000
vn -0.707107 -0.707107 0.000000
vn -0.707107 -0.707107 0.000000
vn -0.707107 -0.707107 0.000000
vn -0.707107 -0.707107 0.000000
vn -0.707107 -0.707107 0.000000
vn -0.707107 -0.707107 0.000000
vn -0.707107 -0.707107 0.000000
vn -0.707107 -0.707107 0.000000
vn -0.707107 -0.707107 0.000000
vn -0.707107 -0.707107 0.000000
vn -0.707107 -0.707107 0.000000
vn -0.707107 -0.707107 0.000000
vn -0.707107 -0.707107 0.000000
vn -0.707107 -0.707107 0.000000
vn -0.707107 -0.707107 0.000000
vn -0.707107 -0.707107 0.000000
vn -0.707107 -0.707107 0.000000
vn 0.999689 0.024931 0.000000
vn 0.999689 0.024931 0.000000
vn 0.997204 0.074724 0.000000
vn 0.997204 0.074724 0.000000
vn 0.992238 0.124354 0.000000
vn 0.992238 0.124354 0.000000
vn 0.984808 0.173646 0.000000
vn 0.984808 0.173646 0.000000
vn 0.974930 0.222512 0.000000
vn 0.974930 0.222512 0.000000
vn 0.962621 0.270853 0.000000
vn 0.962621 0.270853 0.000000
vn 0.947928 0.318483 0.000000
vn 0.947928 0.318483 0.000000
vn 0.930874 0.365340 0.000000
vn 0.930874 0.365340 0.000000
vn 0.911509 0.411279 0.000000
vn 0.911509 0.411279 0.000000
vn 0.889866 0.456222 0.000000
vn 0.889866 0.456222 0.000000
vn 0.866029 0.499994 0.000000
vn 0.866029 0.499994 0.000000
vn 0.840027 0.542545 0.000000
vn 0.840027 0.542545 0.000000
vn 0.811939 0.583742 0.000000
vn 0.811939 0.583742 0.000000
vn 0.781826 0.623497 0.000000
vn 0.781826 0.623497 0.000000
vn 0.749787 0.661679 0.000000
vn 0.749787 0.661679 0.000000
vn 0.715865 0.698238 0.000000
vn 0.715865 0.698238 0.000000
vn 0.680165 0.733059 0.000000
vn 0.680165 0.733059 0.000000
vn 0.642789 0.766043 0.000000
vn 0.642789 0.766043 0.000000
vn 0.603806 0.797131 0.000000
vn 0.603806 0.797131 0.000000
vn 0.563327 0.826234 0.000000
vn 0.563327 0.826234 0.000000
vn 0.521427 0.853296 0.000000
vn 0.521427 0.853296 0.000000
vn 0.478255 0.878221 0.000000
vn 0.478255 0.878221 0.000000
vn 0.433890 0.900966 0.000000
vn 0.433890 0.900966 0.000000
vn 0.388430 0.921478 0.000000
vn 0.388430 0.921478 0.000000
vn 0.342028 0.939690 0.000000
vn 0.342028 0.939690 0.000000
vn 0.294750 0.955574 0.000000
vn 0.294750 0.955574 0.000000
vn 0.246761 0.969076 0.000000
vn 0.246761 0.969076 0.000000
vn 0.198143 0.980173 0.000000
vn 0.198143 0.980173 0.000000
vn 0.149039 0.988831 0.000000
vn 0.149039 0.988831 0.000000
vn 0.099574 0.995030 0.000000
vn 0.099574 0.995030 0.000000
vn 0.049848 0.998757 0.000000
vn 0.049848 0.998757 0.000000
vn 0.000000 1.000000 0.000000
vn -0.049848 0.998757 0.000000
vn -0.000000 1.000000 0.000000
vn -0.049848 0.998757 0.000000
vn -0.099574 0.995030 0.000000
vn -0.099574 0.995030 0.000000
vn -0.149039 0.988831 0.000000
vn -0.149039 0.988831 0.000000
vn -0.198143 0.980173 0.000000
vn -0.198143 0.980173 0.000000
vn -0.246761 0.969076 0.000000
vn -0.246761 0.969076 0.000000
vn -0.294750 0.955574 0.000000
vn -0.294750 0.955574 0.000000
vn -0.342028 0.939690 0.000000
vn -0.342028 0.939690 0.000000
vn -0.388430 0.921478 0.000000
vn -0.388430 0.921478 0.000000
vn -0.433890 0.900966 0.000000
vn -0.433890 0.900966 0.000000
vn -0.478255 0.878221 0.000000
vn -0.478255 0.878221 0.000000
vn -0.521427 0.853296 0.000000
vn -0.521427 0.853296 0.000000
vn -0.563327 0.826234 0.000000
vn -0.563327 0.826234 0.000000
vn -0.603806 0.797131 0.000000
vn -0.603806 0.797131 0.000000
vn -0.642789 0.766043 0.000000
vn -0.642789 0.766043 0.000000
vn -0.680165 0.733059 0.000000
vn -0.680165 0.733059 0.000000
vn -0.715865 0.698238 0.000000
vn -0.715865 0.698238 0.000000
vn -0.749787 0.661679 0.000000
vn -0.749787 0.661679 0.000000
vn -0.781826 0.623497 0.000000
vn -0.781826 0.623497 0.000000
vn -0.811939 0.583742 0.000000
vn -0.811939 0.583742 0.000000
vn -0.840027 0.542545 0.000000
vn -0.840027 0.542545 0.000000
vn -0.866029 0.499994 0.000000
vn -0.866029 0.499994 0.000000
vn -0.889866 0.456222 0.000000
vn -0.889866 0.456222 0.000000
vn -0.911509 0.411279 0.000000
vn -0.911509 0.411279 0.000000
vn -0.930874 0.365340 0.000000
vn -0.930874 0.365340 0.000000
vn -0.947928 0.318483 0.000000
vn -0.947928 0.318483 0.000000
vn -0.962621 0.270853 0.000000
vn -0.962621 0.270853 0.000000
vn -0.974930 0.222512 0.000000
vn -0.974930 0.222512 0.000000
vn -0.984808 0.173646 0.000000
vn -0.984808 0.173646 0.000000
vn -0.992238 0.124354 0.000000
vn -0.992238 0.124354 0.000000
vn -0.997204 0.074724 0.000000
vn -0.997204 0.074724 0.000000
vn -0.999689 0.024931 0.000000
vn -0.999689 0.024931 0.000000
vn -0.999689 -0.024931 0.000000
vn -0.999689 -0.024931 -0.000000
vn -0.997204 -0.074724 0.000000
vn -0.997204 -0.074724 -0.000000
vn -0.992238 -0.124354 0.000000
vn -0.992238 -0.124354 -0.000000
vn -0.984808 -0.173646 0.000000
vn -0.984808 -0.173646 -0.000000
vn -0.974930 -0.222512 0.000000
vn -0.974930 -0.222512 -0.000000
vn -0.962621 -0.270853 0.000000
vn -0.962621 -0.270853 -0.000000
vn -0.947928 -0.318483 0.000000
vn -0.947928 -0.318483 -0.000000
vn -0.930874 -0.365340 0.000000
vn -0.930874 -0.365340 -0.000000
vn -0.911509 -0.411279 0.000000
vn -0.911509 -0.411279 -0.000000
vn -0.889866 -0.456222 0.000000
vn -0.889866 -0.456222 -0.000000
vn -0.866029 -0.499994 -0.000000
vn -0.866029 -0.499994 -0.000000
vn -0.840027 -0.542545 -0.000000
vn -0.840027 -0.542545 0.000000
vn -0.811939 -0.583742 -0.000000
vn -0.811939 -0.583742 0.000000
vn -0.781826 -0.623497 -0.000000
vn -0.781826 -0.623497 0.000000
vn -0.749787 -0.661679 -0.000000
vn -0.749787 -0.661679 0.000000
vn -0.715865 -0.698238 -0.000000
vn -0.715865 -0.698238 0.000000
vn -0.680165 -0.733059 -0.000000
vn -0.680165 -0.733059 0.000000
vn -0.642789 -0.766043 -0.000000
vn -0.642789 -0.766043 0.000000
vn -0.603806 -0.797131 -0.000000
vn -0.603806 -0.797131 0.000000
vn -0.563327 -0.826234 -0.000000
vn -0.563327 -0.826234 0.000000
vn -0.521427 -0.853296 -0.000000
vn -0.478255 -0.878221 -0.000000
vn -0.521427 -0.853296 0.000000
vn -0.478255 -0.878221 -0.000000
vn -0.433890 -0.900966 -0.000000
vn -0.433890 -0.900966 0.000000
vn -0.388430 -0.921478 -0.000000
vn -0.388430 -0.921478 0.000000
vn -0.342028 -0.939690 0.000000
vn -0.342028 -0.939690 -0.000000
vn -0.294750 -0.955574 0.000000
vn -0.294750 -0.955574 -0.000000
vn -0.246761 -0.969076 0.000000
vn -0.246761 -0.969076 -0.000000
vn -0.198143 -0.980173 0.000000
vn -0.198143 -0.980173 -0.000000
vn -0.149039 -0.988831 -0.000000
vn -0.149039 -0.988831 0.000000
vn -0.099574 -0.995030 -0.000000
vn -0.099574 -0.995030 0.000000
vn -0.049848 -0.998757 -0.000000
vn -0.049848 -0.998757 0.000000
vn 0.000000 -1.000000 -0.000000
vn -0.000000 -1.000000 0.000000
vn 0.049848 -0.998757 0.000000
vn 0.049848 -0.998757 0.000000
vn 0.099574 -0.995030 0.000000
vn 0.099574 -0.995030 0.000000
vn 0.149039 -0.988831 0.000000
vn 0.149039 -0.988831 0.000000
vn 0.198143 -0.980173 0.000000
vn 0.198143 -0.980173 0.000000
vn 0.246761 -0.969076 0.000000
vn 0.246761 -0.969076 0.000000
vn 0.294750 -0.955574 0.000000
vn 0.294750 -0.955574 0.000000
vn 0.342028 -0.939690 0.000000
vn 0.342028 -0.939690 0.000000
vn 0.388430 -0.921478 0.000000
vn 0.388430 -0.921478 0.000000
vn 0.433890 -0.900966 0.000000
vn 0.433890 -0.900966 0.000000
vn 0.478255 -0.878221 0.000000
vn 0.478255 -0.878221 0.000000
vn 0.521427 -0.853296 0.000000
vn 0.521427 -0.853296 0.000000
vn 0.563327 -0.826234 0.000000
vn 0.563327 -0.826234 0.000000
vn 0.603806 -0.797131 0.000000
vn 0.603806 -0.797131 0.000000
vn 0.642789 -0.766043 0.000000
vn 0.642789 -0.766043 0.000000
vn 0.680165 -0.733059 0.000000
vn 0.680165 -0.733059 0.000000
vn 0.715865 -0.698238 0.000000
vn 0.715865 -0.698238 0.000000
vn 0.749787 -0.661679 0.000000
vn 0.749787 -0.661679 0.000000
vn 0.781826 -0.623497 0.000000
vn 0.781826 -0.623497 0.000000
vn 0.811939 -0.583742 0.000000
vn 0.811939 -0.583742 0.000000
vn 0.840027 -0.542545 0.000000
vn 0.840027 -0.542545 0.000000
vn 0.866029 -0.499994 0.000000
vn 0.866029 -0.499994 0.000000
vn 0.889866 -0.456222 0.000000
vn 0.889866 -0.456222 0.000000
vn 0.911509 -0.411279 0.000000
vn 0.911509 -0.411279 0.000000
vn 0.930874 -0.365340 0.000000
vn 0.930874 -0.365340 0.000000
vn 0.947928 -0.318483 0.000000
vn 0.947928 -0.318483 0.000000
vn 0.962621 -0.270853 0.000000
vn 0.962621 -0.270853 0.000000
vn 0.974930 -0.222512 0.000000
vn 0.974930 -0.222512 0.000000
vn 0.984808 -0.173646 0.000000
vn 0.984808 -0.173646 0.000000
vn 0.992238 -0.124354 0.000000
vn 0.992238 -0.124354 0.000000
vn 0.997204 -0.074724 0.000000
vn 0.997204 -0.074724 0.000000
vn 0.999689 -0.024931 0.000000
vn 0.999689 -0.024931 0.000000
vn 0.000000 0.000000 1.000000
vn 0.000000 0.000000 1.000000
vn 0.000000 0.000000 1.000000
vn 0.000000 0.000000 1.000000
vn 0.000000 0.000000 1.000000
vn 0.000000 0.000000 1.000000
vn 0.000000 0.000000 1.000000
vn 0.000000 0.000000 1.000000
vn 0.000000 0.000000 1.000000
vn 0.000000 0.000000 1.000000
vn 0.000000 0.000000 1.000000
vn 0.000000 0.000000 1.000000
vn 0.000000 0.000000 1.000000
vn 0.000000 0.000000 1.000000
vn 0.000000 0.000000 1.000000
vn 0.000000 0.000000 1.000000
vn 0.000000 0.000000 1.000000
vn 0.000000 0.000000 1.000000
vn 0.000000 0.000000 1.000000
vn 0.000000 0.000000 1.000000
vn 0.000000 0.000000 1.000000
vn 0.000000 0.000000 1.000000
vn 0.000000 0.000000 1.000000
vn 0.000000 0.000000 1.000000
vn 0.000000 0.000000 1.000000
vn 0.000000 0.000000 1.000000
vn 0.000000 0.000000 1.000000
vn 0.000000 0.000000 1.000000
vn 0.000000 0.000000 1.000000
vn 0.000000 0.000000 1.000000
vn 0.000000 0.000000 1.000000
vn 0.000000 0.000000 1.000000
vn 0.000000 0.000000 1.000000
vn 0.000000 0.000000 1.000000
vn 0.000000 0.000000 1.000000
vn 0.000000 0.000000 1.000000
vn 0.000000 0.000000 1.000000
vn 0.000000 0.000000 1.000000
vn 0.000000 0.000000 1.000000
vn 0.000000 0.000000 1.000000
vn 0.000000 0.000000 1.000000
vn 0.000000 0.000000 1.000000
vn 0.000000 0.000000 1.000000
vn 0.000000 0.000000 1.000000
vn 0.000000 0.000000 1.000000
vn 0.000000 0.000000 1.000000
vn 0.000000 0.000000 1.000000
vn 0.000000 0.000000 1.000000
vn 0.000000 0.000000 1.000000
vn 0.000000 0.000000 1.000000
vn 0.000000 0.000000 1.000000
vn 0.000000 0.000000 1.000000
vn 0.000000 0.000000 1.000000
vn 0.000000 0.000000 1.000000
vn 0.000000 0.000000 1.000000
vn 0.000000 0.000000 1.000000
vn 0.000000 0.000000 1.000000
vn 0.000000 0.000000 1.000000
vn 0.000000 0.000000 1.000000
vn 0.000000 0.000000 1.000000
vn 0.000000 0.000000 1.000000
vn 0.000000 0.000000 1.000000
vn 0.000000 0.000000 1.000000
vn 0.000000 0.000000 1.000000
vn 0.000000 0.000000 1.000000
vn 0.000000 0.000000 1.000000
vn 0.000000 0.000000 1.000000
vn 0.000000 0.000000 1.000000
vn 0.000000 0.000000 1.000000
vn 0.000000 0.000000 1.000000
vn 0.000000 0.000000 1.000000
vn 0.000000 0.000000 1.000000
vn 0.000000 0.000000 1.000000
vn 0.000000 0.000000 1.000000
vn 0.000000 0.000000 1.000000
vn 0.000000 0.000000 1.000000
vn 0.000000 0.000000 1.000000
vn 0.000000 0.000000 1.000000
vn 0.000000 0.000000 1.000000
vn 0.000000 0.000000 1.000000
vn 0.000000 0.000000 1.000000
vn 0.000000 0.000000 1.000000
vn 0.000000 0.000000 1.000000
vn 0.000000 0.000000 1.000000
vn 0.000000 0.000000 1.000000
vn 0.000000 0.000000 1.000000
vn 0.000000 0.000000 1.000000
vn 0.000000 0.000000 1.000000
vn 0.000000 0.000000 1.000000
vn 0.000000 0.000000 1.000000
vn 0.000000 0.000000 1.000000
vn 0.000000 0.000000 1.000000
vn 0.000000 0.000000 1.000000
vn 0.000000 0.000000 1.000000
vn 0.000000 0.000000 1.000000
vn 0.000000 0.000000 1.000000
vn 0.000000 0.000000 1.000000
vn 0.000000 0.000000 1.000000
vn 0.000000 0.000000 1.000000
vn 0.000000 0.000000 1.000000
vn 0.000000 0.000000 1.000000
vn 0.000000 0.000000 1.000000
vn 0.000000 0.000000 1.000000
vn 0.000000 0.000000 1.000000
vn 0.000000 0.000000 1.000000
vn 0.000000 0.000000 1.000000
vn 0.000000 0.000000 1.000000
vn 0.000000 0.000000 1.000000
vn 0.000000 0.000000 1.000000
vn 0.000000 0.000000 1.000000
vn 0.000000 0.000000 1.000000
vn 0.000000 0.000000 1.000000
vn 0.000000 0.000000 1.000000
vn 0.000000 0.000000 1.000000
vn 0.000000 0.000000 1.000000
vn 0.000000 0.000000 1.000000
vn 0.000000 0.000000 1.000000
vn 0.000000 0.000000 1.000000
vn 0.000000 0.000000 1.000000
vn 0.000000 0.000000 1.000000
vn 0.000000 0.000000 1.000000
vn 0.000000 0.000000 1.000000
vn 0.000000 0.000000 1.000000
vn 0.000000 0.000000 1.000000
vn 0.000000 0.000000 -1.000000
vn 0.000000 0.000000 -1.000000
vn 0.000000 0.000000 -1.000000
vn 0.000000 0.000000 -1.000000
vn 0.000000 0.000000 -1.000000
vn 0.000000 0.000000 -1.000000
vn 0.000000 0.000000 -1.000000
vn 0.000000 0.000000 -1.000000
vn 0.000000 0.000000 -1.000000
vn 0.000000 0.000000 -1.000000
vn 0.000000 0.000000 -1.000000
vn 0.000000 0.000000 -1.000000
vn 0.000000 0.000000 -1.000000
vn 0.000000 0.000000 -1.000000
vn 0.000000 0.000000 -1.000000
vn 0.000000 0.000000 -1.000000
vn 0.000000 0.000000 -1.000000
vn 0.000000 0.000000 -1.000000
vn 0.000000 0.000000 -1.000000
vn 0.000000 0.000000 -1.000000
vn 0.000000 0.000000 -1.000000
vn 0.000000 0.000000 -1.000000
vn 0.000000 0.000000 -1.000000
vn 0.000000 0.000000 -1.000000
vn 0.000000 0.000000 -1.000000
vn 0.000000 -0.000000 -1.000000
vn 0.000000 -0.000000 -1.000000
vn 0.000000 0.000000 -1.000000
vn 0.000000 0.000000 -1.000000
vn 0.000000 0.000000 -1.000000
vn 0.000000 0.000000 -1.000000
vn 0.000000 0.000000 -1.000000
vn 0.000000 -0.000000 -1.000000
vn 0.000000 0.000000 -1.000000
vn 0.000000 0.000000 -1.000000
vn 0.000000 0.000000 -1.000000
vn 0.000000 0.000000 -1.000000
vn 0.000000 0.000000 -1.000000
vn 0.000000 0.000000 -1.000000
vn 0.000000 0.000000 -1.000000
vn 0.000000 -0.000000 -1.000000
vn 0.000000 -0.000000 -1.000000
vn 0.000000 -0.000000 -1.000000
vn 0.000000 -0.000000 -1.000000
vn 0.000000 -0.000000 -1.000000
vn 0.000000 0.000000 -1.000000
vn 0.000000 0.000000 -1.000000
vn 0.000000 0.000000 -1.000000
vn 0.000000 0.000000 -1.000000
vn 0.000000 -0.000000 -1.000000
vn 0.000000 0.000000 -1.000000
vn 0.000000 0.000000 -1.000000
vn 0.000000 0.000000 -1.000000
vn 0.000000 -0.000000 -1.000000
vn 0.000000 -0.000000 -1.000000
vn 0.000000 -0.000000 -1.000000
vn 0.000000 0.000000 -1.000000
vn 0.000000 0.000000 -1.000000
vn 0.000000 0.000000 -1.000000
vn 0.000000 0.000000 -1.000000
vn 0.000000 0.000000 -1.000000
vn 0.000000 -0.000000 -1.000000
vn 0.000000 -0.000000 -1.000000
vn 0.000000 -0.000000 -1.000000
vn 0.000000 0.000000 -1.000000
vn 0.000000 0.000000 -1.000000
vn 0.000000 0.000000 -1.000000
vn 0.000000 -0.000000 -1.000000
vn 0.000000 0.000000 -1.000000
vn 0.000000 0.000000 -1.000000
vn 0.000000 -0.000000 -1.000000
vn 0.000000 -0.000000 -1.000000
vn 0.000000 -0.000000 -1.000000
vn 0.000000 0.000000 -1.000000
vn 0.000000 0.000000 -1.000000
vn 0.000000 -0.000000 -1.000000
vn 0.000000 -0.000000 -1.000000
vn 0.000000 -0.000000 -1.000000
vn 0.000000 0.000000 -1.000000
vn 0.000000 0.000000 -1.000000
vn 0.000000 -0.000000 -1.000000
vn 0.000000 -0.000000 -1.000000
vn 0.000000 -0.000000 -1.000000
vn 0.000000 0.000000 -1.000000
vn 0.000000 -0.000000 -1.000000
vn 0.000000 0.000000 -1.000000
vn 0.000000 -0.000000 -1.000000
vn -0.000000 -0.000000 -1.000000
vn 0.000000 -0.000000 -1.000000
vn 0.000000 0.000000 -1.000000
vn 0.000000 0.000000 -1.000000
vn 0.000000 0.000000 -1.000000
vn 0.000000 0.000000 -1.000000
vn 0.000000 -0.000000 -1.000000
vn -0.000000 -0.000000 -1.000000
vn -0.000000 -0.000000 -1.000000
vn 0.000000 -0.000000 -1.000000
vn 0.000000 0.000000 -1.000000
vn 0.000000 0.000000 -1.000000
vn 0.000000 0.000000 -1.000000
vn 0.000000 0.000000 -1.000000
vn -0.000000 -0.000000 -1.000000
vn 0.000000 0.000000 -1.000000
vn 0.000000 0.000000 -1.000000
vn -0.000000 -0.000000 -1.000000
vn -0.000000 -0.000000 -1.000000
vn 0.000000 0.000000 -1.000000
vn -0.000000 -0.000000 -1.000000
vn 0.000000 0.000000 -1.000000
vn -0.000000 -0.000000 -1.000000
vn -0.000000 -0.000000 -1.000000
vn 0.000000 0.000000 -1.000000
vn 0.000000 0.000000 -1.000000
vn 0.000000 0.000000 -1.000000
vn 0.000000 -0.000000 -1.000000
vn 0.000000 0.000000 -1.000000
vn -0.000000 -0.000000 -1.000000
vn 0.000000 0.000000 -1.000000
vn 0.000000 0.000000 -1.000000
vn 0.000000 -0.000000 -1.000000
vn -0.000000 -0.000000 -1.000000
vn -0.000000 -0.000000 -1.000000
vn 0.000000 0.000000 -1.000000
vn -0.000000 -0.000000 -1.000000
vn -0.706887 -0.706887 -0.024957
vn -0.706886 -0.706886 -0.024963
vn -0.705130 -0.705130 -0.074717
vn -0.705130 -0.705130 -0.074727
vn -0.701617 -0.701617 -0.124368
vn -0.696365 -0.696365 -0.173644
vn -0.701618 -0.701618 -0.124353
vn -0.696365 -0.696365 -0.173643
vn -0.689380 -0.689380 -0.222509
vn -0.689382 -0.689382 -0.222500
vn -0.680674 -0.680674 -0.270859
vn -0.670284 -0.670284 -0.318494
vn -0.680672 -0.680672 -0.270872
vn -0.670287 -0.670287 -0.318481
vn -0.658235 -0.658235 -0.365312
vn -0.658233 -0.658233 -0.365320
vn -0.644528 -0.644528 -0.411298
vn -0.644532 -0.644532 -0.411288
vn -0.629238 -0.629238 -0.456201
vn -0.629237 -0.629237 -0.456204
vn -0.612370 -0.612369 -0.500007
vn -0.612372 -0.612372 -0.500002
vn -0.593982 -0.593982 -0.542561
vn -0.593978 -0.593978 -0.542567
vn -0.574137 -0.574137 -0.583723
vn -0.574132 -0.574132 -0.583734
vn -0.552841 -0.552841 -0.623485
vn -0.552836 -0.552836 -0.623494
vn -0.530178 -0.530178 -0.661681
vn -0.530178 -0.530178 -0.661681
vn -0.506198 -0.506199 -0.698231
vn -0.506195 -0.506195 -0.698235
vn -0.480942 -0.480942 -0.733068
vn -0.480946 -0.480946 -0.733064
vn -0.454520 -0.454520 -0.766043
vn -0.454526 -0.454526 -0.766037
vn -0.426952 -0.426952 -0.797135
vn -0.426957 -0.426957 -0.797130
vn -0.398331 -0.398331 -0.826235
vn -0.398329 -0.398329 -0.826237
vn -0.368706 -0.368706 -0.853295
vn -0.368705 -0.368705 -0.853295
vn -0.338183 -0.338183 -0.878217
vn -0.338179 -0.338179 -0.878220
vn -0.306800 -0.306800 -0.900971
vn -0.306804 -0.306804 -0.900967
vn -0.274661 -0.274661 -0.921478
vn -0.241847 -0.241847 -0.939692
vn -0.274662 -0.274662 -0.921478
vn -0.208420 -0.208420 -0.955574
vn -0.241850 -0.241850 -0.939690
vn -0.208420 -0.208420 -0.955574
vn -0.174481 -0.174481 -0.969078
vn -0.140111 -0.140111 -0.980172
vn -0.174480 -0.174480 -0.969079
vn -0.105390 -0.105390 -0.988831
vn -0.140113 -0.140113 -0.980172
vn -0.105391 -0.105391 -0.988830
vn -0.070407 -0.070407 -0.995031
vn -0.070406 -0.070406 -0.995031
vn -0.035246 -0.035246 -0.998757
vn -0.035246 -0.035246 -0.998757
vn 0.000000 0.000000 -1.000000
vn -0.000000 0.000000 -1.000000
vn 0.035246 0.035246 -0.998757
vn 0.035246 0.035246 -0.998757
vn 0.070407 0.070407 -0.995031
vn 0.070406 0.070406 -0.995031
vn 0.105390 0.105390 -0.988831
vn 0.105391 0.105391 -0.988830
vn 0.140111 0.140111 -0.980172
vn 0.140113 0.140113 -0.980172
vn 0.174480 0.174480 -0.969079
vn 0.174481 0.174481 -0.969078
vn 0.208420 0.208420 -0.955574
vn 0.208420 0.208420 -0.955574
vn 0.241850 0.241850 -0.939690
vn 0.241847 0.241847 -0.939692
vn 0.274662 0.274662 -0.921478
vn 0.274661 0.274661 -0.921478
vn 0.306800 0.306800 -0.900971
vn 0.306804 0.306804 -0.900967
vn 0.338179 0.338179 -0.878220
vn 0.338183 0.338183 -0.878217
vn 0.368706 0.368706 -0.853295
vn 0.368705 0.368705 -0.853295
vn 0.398329 0.398329 -0.826237
vn 0.398331 0.398331 -0.826235
vn 0.426952 0.426952 -0.797135
vn 0.426957 0.426957 -0.797130
vn 0.454526 0.454526 -0.766037
vn 0.454520 0.454520 -0.766043
vn 0.480946 0.480946 -0.733064
vn 0.480942 0.480942 -0.733068
vn 0.506198 0.506199 -0.698231
vn 0.506195 0.506195 -0.698235
vn 0.530178 0.530178 -0.661681
vn 0.530178 0.530178 -0.661681
vn 0.552836 0.552836 -0.623494
vn 0.552841 0.552841 -0.623485
vn 0.574137 0.574137 -0.583723
vn 0.574132 0.574132 -0.583734
vn 0.593982 0.593982 -0.542561
vn 0.593978 0.593978 -0.542567
vn 0.612370 0.612369 -0.500007
vn 0.612372 0.612372 -0.500002
vn 0.629238 0.629238 -0.456201
vn 0.629237 0.629237 -0.456204
vn 0.644528 0.644528 -0.411298
vn 0.644532 0.644532 -0.411288
vn 0.658235 0.658235 -0.365312
vn 0.658233 0.658233 -0.365320
vn 0.670287 0.670287 -0.318481
vn 0.670284 0.670284 -0.318494
vn 0.680674 0.680674 -0.270859
vn 0.680672 0.680672 -0.270872
vn 0.689380 0.689380 -0.222509
vn 0.689382 0.689382 -0.222500
vn 0.696365 0.696365 -0.173644
vn 0.701617 0.701617 -0.124368
vn 0.696365 0.696365 -0.173643
vn 0.701618 0.701618 -0.124353
vn 0.705130 0.705130 -0.074727
vn 0.705130 0.705130 -0.074717
vn 0.706887 0.706887 -0.024957
vn 0.706886 0.706886 -0.024963
vn 0.706886 0.706886 0.024963
vn 0.706887 0.706887 0.024957
vn 0.705130 0.705130 0.074727
vn 0.705130 0.705130 0.074717
vn 0.701618 0.701618 0.124353
vn 0.701617 0.701617 0.124368
vn 0.696365 0.696365 0.173644
vn 0.696365 0.696365 0.173643
vn 0.689382 0.689382 0.222500
vn 0.689380 0.689380 0.222509
vn 0.680674 0.680674 0.270859
vn 0.680672 0.680672 0.270872
vn 0.670287 0.670287 0.318481
vn 0.670284 0.670284 0.318494
vn 0.658233 0.658233 0.365320
vn 0.658235 0.658235 0.365312
vn 0.644528 0.644528 0.411298
vn 0.644532 0.644532 0.411288
vn 0.629237 0.629237 0.456204
vn 0.629238 0.629238 0.456201
vn 0.612369 0.612370 0.500007
vn 0.612372 0.612372 0.500002
vn 0.593978 0.593978 0.542567
vn 0.593982 0.593982 0.542561
vn 0.574137 0.574137 0.583723
vn 0.574132 0.574132 0.583734
vn 0.552841 0.552841 0.623485
vn 0.530178 0.530178 0.661681
vn 0.552836 0.552836 0.623494
vn 0.530178 0.530178 0.661681
vn 0.506195 0.506195 0.698235
vn 0.506199 0.506198 0.698231
vn 0.480946 0.480946 0.733064
vn 0.480942 0.480942 0.733068
vn 0.454520 0.454520 0.766043
vn 0.454526 0.454526 0.766037
vn 0.426957 0.426957 0.797130
vn 0.426952 0.426952 0.797135
vn 0.398331 0.398331 0.826235
vn 0.398329 0.398329 0.826237
vn 0.368705 0.368705 0.853295
vn 0.368706 0.368706 0.853295
vn 0.338183 0.338183 0.878217
vn 0.338179 0.338179 0.878220
vn 0.306800 0.306800 0.900971
vn 0.274661 0.274661 0.921478
vn 0.306804 0.306804 0.900967
vn 0.274662 0.274662 0.921478
vn 0.241850 0.241850 0.939690
vn 0.241847 0.241847 0.939692
vn 0.208420 0.208420 0.955574
vn 0.208420 0.208420 0.955574
vn 0.174480 0.174480 0.969079
vn 0.174481 0.174481 0.969078
vn 0.140113 0.140113 0.980172
vn 0.140111 0.140111 0.980172
vn 0.105390 0.105390 0.988831
vn 0.105391 0.105391 0.988830
vn 0.070407 0.070407 0.995031
vn 0.070406 0.070406 0.995031
vn 0.035246 0.035246 0.998757
vn 0.035246 0.035246 0.998757
vn 0.000000 0.000000 1.000000
vn 0.000000 -0.000000 1.000000
vn -0.035246 -0.035246 0.998757
vn -0.035246 -0.035246 0.998757
vn -0.070407 -0.070407 0.995031
vn -0.070406 -0.070406 0.995031
vn -0.105390 -0.105390 0.988831
vn -0.105391 -0.105391 0.988830
vn -0.140111 -0.140111 0.980172
vn -0.140113 -0.140113 0.980172
vn -0.174481 -0.174481 0.969078
vn -0.174480 -0.174480 0.969079
vn -0.208420 -0.208420 0.955574
vn -0.208420 -0.208420 0.955574
vn -0.241847 -0.241847 0.939692
vn -0.241850 -0.241850 0.939690
vn -0.274661 -0.274661 0.921478
vn -0.274662 -0.274662 0.921478
vn -0.306800 -0.306800 0.900971
vn -0.306804 -0.306804 0.900967
vn -0.338183 -0.338183 0.878217
vn -0.338179 -0.338179 0.878220
vn -0.368705 -0.368705 0.853295
vn -0.368706 -0.368706 0.853295
vn -0.398331 -0.398331 0.826235
vn -0.398329 -0.398329 0.826237
vn -0.426957 -0.426957 0.797130
vn -0.426952 -0.426952 0.797135
vn -0.454520 -0.454520 0.766043
vn -0.454526 -0.454526 0.766037
vn -0.480946 -0.480946 0.733064
vn -0.480942 -0.480942 0.733068
vn -0.506195 -0.506195 0.698235
vn -0.530178 -0.530178 0.661681
vn -0.506199 -0.506198 0.698231
vn -0.530178 -0.530178 0.661681
vn -0.552836 -0.552836 0.623494
vn -0.552841 -0.552841 0.623485
vn -0.574132 -0.574132 0.583734
vn -0.574137 -0.574137 0.583723
vn -0.593982 -0.593982 0.542561
vn -0.593978 -0.593978 0.542567
vn -0.612369 -0.612370 0.500007
vn -0.612372 -0.612372 0.500002
vn -0.629237 -0.629237 0.456204
vn -0.629238 -0.629238 0.456201
vn -0.644532 -0.644532 0.411288
vn -0.644528 -0.644528 0.411298
vn -0.658233 -0.658233 0.365320
vn -0.658235 -0.658235 0.365312
vn -0.670287 -0.670287 0.318481
vn -0.670284 -0.670284 0.318494
vn -0.680672 -0.680672 0.270872
vn -0.680674 -0.680674 0.270859
vn -0.689380 -0.689380 0.222509
vn -0.689382 -0.689382 0.222500
vn -0.696365 -0.696365 0.173643
vn -0.696365 -0.696365 0.173644
vn -0.701617 -0.701617 0.124368
vn -0.701618 -0.701618 0.124353
vn -0.705130 -0.705130 0.074717
vn -0.705130 -0.705130 0.074727
vn -0.706886 -0.706886 0.024963
vn -0.706887 -0.706887 0.024957
vn 0.707107 -0.707107 0.000000
vn 0.707107 -0.707107 0.000000
vn 0.707107 -0.707107 0.000000
vn 0.707107 -0.707107 0.000000
vn 0.707107 -0.707107 0.000000
vn 0.707107 -0.707107 0.000000
vn 0.707107 -0.707107 0.000000
vn 0.707107 -0.707107 0.000000
vn 0.707107 -0.707107 0.000000
vn 0.707107 -0.707107 0.000000
vn 0.707107 -0.707107 0.000000
vn 0.707107 -0.707107 0.000000
vn 0.707107 -0.707107 0.000000
vn 0.707107 -0.707107 0.000000
vn 0.707107 -0.707107 0.000000
vn 0.707107 -0.707107 0.000000
vn 0.707107 -0.707107 0.000000
vn 0.707107 -0.707107 0.000000
vn 0.707107 -0.707107 0.000000
vn 0.707107 -0.707107 0.000000
vn 0.707107 -0.707107 0.000000
vn 0.707107 -0.707107 0.000000
vn 0.707107 -0.707107 0.000000
vn 0.707107 -0.707107 0.000000
vn 0.707107 -0.707107 0.000000
vn 0.707107 -0.707107 0.000000
vn 0.707107 -0.707107 0.000000
vn 0.707107 -0.707107 0.000000
vn 0.707107 -0.707107 0.000000
vn 0.707107 -0.707107 0.000000
vn 0.707107 -0.707107 0.000000
vn 0.707107 -0.707107 0.000000
vn 0.707107 -0.707107 0.000000
vn 0.707107 -0.707107 0.000000
vn 0.707107 -0.707107 0.000000
vn 0.707107 -0.707107 0.000000
vn 0.707107 -0.707107 0.000000
vn 0.707107 -0.707107 0.000000
vn 0.707107 -0.707107 0.000000
vn 0.707107 -0.707107 0.000000
vn 0.707107 -0.707107 0.000000
vn 0.707107 -0.707107 0.000000
vn 0.707107 -0.707107 0.000000
vn 0.707107 -0.707107 0.000000
vn 0.707107 -0.707107 0.000000
vn 0.707107 -0.707107 0.000000
vn 0.707107 -0.707107 0.000000
vn 0.707107 -0.707107 0.000000
vn 0.707107 -0.707107 0.000000
vn 0.707107 -0.707107 0.000000
vn 0.707107 -0.707107 0.000000
vn 0.707107 -0.707107 0.000000
vn 0.707107 -0.707107 0.000000
vn 0.707107 -0.707107 0.000000
vn 0.707107 -0.707107 0.000000
vn 0.707107 -0.707107 0.000000
vn 0.707107 -0.707107 0.000000
vn 0.707107 -0.707107 0.000000
vn 0.707107 -0.707107 0.000000
vn 0.707107 -0.707107 0.000000
vn 0.707107 -0.707107 0.000000
vn 0.707107 -0.707107 0.000000
vn 0.707107 -0.707107 0.000000
vn 0.707107 -0.707107 0.000000
vn 0.707107 -0.707107 0.000000
vn 0.707107 -0.707107 0.000000
vn 0.707107 -0.707107 0.000000
vn 0.707107 -0.707107 0.000000
vn 0.707107 -0.707107 0.000000
vn 0.707107 -0.707107 0.000000
vn 0.707107 -0.707107 0.000000
vn 0.707107 -0.707107 0.000000
vn 0.707107 -0.707107 0.000000
vn 0.707107 -0.707107 0.000000
vn 0.707107 -0.707107 0.000000
vn 0.707107 -0.707107 0.000000
vn 0.707107 -0.707107 0.000000
vn 0.707107 -0.707107 0.000000
vn 0.707107 -0.707107 0.000000
vn 0.707107 -0.707107 0.000000
vn 0.707107 -0.707107 0.000000
vn 0.707107 -0.707107 0.000000
vn 0.707107 -0.707107 0.000000
vn 0.707107 -0.707107 0.000000
vn 0.707107 -0.707107 0.000000
vn 0.707107 -0.707107 0.000000
vn 0.707107 -0.707107 0.000000
vn 0.707107 -0.707107 0.000000
vn 0.707107 -0.707107 0.000000
vn 0.707107 -0.707107 0.000000
vn 0.707107 -0.707107 0.000000
vn 0.707107 -0.707107 0.000000
vn 0.707107 -0.707107 0.000000
vn 0.707107 -0.707107 0.000000
vn 0.707107 -0.707107 0.000000
vn 0.707107 -0.707107 0.000000
vn 0.707107 -0.707107 0.000000
vn 0.707107 -0.707107 0.000000
vn 0.707107 -0.707107 0.000000
vn 0.707107 -0.707107 0.000000
vn 0.707107 -0.707107 0.000000
vn 0.707107 -0.707107 0.000000
vn 0.707107 -0.707107 0.000000
vn 0.707107 -0.707107 0.000000
vn 0.707107 -0.707107 0.000000
vn 0.707107 -0.707107 0.000000
vn 0.707107 -0.707107 0.000000
vn 0.707107 -0.707107 0.000000
vn 0.707107 -0.707107 0.000000
vn 0.707107 -0.707107 0.000000
vn 0.707107 -0.707107 0.000000
vn 0.707107 -0.707107 0.000000
vn 0.707107 -0.707107 0.000000
vn 0.707107 -0.707107 0.000000
vn 0.707107 -0.707107 0.000000
vn 0.707107 -0.707107 0.000000
vn 0.707107 -0.707107 0.000000
vn 0.707107 -0.707107 0.000000
vn 0.707107 -0.707107 0.000000
vn 0.707107 -0.707107 0.000000
vn 0.707107 -0.707107 0.000000
vn 0.707107 -0.707107 0.000000
vn 0.707107 -0.707107 0.000000
vn 0.707107 -0.707107 0.000000
vn -0.707107 0.707107 0.000000
vn -0.707107 0.707107 0.000000
vn -0.707107 0.707107 0.000000
vn -0.707107 0.707107 0.000000
vn -0.707107 0.707107 0.000000
vn -0.707107 0.707107 0.000000
vn -0.707107 0.707107 0.000000
vn -0.707107 0.707107 0.000000
vn -0.707107 0.707107 0.000000
vn -0.707107 0.707107 0.000000
vn -0.707107 0.707107 0.000000
vn -0.707107 0.707107 0.000000
vn -0.707107 0.707107 0.000000
vn -0.707107 0.707107 0.000000
vn -0.707107 0.707107 0.000000
vn -0.707107 0.707107 0.000000
vn -0.707107 0.707107 0.000000
vn -0.707107 0.707107 0.000000
vn -0.707107 0.707107 0.000000
vn -0.707107 0.707107 0.000000
vn -0.707107 0.707107 0.000000
vn -0.707107 0.707107 0.000000
vn -0.707107 0.707107 0.000000
vn -0.707107 0.707107 0.000000
vn -0.707107 0.707107 0.000000
vn -0.707107 0.707107 0.000000
vn -0.707107 0.707107 0.000000
vn -0.707107 0.707107 0.000000
vn -0.707107 0.707107 0.000000
vn -0.707107 0.707107 0.000000
vn -0.707107 0.707107 0.000000
vn -0.707107 0.707107 0.000000
vn -0.707107 0.707107 0.000000
vn -0.707107 0.707107 0.000000
vn -0.707107 0.707107 0.000000
vn -0.707107 0.707107 0.000000
vn -0.707107 0.707107 0.000000
vn -0.707107 0.707107 0.000000
vn -0.707107 0.707107 0.000000
vn -0.707107 0.707107 0.000000
vn -0.707107 0.707107 0.000000
vn -0.707107 0.707107 0.000000
vn -0.707107 0.707107 0.000000
vn -0.707107 0.707107 0.000000
vn -0.707107 0.707107 0.000000
vn -0.707107 0.707107 0.000000
vn -0.707107 0.707107 0.000000
vn -0.707107 0.707107 0.000000
vn -0.707107 0.707107 0.000000
vn -0.707107 0.707107 0.000000
vn -0.707107 0.707107 0.000000
vn -0.707107 0.707107 0.000000
vn -0.707107 0.707107 0.000000
vn -0.707107 0.707107 0.000000
vn -0.707107 0.707107 0.000000
vn -0.707107 0.707107 0.000000
vn -0.707107 0.707107 0.000000
vn -0.707107 0.707107 0.000000
vn -0.707107 0.707107 0.000000
vn -0.707107 0.707107 0.000000
vn -0.707107 0.707107 0.000000
vn -0.707107 0.707107 0.000000
vn -0.707107 0.707107 0.000000
vn -0.707107 0.707107 0.000000
vn -0.707107 0.707107 0.000000
vn -0.707107 0.707107 0.000000
vn -0.707107 0.707107 0.000000
vn -0.707107 0.707107 0.000000
vn -0.707107 0.707107 0.000000
vn -0.707107 0.707107 0.000000
vn -0.707107 0.707107 0.000000
vn -0.707107 0.707107 0.000000
vn -0.707107 0.707107 0.000000
vn -0.707107 0.707107 0.000000
vn -0.707107 0.707107 0.000000
vn -0.707107 0.707107 0.000000
vn -0.707107 0.707107 0.000000
vn -0.707107 0.707107 0.000000
vn -0.707107 0.707107 0.000000
vn -0.707107 0.707107 0.000000
vn -0.707107 0.707107 0.000000
vn -0.707107 0.707107 0.000000
vn -0.707107 0.707107 0.000000
vn -0.707107 0.707107 0.000000
vn -0.707107 0.707107 0.000000
vn -0.707107 0.707107 0.000000
vn -0.707107 0.707107 0.000000
vn -0.707107 0.707107 0.000000
vn -0.707107 0.707107 0.000000
vn -0.707107 0.707107 0.000000
vn -0.707107 0.707107 0.000000
vn -0.707107 0.707107 0.000000
vn -0.707107 0.707107 0.000000
vn -0.707107 0.707107 0.000000
vn -0.707107 0.707107 0.000000
vn -0.707107 0.707107 0.000000
vn -0.707107 0.707107 0.000000
vn -0.707107 0.707107 0.000000
vn -0.707107 0.707107 0.000000
vn -0.707107 0.707107 0.000000
vn -0.707107 0.707107 0.000000
vn -0.707107 0.707107 0.000000
vn -0.707107 0.707107 0.000000
vn -0.707107 0.707107 0.000000
vn -0.707107 0.707107 0.000000
vn -0.707107 0.707107 0.000000
vn -0.707107 0.707107 0.000000
vn -0.707107 0.707107 0.000000
vn -0.707107 0.707107 0.000000
vn -0.707107 0.707107 0.000000
vn -0.707107 0.707107 0.000000
vn -0.707107 0.707107 0.000000
vn -0.707107 0.707107 0.000000
vn -0.707107 0.707107 0.000000
vn -0.707107 0.707107 0.000000
vn -0.707107 0.707107 0.000000
vn -0.707107 0.707107 0.000000
vn -0.707107 0.707107 0.000000
vn -0.707107 0.707107 0.000000
vn -0.707107 0.707107 0.000000
vn -0.707107 0.707107 0.000000
vn -0.707107 0.707107 0.000000
vn -0.707107 0.707107 0.000000
vn -0.707107 0.707107 0.000000
vn 0.999689 0.024931 0.000000
vn 0.999689 0.024931 0.000000
vn 0.997204 0.074724 0.000000
vn 0.997204 0.074724 0.000000
vn 0.992238 0.124354 0.000000
vn 0.992238 0.124354 0.000000
vn 0.984808 0.173646 0.000000
vn 0.984808 0.173646 0.000000
vn 0.974930 0.222512 0.000000
vn 0.974930 0.222512 0.000000
vn 0.962621 0.270853 0.000000
vn 0.962621 0.270853 0.000000
vn 0.947928 0.318483 0.000000
vn 0.947928 0.318483 0.000000
vn 0.930874 0.365340 0.000000
vn 0.930874 0.365340 0.000000
vn 0.911509 0.411279 0.000000
vn 0.911509 0.411279 0.000000
vn 0.889866 0.456222 0.000000
vn 0.889866 0.456222 0.000000
vn 0.866029 0.499994 0.000000
vn 0.866029 0.499994 0.000000
vn 0.840027 0.542545 0.000000
vn 0.840027 0.542545 0.000000
vn 0.811939 0.583742 0.000000
vn 0.811939 0.583742 0.000000
vn 0.781826 0.623497 0.000000
vn 0.781826 0.623497 0.000000
vn 0.749787 0.661679 0.000000
vn 0.749787 0.661679 0.000000
vn 0.715865 0.698238 0.000000
vn 0.715865 0.698238 0.000000
vn 0.680165 0.733059 0.000000
vn 0.680165 0.733059 0.000000
vn 0.642789 0.766043 0.000000
vn 0.642789 0.766043 0.000000
vn 0.603806 0.797131 0.000000
vn 0.603806 0.797131 0.000000
vn 0.563327 0.826234 0.000000
vn 0.563327 0.826234 0.000000
vn 0.521427 0.853296 0.000000
vn 0.521427 0.853296 0.000000
vn 0.478255 0.878221 0.000000
vn 0.478255 0.878221 0.000000
vn 0.433890 0.900966 0.000000
vn 0.433890 0.900966 0.000000
vn 0.388430 0.921478 0.000000
vn 0.388430 0.921478 0.000000
vn 0.342028 0.939690 0.000000
vn 0.342028 0.939690 0.000000
vn 0.294750 0.955574 0.000000
vn 0.294750 0.955574 0.000000
vn 0.246761 0.969076 0.000000
vn 0.246761 0.969076 0.000000
vn 0.198143 0.980173 0.000000
vn 0.198143 0.980173 0.000000
vn 0.149039 0.988831 0.000000
vn 0.149039 0.988831 0.000000
vn 0.099574 0.995030 0.000000
vn 0.099574 0.995030 0.000000
vn 0.049848 0.998757 0.000000
vn 0.049848 0.998757 0.000000
vn 0.000000 1.000000 0.000000
vn -0.049848 0.998757 0.000000
vn -0.000000 1.000000 0.000000
vn -0.049848 0.998757 0.000000
vn -0.099574 0.995030 0.000000
vn -0.099574 0.995030 0.000000
vn -0.149039 0.988831 0.000000
vn -0.149039 0.988831 0.000000
vn -0.198143 0.980173 0.000000
vn -0.198143 0.980173 0.000000
vn -0.246761 0.969076 0.000000
vn -0.246761 0.969076 0.000000
vn -0.294750 0.955574 0.000000
vn -0.294750 0.955574 0.000000
vn -0.342028 0.939690 0.000000
vn -0.342028 0.939690 0.000000
vn -0.388430 0.921478 0.000000
vn -0.388430 0.921478 0.000000
vn -0.433890 0.900966 0.000000
vn -0.433890 0.900966 0.000000
vn -0.478255 0.878221 0.000000
vn -0.478255 0.878221 0.000000
vn -0.521427 0.853296 0.000000
vn -0.521427 0.853296 0.000000
vn -0.563327 0.826234 0.000000
vn -0.563327 0.826234 0.000000
vn -0.603806 0.797131 0.000000
vn -0.603806 0.797131 0.000000
vn -0.642789 0.766043 0.000000
vn -0.642789 0.766043 0.000000
vn -0.680165 0.733059 0.000000
vn -0.680165 0.733059 0.000000
vn -0.715865 0.698238 0.000000
vn -0.715865 0.698238 0.000000
vn -0.749787 0.661679 0.000000
vn -0.749787 0.661679 0.000000
vn -0.781826 0.623497 0.000000
vn -0.781826 0.623497 0.000000
vn -0.811939 0.583742 0.000000
vn -0.811939 0.583742 0.000000
vn -0.840027 0.542545 0.000000
vn -0.840027 0.542545 0.000000
vn -0.866029 0.499994 0.000000
vn -0.866029 0.499994 0.000000
vn -0.889866 0.456222 0.000000
vn -0.889866 0.456222 0.000000
vn -0.911509 0.411279 0.000000
vn -0.911509 0.411279 0.000000
vn -0.930874 0.365340 0.000000
vn -0.930874 0.365340 0.000000
vn -0.947928 0.318483 0.000000
vn -0.947928 0.318483 0.000000
vn -0.962621 0.270853 0.000000
vn -0.962621 0.270853 0.000000
vn -0.974930 0.222512 0.000000
vn -0.974930 0.222512 0.000000
vn -0.984808 0.173646 0.000000
vn -0.984808 0.173646 0.000000
vn -0.992238 0.124354 0.000000
vn -0.992238 0.124354 0.000000
vn -0.997204 0.074724 0.000000
vn -0.997204 0.074724 0.000000
vn -0.999689 0.024931 0.000000
vn -0.999689 0.024931 0.000000
vn -0.999689 -0.024931 0.000000
vn -0.999689 -0.024931 -0.000000
vn -0.997204 -0.074724 0.000000
vn -0.997204 -0.074724 -0.000000
vn -0.992238 -0.124354 0.000000
vn -0.992238 -0.124354 -0.000000
vn -0.984808 -0.173646 0.000000
vn -0.984808 -0.173646 -0.000000
vn -0.974930 -0.222512 0.000000
vn -0.974930 -0.222512 -0.000000
vn -0.962621 -0.270853 0.000000
vn -0.962621 -0.270853 -0.000000
vn -0.947928 -0.318483 0.000000
vn -0.947928 -0.318483 -0.000000
vn -0.930874 -0.365340 0.000000
vn -0.930874 -0.365340 -0.000000
vn -0.911509 -0.411279 0.000000
vn -0.911509 -0.411279 -0.000000
vn -0.889866 -0.456222 0.000000
vn -0.889866 -0.456222 -0.000000
vn -0.866029 -0.499994 -0.000000
vn -0.866029 -0.499994 -0.000000
vn -0.840027 -0.542545 -0.000000
vn -0.840027 -0.542545 0.000000
vn -0.811939 -0.583742 -0.000000
vn -0.811939 -0.583742 0.000000
vn -0.781826 -0.623497 -0.000000
vn -0.781826 -0.623497 0.000000
vn -0.749787 -0.661679 -0.000000
vn -0.749787 -0.661679 0.000000
vn -0.715865 -0.698238 -0.000000
vn -0.715865 -0.698238 0.000000
vn -0.680165 -0.733059 -0.000000
vn -0.680165 -0.733059 0.000000
vn -0.642789 -0.766043 -0.000000
vn -0.642789 -0.766043 0.000000
vn -0.603806 -0.797131 -0.000000
vn -0.603806 -0.797131 0.000000
vn -0.563327 -0.826234 -0.000000
vn -0.563327 -0.826234 0.000000
vn -0.521427 -0.853296 -0.000000
vn -0.478255 -0.878221 -0.000000
vn -0.521427 -0.853296 0.000000
vn -0.478255 -0.878221 -0.000000
vn -0.433890 -0.900966 -0.000000
vn -0.433890 -0.900966 0.000000
vn -0.388430 -0.921478 -0.000000
vn -0.388430 -0.921478 0.000000
vn -0.342028 -0.939690 0.000000
vn -0.342028 -0.939690 -0.000000
vn -0.294750 -0.955574 0.000000
vn -0.294750 -0.955574 -0.000000
vn -0.246761 -0.969076 0.000000
vn -0.246761 -0.969076 -0.000000
vn -0.198143 -0.980173 0.000000
vn -0.198143 -0.980173 -0.000000
vn -0.149039 -0.988831 -0.000000
vn -0.149039 -0.988831 0.000000
vn -0.099574 -0.995030 -0.000000
vn -0.099574 -0.995030 0.000000
vn -0.049848 -0.998757 -0.000000
vn -0.049848 -0.998757 0.000000
vn 0.000000 -1.000000 -0.000000
vn -0.000000 -1.000000 0.000000
vn 0.049848 -0.998757 0.000000
vn 0.049848 -0.998757 0.000000
vn 0.099574 -0.995030 0.000000
vn 0.099574 -0.995030 0.000000
vn 0.149039 -0.988831 0.000000
vn 0.149039 -0.988831 0.000000
vn 0.198143 -0.980173 0.000000
vn 0.198143 -0.980173 0.000000
vn 0.246761 -0.969076 0.000000
vn 0.246761 -0.969076 0.000000
vn 0.294750 -0.955574 0.000000
vn 0.294750 -0.955574 0.000000
vn 0.342028 -0.939690 0.000000
vn 0.342028 -0.939690 0.000000
vn 0.388430 -0.921478 0.000000
vn 0.388430 -0.921478 0.000000
vn 0.433890 -0.900966 0.000000
vn 0.433890 -0.900966 0.000000
vn 0.478255 -0.878221 0.000000
vn 0.478255 -0.878221 0.000000
vn 0.521427 -0.853296 0.000000
vn 0.521427 -0.853296 0.000000
vn 0.563327 -0.826234 0.000000
vn 0.563327 -0.826234 0.000000
vn 0.603806 -0.797131 0.000000
vn 0.603806 -0.797131 0.000000
vn 0.642789 -0.766043 0.000000
vn 0.642789 -0.766043 0.000000
vn 0.680165 -0.733059 0.000000
vn 0.680165 -0.733059 0.000000
vn 0.715865 -0.698238 0.000000
vn 0.715865 -0.698238 0.000000
vn 0.749787 -0.661679 0.000000
vn 0.749787 -0.661679 0.000000
vn 0.781826 -0.623497 0.000000
vn 0.781826 -0.623497 0.000000
vn 0.811939 -0.583742 0.000000
vn 0.811939 -0.583742 0.000000
vn 0.840027 -0.542545 0.000000
vn 0.840027 -0.542545 0.000000
vn 0.866029 -0.499994 0.000000
vn 0.866029 -0.499994 0.000000
vn 0.889866 -0.456222 0.000000
vn 0.889866 -0.456222 0.000000
vn 0.911509 -0.411279 0.000000
vn 0.911509 -0.411279 0.000000
vn 0.930874 -0.365340 0.000000
vn 0.930874 -0.365340 0.000000
vn 0.947928 -0.318483 0.000000
vn 0.947928 -0.318483 0.000000
vn 0.962621 -0.270853 0.000000
vn 0.962621 -0.270853 0.000000
vn 0.974930 -0.222512 0.000000
vn 0.974930 -0.222512 0.000000
vn 0.984808 -0.173646 0.000000
vn 0.984808 -0.173646 0.000000
vn 0.992238 -0.124354 0.000000
vn 0.992238 -0.124354 0.000000
vn 0.997204 -0.074724 0.000000
vn 0.997204 -0.074724 0.000000
vn 0.999689 -0.024931 0.000000
vn 0.999689 -0.024931 0.000000
vn 0.000000 0.000000 1.000000
vn 0.000000 0.000000 1.000000
vn 0.000000 0.000000 1.000000
vn 0.000000 0.000000 1.000000
vn 0.000000 0.000000 1.000000
vn 0.000000 0.000000 1.000000
vn 0.000000 0.000000 1.000000
vn 0.000000 0.000000 1.000000
vn 0.000000 0.000000 1.000000
vn 0.000000 0.000000 1.000000
vn 0.000000 0.000000 1.000000
vn 0.000000 0.000000 1.000000
vn 0.000000 0.000000 1.000000
vn 0.000000 0.000000 1.000000
vn 0.000000 0.000000 1.000000
vn 0.000000 0.000000 1.000000
vn 0.000000 0.000000 1.000000
vn 0.000000 0.000000 1.000000
vn 0.000000 0.000000 1.000000
vn 0.000000 0.000000 1.000000
vn 0.000000 0.000000 1.000000
vn 0.000000 0.000000 1.000000
vn 0.000000 0.000000 1.000000
vn 0.000000 0.000000 1.000000
vn 0.000000 0.000000 1.000000
vn 0.000000 0.000000 1.000000
vn 0.000000 0.000000 1.000000
vn 0.000000 0.000000 1.000000
vn 0.000000 0.000000 1.000000
vn 0.000000 0.000000 1.000000
vn 0.000000 0.000000 1.000000
vn 0.000000 0.000000 1.000000
vn 0.000000 0.000000 1.000000
vn 0.000000 0.000000 1.000000
vn 0.000000 0.000000 1.000000
vn 0.000000 0.000000 1.000000
vn 0.000000 0.000000 1.000000
vn 0.000000 0.000000 1.000000
vn 0.000000 0.000000 1.000000
vn 0.000000 0.000000 1.000000
vn 0.000000 0.000000 1.000000
vn 0.000000 0.000000 1.000000
vn 0.000000 0.000000 1.000000
vn 0.000000 0.000000 1.000000
vn 0.000000 0.000000 1.000000
vn 0.000000 0.000000 1.000000
vn 0.000000 0.000000 1.000000
vn 0.000000 0.000000 1.000000
vn 0.000000 0.000000 1.000000
vn 0.000000 0.000000 1.000000
vn 0.000000 0.000000 1.000000
vn 0.000000 0.000000 1.000000
vn 0.000000 0.000000 1.000000
vn 0.000000 0.000000 1.000000
vn 0.000000 0.000000 1.000000
vn 0.000000 0.000000 1.000000
vn 0.000000 0.000000 1.000000
vn 0.000000 0.000000 1.000000
vn 0.000000 0.000000 1.000000
vn 0.000000 0.000000 1.000000
vn 0.000000 0.000000 1.000000
vn 0.000000 0.000000 1.000000
vn 0.000000 0.000000 1.000000
vn 0.000000 0.000000 1.000000
vn 0.000000 0.000000 1.000000
vn 0.000000 0.000000 1.000000
vn 0.000000 0.000000 1.000000
vn 0.000000 0.000000 1.000000
vn 0.000000 0.000000 1.000000
vn 0.000000 0.000000 1.000000
vn 0.000000 0.000000 1.000000
vn 0.000000 0.000000 1.000000
vn 0.000000 0.000000 1.000000
vn 0.000000 0.000000 1.000000
vn 0.000000 0.000000 1.000000
vn 0.000000 0.000000 1.000000
vn 0.000000 0.000000 1.000000
vn 0.000000 0.000000 1.000000
vn 0.000000 0.000000 1.000000
vn 0.000000 0.000000 1.000000
vn 0.000000 0.000000 1.000000
vn 0.000000 0.000000 1.000000
vn 0.000000 0.000000 1.000000
vn 0.000000 0.000000 1.000000
vn 0.000000 0.000000 1.000000
vn 0.000000 0.000000 1.000000
vn 0.000000 0.000000 1.000000
vn 0.000000 0.000000 1.000000
vn 0.000000 0.000000 1.000000
vn 0.000000 0.000000 1.000000
vn 0.000000 0.000000 1.000000
vn 0.000000 0.000000 1.000000
vn 0.000000 0.000000 1.000000
vn 0.000000 0.000000 1.000000
vn 0.000000 0.000000 1.000000
vn 0.000000 0.000000 1.000000
vn 0.000000 0.000000 1.000000
vn 0.000000 0.000000 1.000000
vn 0.000000 0.000000 1.000000
vn 0.000000 0.000000 1.000000
vn 0.000000 0.000000 1.000000
vn 0.000000 0.000000 1.000000
vn 0.000000 0.000000 1.000000
vn 0.000000 0.000000 1.000000
vn 0.000000 0.000000 1.000000
vn 0.000000 0.000000 1.000000
vn 0.000000 0.000000 1.000000
vn 0.000000 0.000000 1.000000
vn 0.000000 0.000000 1.000000
vn 0.000000 0.000000 1.000000
vn 0.000000 0.000000 1.000000
vn 0.000000 0.000000 1.000000
vn 0.000000 0.000000 1.000000
vn 0.000000 0.000000 1.000000
vn 0.000000 0.000000 1.000000
vn 0.000000 0.000000 1.000000
vn 0.000000 0.000000 1.000000
vn 0.000000 0.000000 1.000000
vn 0.000000 0.000000 1.000000
vn 0.000000 0.000000 1.000000
vn 0.000000 0.000000 1.000000
vn 0.000000 0.000000 1.000000
vn 0.000000 0.000000 1.000000
vn 0.000000 0.000000 1.000000
vn 0.000000 0.000000 -1.000000
vn 0.000000 0.000000 -1.000000
vn 0.000000 0.000000 -1.000000
vn 0.000000 0.000000 -1.000000
vn 0.000000 0.000000 -1.000000
vn 0.000000 0.000000 -1.000000
vn 0.000000 0.000000 -1.000000
vn 0.000000 0.000000 -1.000000
vn 0.000000 0.000000 -1.000000
vn 0.000000 0.000000 -1.000000
vn 0.000000 0.000000 -1.000000
vn 0.000000 0.000000 -1.000000
vn 0.000000 0.000000 -1.000000
vn 0.000000 0.000000 -1.000000
vn 0.000000 0.000000 -1.000000
vn 0.000000 0.000000 -1.000000
vn 0.000000 0.000000 -1.000000
vn 0.000000 0.000000 -1.000000
vn 0.000000 0.000000 -1.000000
vn 0.000000 0.000000 -1.000000
vn 0.000000 0.000000 -1.000000
vn 0.000000 0.000000 -1.000000
vn 0.000000 0.000000 -1.000000
vn 0.000000 0.000000 -1.000000
vn 0.000000 0.000000 -1.000000
vn 0.000000 -0.000000 -1.000000
vn 0.000000 -0.000000 -1.000000
vn 0.000000 0.000000 -1.000000
vn 0.000000 0.000000 -1.000000
vn 0.000000 0.000000 -1.000000
vn 0.000000 0.000000 -1.000000
vn 0.000000 0.000000 -1.000000
vn 0.000000 -0.000000 -1.000000
vn 0.000000 0.000000 -1.000000
vn 0.000000 0.000000 -1.000000
vn 0.000000 0.000000 -1.000000
vn 0.000000 0.000000 -1.000000
vn 0.000000 0.000000 -1.000000
vn 0.000000 0.000000 -1.000000
vn 0.000000 0.000000 -1.000000
vn 0.000000 -0.000000 -1.000000
vn 0.000000 -0.000000 -1.000000
vn 0.000000 -0.000000 -1.000000
vn 0.000000 -0.000000 -1.000000
vn 0.000000 -0.000000 -1.000000
vn 0.000000 0.000000 -1.000000
vn 0.000000 0.000000 -1.000000
vn 0.000000 0.000000 -1.000000
vn 0.000000 0.000000 -1.000000
vn 0.000000 -0.000000 -1.000000
vn 0.000000 0.000000 -1.000000
vn 0.000000 0.000000 -1.000000
vn 0.000000 0.000000 -1.000000
vn 0.000000 -0.000000 -1.000000
vn 0.000000 -0.000000 -1.000000
vn 0.000000 -0.000000 -1.000000
vn 0.000000 0.000000 -1.000000
vn 0.000000 0.000000 -1.000000
vn 0.000000 0.000000 -1.000000
vn 0.000000 0.000000 -1.000000
vn 0.000000 0.000000 -1.000000
vn 0.000000 -0.000000 -1.000000
vn 0.000000 -0.000000 -1.000000
vn 0.000000 -0.000000 -1.000000
vn 0.000000 0.000000 -1.000000
vn 0.000000 0.000000 -1.000000
vn 0.000000 0.000000 -1.000000
vn 0.000000 -0.000000 -1.000000
vn 0.000000 0.000000 -1.000000
vn 0.000000 0.000000 -1.000000
vn 0.000000 -0.000000 -1.000000
vn 0.000000 -0.000000 -1.000000
vn 0.000000 -0.000000 -1.000000
vn 0.000000 0.000000 -1.000000
vn 0.000000 0.000000 -1.000000
vn 0.000000 -0.000000 -1.000000
vn 0.000000 -0.000000 -1.000000
vn 0.000000 -0.000000 -1.000000
vn 0.000000 0.000000 -1.000000
vn 0.000000 0.000000 -1.000000
vn 0.000000 -0.000000 -1.000000
vn 0.000000 -0.000000 -1.000000
vn 0.000000 -0.000000 -1.000000
vn 0.000000 0.000000 -1.000000
vn 0.000000 -0.000000 -1.000000
vn 0.000000 0.000000 -1.000000
vn 0.000000 -0.000000 -1.000000
vn -0.000000 -0.000000 -1.000000
vn 0.000000 -0.000000 -1.000000
vn 0.000000 0.000000 -1.000000
vn 0.000000 0.000000 -1.000000
vn 0.000000 0.000000 -1.000000
vn 0.000000 0.000000 -1.000000
vn 0.000000 -0.000000 -1.000000
vn -0.000000 -0.000000 -1.000000
vn -0.000000 -0.000000 -1.000000
vn 0.000000 -0.000000 -1.000000
vn 0.000000 0.000000 -1.000000
vn 0.000000 0.000000 -1.000000
vn 0.000000 0.000000 -1.000000
vn 0.000000 0.000000 -1.000000
vn -0.000000 -0.000000 -1.000000
vn 0.000000 0.000000 -1.000000
vn 0.000000 0.000000 -1.000000
vn -0.000000 -0.000000 -1.000000
vn -0.000000 -0.000000 -1.000000
vn 0.000000 0.000000 -1.000000
vn -0.000000 -0.000000 -1.000000
vn 0.000000 0.000000 -1.000000
vn -0.000000 -0.000000 -1.000000
vn -0.000000 -0.000000 -1.000000
vn 0.000000 0.000000 -1.000000
vn 0.000000 0.000000 -1.000000
vn 0.000000 0.000000 -1.000000
vn 0.000000 -0.000000 -1.000000
vn 0.000000 0.000000 -1.000000
vn -0.000000 -0.000000 -1.000000
vn 0.000000 0.000000 -1.000000
vn 0.000000 0.000000 -1.000000
vn 0.000000 -0.000000 -1.000000
vn -0.000000 -0.000000 -1.000000
vn -0.000000 -0.000000 -1.000000
vn 0.000000 0.000000 -1.000000
vn -0.000000 -0.000000 -1.000000
vn -0.706887 0.706887 -0.024957
vn -0.706886 0.706886 -0.024963
vn -0.705130 0.705130 -0.074717
vn -0.705130 0.705130 -0.074727
vn -0.701617 0.701617 -0.124368
vn -0.696365 0.696365 -0.173644
vn -0.701618 0.701618 -0.124353
vn -0.696365 0.696365 -0.173643
vn -0.689380 0.689380 -0.222509
vn -0.689382 0.689382 -0.222500
vn -0.680674 0.680674 -0.270859
vn -0.670284 0.670284 -0.318494
vn -0.680672 0.680672 -0.270872
vn -0.670287 0.670287 -0.318481
vn -0.658235 0.658235 -0.365312
vn -0.658233 0.658233 -0.365320
vn -0.644528 0.644528 -0.411298
vn -0.644532 0.644532 -0.411288
vn -0.629238 0.629238 -0.456201
vn -0.629237 0.629237 -0.456204
vn -0.612369 0.612370 -0.500007
vn -0.612372 0.612372 -0.500002
vn -0.593982 0.593982 -0.542561
vn -0.593978 0.593978 -0.542567
vn -0.574137 0.574137 -0.583723
vn -0.574132 0.574132 -0.583734
vn -0.552841 0.552841 -0.623485
vn -0.552836 0.552836 -0.623494
vn -0.530178 0.530178 -0.661681
vn -0.530178 0.530178 -0.661681
vn -0.506199 0.506198 -0.698231
vn -0.506195 0.506195 -0.698235
vn -0.480942 0.480942 -0.733068
vn -0.480946 0.480946 -0.733064
vn -0.454520 0.454520 -0.766043
vn -0.454526 0.454526 -0.766037
vn -0.426952 0.426952 -0.797135
vn -0.426957 0.426957 -0.797130
vn -0.398331 0.398331 -0.826235
vn -0.398329 0.398329 -0.826237
vn -0.368706 0.368706 -0.853295
vn -0.368705 0.368705 -0.853295
vn -0.338183 0.338183 -0.878217
vn -0.338179 0.338179 -0.878220
vn -0.306800 0.306800 -0.900971
vn -0.306804 0.306804 -0.900967
vn -0.274661 0.274661 -0.921478
vn -0.241847 0.241847 -0.939692
vn -0.274662 0.274662 -0.921478
vn -0.208420 0.208420 -0.955574
vn -0.241850 0.241850 -0.939690
vn -0.208420 0.208420 -0.955574
vn -0.174481 0.174481 -0.969078
vn -0.140111 0.140111 -0.980172
vn -0.174480 0.174480 -0.969079
vn -0.105390 0.105390 -0.988831
vn -0.140113 0.140113 -0.980172
vn -0.105391 0.105391 -0.988830
vn -0.070407 0.070407 -0.995031
vn -0.070406 0.070406 -0.995031
vn -0.035246 0.035246 -0.998757
vn -0.035246 0.035246 -0.998757
vn 0.000000 0.000000 -1.000000
vn 0.000000 0.000000 -1.000000
vn 0.035246 -0.035246 -0.998757
vn 0.035246 -0.035246 -0.998757
vn 0.070407 -0.070407 -0.995031
vn 0.070406 -0.070406 -0.995031
vn 0.105390 -0.105390 -0.988831
vn 0.105391 -0.105391 -0.988830
vn 0.140111 -0.140111 -0.980172
vn 0.140113 -0.140113 -0.980172
vn 0.174480 -0.174480 -0.969079
vn 0.174481 -0.174481 -0.969078
vn 0.208420 -0.208420 -0.955574
vn 0.208420 -0.208420 -0.955574
vn 0.241850 -0.241850 -0.939690
vn 0.241847 -0.241847 -0.939692
vn 0.274662 -0.274662 -0.921478
vn 0.274661 -0.274661 -0.921478
vn 0.306800 -0.306800 -0.900971
vn 0.306804 -0.306804 -0.900967
vn 0.338179 -0.338179 -0.878220
vn 0.338183 -0.338183 -0.878217
vn 0.368706 -0.368706 -0.853295
vn 0.368705 -0.368705 -0.853295
vn 0.398329 -0.398329 -0.826237
vn 0.398331 -0.398331 -0.826235
vn 0.426952 -0.426952 -0.797135
vn 0.426957 -0.426957 -0.797130
vn 0.454526 -0.454526 -0.766037
vn 0.454520 -0.454520 -0.766043
vn 0.480946 -0.480946 -0.733064
vn 0.480942 -0.480942 -0.733068
vn 0.506199 -0.506198 -0.698231
vn 0.506195 -0.506195 -0.698235
vn 0.530178 -0.530178 -0.661681
vn 0.530178 -0.530178 -0.661681
vn 0.552836 -0.552836 -0.623494
vn 0.552841 -0.552841 -0.623485
vn 0.574137 -0.574137 -0.583723
vn 0.574132 -0.574132 -0.583734
vn 0.593982 -0.593982 -0.542561
vn 0.593978 -0.593978 -0.542567
vn 0.612369 -0.612370 -0.500007
vn 0.612372 -0.612372 -0.500002
vn 0.629238 -0.629238 -0.456201
vn 0.629237 -0.629237 -0.456204
vn 0.644528 -0.644528 -0.411298
vn 0.644532 -0.644532 -0.411288
vn 0.658235 -0.658235 -0.365312
vn 0.658233 -0.658233 -0.365320
vn 0.670287 -0.670287 -0.318481
vn 0.670284 -0.670284 -0.318494
vn 0.680674 -0.680674 -0.270859
vn 0.680672 -0.680672 -0.270872
vn 0.689380 -0.689380 -0.222509
vn 0.689382 -0.689382 -0.222500
vn 0.696365 -0.696365 -0.173644
vn 0.701617 -0.701617 -0.124368
vn 0.696365 -0.696365 -0.173643
vn 0.701618 -0.701618 -0.124353
vn 0.705130 -0.705130 -0.074727
vn 0.705130 -0.705130 -0.074717
vn 0.706887 -0.706887 -0.024957
vn 0.706886 -0.706886 -0.024963
vn 0.706886 -0.706886 0.024963
vn 0.706887 -0.706887 0.024957
vn 0.705130 -0.705130 0.074727
vn 0.705130 -0.705130 0.074717
vn 0.701618 -0.701618 0.124353
vn 0.701617 -0.701617 0.124368
vn 0.696365 -0.696365 0.173644
vn 0.696365 -0.696365 0.173643
vn 0.689382 -0.689382 0.222500
vn 0.689380 -0.689380 0.222509
vn 0.680674 -0.680674 0.270859
vn 0.680672 -0.680672 0.270872
vn 0.670287 -0.670287 0.318481
vn 0.670284 -0.670284 0.318494
vn 0.658233 -0.658233 0.365320
vn 0.658235 -0.658235 0.365312
vn 0.644528 -0.644528 0.411298
vn 0.644532 -0.644532 0.411288
vn 0.629237 -0.629237 0.456204
vn 0.629238 -0.629238 0.456201
vn 0.612370 -0.612369 0.500007
vn 0.612372 -0.612372 0.500002
vn 0.593978 -0.593978 0.542567
vn 0.593982 -0.593982 0.542561
vn 0.574137 -0.574137 0.583723
vn 0.574132 -0.574132 0.583734
vn 0.552841 -0.552841 0.623485
vn 0.530178 -0.530178 0.661681
vn 0.552836 -0.552836 0.623494
vn 0.530178 -0.530178 0.661681
vn 0.506195 -0.506195 0.698235
vn 0.506198 -0.506199 0.698231
vn 0.480946 -0.480946 0.733064
vn 0.480942 -0.480942 0.733068
vn 0.454520 -0.454520 0.766043
vn 0.454526 -0.454526 0.766037
vn 0.426957 -0.426957 0.797130
vn 0.426952 -0.426952 0.797135
vn 0.398331 -0.398331 0.826235
vn 0.398329 -0.398329 0.826237
vn 0.368705 -0.368705 0.853295
vn 0.368706 -0.368706 0.853295
vn 0.338183 -0.338183 0.878217
vn 0.338179 -0.338179 0.878220
vn 0.306800 -0.306800 0.900971
vn 0.274661 -0.274661 0.921478
vn 0.306804 -0.306804 0.900967
vn 0.274662 -0.274662 0.921478
vn 0.241850 -0.241850 0.939690
vn 0.241847 -0.241847 0.939692
vn 0.208420 -0.208420 0.955574
vn 0.208420 -0.208420 0.955574
vn 0.174480 -0.174480 0.969079
vn 0.174481 -0.174481 0.969078
vn 0.140113 -0.140113 0.980172
vn 0.140111 -0.140111 0.980172
vn 0.105390 -0.105390 0.988831
vn 0.105391 -0.105391 0.988830
vn 0.070407 -0.070407 0.995031
vn 0.070406 -0.070406 0.995031
vn 0.035246 -0.035246 0.998757
vn 0.035246 -0.035246 0.998757
vn 0.000000 0.000000 1.000000
vn -0.000000 0.000000 1.000000
vn -0.035246 0.035246 0.998757
vn -0.035246 0.035246 0.998757
vn -0.070407 0.070407 0.995031
vn -0.070406 0.070406 0.995031
vn -0.105390 0.105390 0.988831
vn -0.105391 0.105391 0.988830
vn -0.140111 0.140111 0.980172
vn -0.140113 0.140113 0.980172
vn -0.174481 0.174481 0.969078
vn -0.174480 0.174480 0.969079
vn -0.208420 0.208420 0.955574
vn -0.208420 0.208420 0.955574
vn -0.241847 0.241847 0.939692
vn -0.241850 0.241850 0.939690
vn -0.274661 0.274661 0.921478
vn -0.274662 0.274662 0.921478
vn -0.306800 0.306800 0.900971
vn -0.306804 0.306804 0.900967
vn -0.338183 0.338183 0.878217
vn -0.338179 0.338179 0.878220
vn -0.368705 0.368705 0.853295
vn -0.368706 0.368706 0.853295
vn -0.398331 0.398331 0.826235
vn -0.398329 0.398329 0.826237
vn -0.426957 0.426957 0.797130
vn -0.426952 0.426952 0.797135
vn -0.454520 0.454520 0.766043
vn -0.454526 0.454526 0.766037
vn -0.480946 0.480946 0.733064
vn -0.480942 0.480942 0.733068
vn -0.506195 0.506195 0.698235
vn -0.530178 0.530178 0.661681
vn -0.506198 0.506199 0.698231
vn -0.530178 0.530178 0.661681
vn -0.552836 0.552836 0.623494
vn -0.552841 0.552841 0.623485
vn -0.574132 0.574132 0.583734
vn -0.574137 0.574137 0.583723
vn -0.593982 0.593982 0.542561
vn -0.593978 0.593978 0.542567
vn -0.612370 0.612369 0.500007
vn -0.612372 0.612372 0.500002
vn -0.629237 0.629237 0.456204
vn -0.629238 0.629238 0.456201
vn -0.644532 0.644532 0.411288
vn -0.644528 0.644528 0.411298
vn -0.658233 0.658233 0.365320
vn -0.658235 0.658235 0.365312
vn -0.670287 0.670287 0.318481
vn -0.670284 0.670284 0.318494
vn -0.680672 0.680672 0.270872
vn -0.680674 0.680674 0.270859
vn -0.689380 0.689380 0.222509
vn -0.689382 0.689382 0.222500
vn -0.696365 0.696365 0.173643
vn -0.696365 0.696365 0.173644
vn -0.701617 0.701617 0.124368
vn -0.701618 0.701618 0.124353
vn -0.705130 0.705130 0.074717
vn -0.705130 0.705130 0.074727
vn -0.706886 0.706886 0.024963
vn -0.706887 0.706887 0.024957
vn -0.707107 -0.707107 0.000000
vn -0.707107 -0.707107 0.000000
vn -0.707107 -0.707107 0.000000
vn -0.707107 -0.707107 0.000000
vn -0.707107 -0.707107 0.000000
vn -0.707107 -0.707107 0.000000
vn -0.707107 -0.707107 0.000000
vn -0.707107 -0.707107 0.000000
vn -0.707107 -0.707107 0.000000
vn -0.707107 -0.707107 0.000000
vn -0.707107 -0.707107 0.000000
vn -0.707107 -0.707107 0.000000
vn -0.707107 -0.707107 0.000000
vn -0.707107 -0.707107 0.000000
vn -0.707107 -0.707107 0.000000
vn -0.707107 -0.707107 0.000000
vn -0.707107 -0.707107 0.000000
vn -0.707107 -0.707107 0.000000
vn -0.707107 -0.707107 0.000000
vn -0.707107 -0.707107 0.000000
vn -0.707107 -0.707107 0.000000
vn -0.707107 -0.707107 0.000000
vn -0.707107 -0.707107 0.000000
vn -0.707107 -0.707107 0.000000
vn -0.707107 -0.707107 0.000000
vn -0.707107 -0.707107 0.000000
vn -0.707107 -0.707107 0.000000
vn -0.707107 -0.707107 0.000000
vn -0.707107 -0.707107 0.000000
vn -0.707107 -0.707107 0.000000
vn -0.707107 -0.707107 0.000000
vn -0.707107 -0.707107 0.000000
vn -0.707107 -0.707107 0.000000
vn -0.707107 -0.707107 0.000000
vn -0.707107 -0.707107 0.000000
vn -0.707107 -0.707107 0.000000
vn -0.707107 -0.707107 0.000000
vn -0.707107 -0.707107 0.000000
vn -0.707107 -0.707107 0.000000
vn -0.707107 -0.707107 0.000000
vn -0.707107 -0.707107 0.000000
vn -0.707107 -0.707107 0.000000
vn -0.707107 -0.707107 0.000000
vn -0.707107 -0.707107 0.000000
vn -0.707107 -0.707107 0.000000
vn -0.707107 -0.707107 0.000000
vn -0.707107 -0.707107 0.000000
vn -0.707107 -0.707107 0.000000
vn -0.707107 -0.707107 0.000000
vn -0.707107 -0.707107 0.000000
vn -0.707107 -0.707107 0.000000
vn -0.707107 -0.707107 0.000000
vn -0.707107 -0.707107 0.000000
vn -0.707107 -0.707107 0.000000
vn -0.707107 -0.707107 0.000000
vn -0.707107 -0.707107 0.000000
vn -0.707107 -0.707107 0.000000
vn -0.707107 -0.707107 0.000000
vn -0.707107 -0.707107 0.000000
vn -0.707107 -0.707107 0.000000
vn -0.707107 -0.707107 0.000000
vn -0.707107 -0.707107 0.000000
vn -0.707107 -0.707107 0.000000
vn -0.707107 -0.707107 0.000000
vn -0.707107 -0.707107 0.000000
vn -0.707107 -0.707107 0.000000
vn -0.707107 -0.707107 0.000000
vn -0.707107 -0.707107 0.000000
vn -0.707107 -0.707107 0.000000
vn -0.707107 -0.707107 0.000000
vn -0.707107 -0.707107 0.000000
vn -0.707107 -0.707107 0.000000
vn -0.707107 -0.707107 0.000000
vn -0.707107 -0.707107 0.000000
vn -0.707107 -0.707107 0.000000
vn -0.707107 -0.707107 0.000000
vn -0.707107 -0.707107 0.000000
vn -0.707107 -0.707107 0.000000
vn -0.707107 -0.707107 0.000000
vn -0.707107 -0.707107 0.000000
vn -0.707107 -0.707107 0.000000
vn -0.707107 -0.707107 0.000000
vn -0.707107 -0.707107 0.000000
vn -0.707107 -0.707107 0.000000
vn -0.707107 -0.707107 0.000000
vn -0.707107 -0.707107 0.000000
vn -0.707107 -0.707107 0.000000
vn -0.707107 -0.707107 0.000000
vn -0.707107 -0.707107 0.000000
vn -0.707107 -0.707107 0.000000
vn -0.707107 -0.707107 0.000000
vn -0.707107 -0.707107 0.000000
vn -0.707107 -0.707107 0.000000
vn -0.707107 -0.707107 0.000000
vn -0.707107 -0.707107 0.000000
vn -0.707107 -0.707107 0.000000
vn -0.707107 -0.707107 0.000000
vn -0.707107 -0.707107 0.000000
vn -0.707107 -0.707107 0.000000
vn -0.707107 -0.707107 0.000000
vn -0.707107 -0.707107 0.000000
vn -0.707107 -0.707107 0.000000
vn -0.707107 -0.707107 0.000000
vn -0.707107 -0.707107 0.000000
vn -0.707107 -0.707107 0.000000
vn -0.707107 -0.707107 0.000000
vn -0.707107 -0.707107 0.000000
vn -0.707107 -0.707107 0.000000
vn -0.707107 -0.707107 0.000000
vn -0.707107 -0.707107 0.000000
vn -0.707107 -0.707107 0.000000
vn -0.707107 -0.707107 0.000000
vn -0.707107 -0.707107 0.000000
vn -0.707107 -0.707107 0.000000
vn -0.707107 -0.707107 0.000000
vn -0.707107 -0.707107 0.000000
vn -0.707107 -0.707107 0.000000
vn -0.707107 -0.707107 0.000000
vn -0.707107 -0.707107 0.000000
vn -0.707107 -0.707107 0.000000
vn -0.707107 -0.707107 0.000000
vn -0.707107 -0.707107 0.000000
vn -0.707107 -0.707107 0.000000
vn -0.707107 -0.707107 0.000000
vn 0.707107 0.707107 0.000000
vn 0.707107 0.707107 0.000000
vn 0.707107 0.707107 0.000000
vn 0.707107 0.707107 0.000000
vn 0.707107 0.707107 0.000000
vn 0.707107 0.707107 0.000000
vn 0.707107 0.707107 0.000000
vn 0.707107 0.707107 0.000000
vn 0.707107 0.707107 0.000000
vn 0.707107 0.707107 0.000000
vn 0.707107 0.707107 0.000000
vn 0.707107 0.707107 0.000000
vn 0.707107 0.707107 0.000000
vn 0.707107 0.707107 0.000000
vn 0.707107 0.707107 0.000000
vn 0.707107 0.707107 0.000000
vn 0.707107 0.707107 0.000000
vn 0.707107 0.707107 0.000000
vn 0.707107 0.707107 0.000000
vn 0.707107 0.707107 0.000000
vn 0.707107 0.707107 0.000000
vn 0.707107 0.707107 0.000000
vn 0.707107 0.707107 0.000000
vn 0.707107 0.707107 0.000000
vn 0.707107 0.707107 0.000000
vn 0.707107 0.707107 0.000000
vn 0.707107 0.707107 0.000000
vn 0.707107 0.707107 0.000000
vn 0.707107 0.707107 0.000000
vn 0.707107 0.707107 0.000000
vn 0.707107 0.707107 0.000000
vn 0.707107 0.707107 0.000000
vn 0.707107 0.707107 0.000000
vn 0.707107 0.707107 0.000000
vn 0.707107 0.707107 0.000000
vn 0.707107 0.707107 0.000000
vn 0.707107 0.707107 0.000000
vn 0.707107 0.707107 0.000000
vn 0.707107 0.707107 0.000000
vn 0.707107 0.707107 0.000000
vn 0.707107 0.707107 0.000000
vn 0.707107 0.707107 0.000000
vn 0.707107 0.707107 0.000000
vn 0.707107 0.707107 0.000000
vn 0.707107 0.707107 0.000000
vn 0.707107 0.707107 0.000000
vn 0.707107 0.707107 0.000000
vn 0.707107 0.707107 0.000000
vn 0.707107 0.707107 0.000000
vn 0.707107 0.707107 0.000000
vn 0.707107 0.707107 0.000000
vn 0.707107 0.707107 0.000000
vn 0.707107 0.707107 0.000000
vn 0.707107 0.707107 0.000000
vn 0.707107 0.707107 0.000000
vn 0.707107 0.707107 0.000000
vn 0.707107 0.707107 0.000000
vn 0.707107 0.707107 0.000000
vn 0.707107 0.707107 0.000000
vn 0.707107 0.707107 0.000000
vn 0.707107 0.707107 0.000000
vn 0.707107 0.707107 0.000000
vn 0.707107 0.707107 0.000000
vn 0.707107 0.707107 0.000000
vn 0.707107 0.707107 0.000000
vn 0.707107 0.707107 0.000000
vn 0.707107 0.707107 0.000000
vn 0.707107 0.707107 0.000000
vn 0.707107 0.707107 0.000000
vn 0.707107 0.707107 0.000000
vn 0.707107 0.707107 0.000000
vn 0.707107 0.707107 0.000000
vn 0.707107 0.707107 0.000000
vn 0.707107 0.707107 0.000000
vn 0.707107 0.707107 0.000000
vn 0.707107 0.707107 0.000000
vn 0.707107 0.707107 0.000000
vn 0.707107 0.707107 0.000000
vn 0.707107 0.707107 0.000000
vn 0.707107 0.707107 0.000000
vn 0.707107 0.707107 0.000000
vn 0.707107 0.707107 0.000000
vn 0.707107 0.707107 0.000000
vn 0.707107 0.707107 0.000000
vn 0.707107 0.707107 0.000000
vn 0.707107 0.707107 0.000000
vn 0.707107 0.707107 0.000000
vn 0.707107 0.707107 0.000000
vn 0.707107 0.707107 0.000000
vn 0.707107 0.707107 0.000000
vn 0.707107 0.707107 0.000000
vn 0.707107 0.707107 0.000000
vn 0.707107 0.707107 0.000000
vn 0.707107 0.707107 0.000000
vn 0.707107 0.707107 0.000000
vn 0.707107 0.707107 0.000000
vn 0.707107 0.707107 0.000000
vn 0.707107 0.707107 0.000000
vn 0.707107 0.707107 0.000000
vn 0.707107 0.707107 0.000000
vn 0.707107 0.707107 0.000000
vn 0.707107 0.707107 0.000000
vn 0.707107 0.707107 0.000000
vn 0.707107 0.707107 0.000000
vn 0.707107 0.707107 0.000000
vn 0.707107 0.707107 0.000000
vn 0.707107 0.707107 0.000000
vn 0.707107 0.707107 0.000000
vn 0.707107 0.707107 0.000000
vn 0.707107 0.707107 0.000000
vn 0.707107 0.707107 0.000000
vn 0.707107 0.707107 0.000000
vn 0.707107 0.707107 0.000000
vn 0.707107 0.707107 0.000000
vn 0.707107 0.707107 0.000000
vn 0.707107 0.707107 0.000000
vn 0.707107 0.707107 0.000000
vn 0.707107 0.707107 0.000000
vn 0.707107 0.707107 0.000000
vn 0.707107 0.707107 0.000000
vn 0.707107 0.707107 0.000000
vn 0.707107 0.707107 0.000000
vn 0.707107 0.707107 0.000000
vn 0.707107 0.707107 0.000000
vn 0.999689 0.024931 0.000000
vn 0.999689 0.024931 0.000000
vn 0.997204 0.074724 0.000000
vn 0.997204 0.074724 0.000000
vn 0.992238 0.124354 0.000000
vn 0.992238 0.124354 0.000000
vn 0.984808 0.173646 0.000000
vn 0.984808 0.173646 0.000000
vn 0.974930 0.222512 0.000000
vn 0.974930 0.222512 0.000000
vn 0.962621 0.270853 0.000000
vn 0.962621 0.270853 0.000000
vn 0.947928 0.318483 0.000000
vn 0.947928 0.318483 0.000000
vn 0.930874 0.365340 0.000000
vn 0.930874 0.365340 0.000000
vn 0.911509 0.411279 0.000000
vn 0.911509 0.411279 0.000000
vn 0.889866 0.456222 0.000000
vn 0.889866 0.456222 0.000000
vn 0.866029 0.499994 0.000000
vn 0.866029 0.499994 0.000000
vn 0.840027 0.542545 0.000000
vn 0.840027 0.542545 0.000000
vn 0.811939 0.583742 0.000000
vn 0.811939 0.583742 0.000000
vn 0.781826 0.623497 0.000000
vn 0.781826 0.623497 0.000000
vn 0.749787 0.661679 0.000000
vn 0.749787 0.661679 0.000000
vn 0.715865 0.698238 0.000000
vn 0.715865 0.698238 0.000000
vn 0.680165 0.733059 0.000000
vn 0.680165 0.733059 0.000000
vn 0.642789 0.766043 0.000000
vn 0.642789 0.766043 0.000000
vn 0.603806 0.797131 0.000000
vn 0.603806 0.797131 0.000000
vn 0.563327 0.826234 0.000000
vn 0.563327 0.826234 0.000000
vn 0.521427 0.853296 0.000000
vn 0.521427 0.853296 0.000000
vn 0.478255 0.878221 0.000000
vn 0.478255 0.878221 0.000000
vn 0.433890 0.900966 0.000000
vn 0.433890 0.900966 0.000000
vn 0.388430 0.921478 0.000000
vn 0.388430 0.921478 0.000000
vn 0.342028 0.939690 0.000000
vn 0.342028 0.939690 0.000000
vn 0.294750 0.955574 0.000000
vn 0.294750 0.955574 0.000000
vn 0.246761 0.969076 0.000000
vn 0.246761 0.969076 0.000000
vn 0.198143 0.980173 0.000000
vn 0.198143 0.980173 0.000000
vn 0.149039 0.988831 0.000000
vn 0.149039 0.988831 0.000000
vn 0.099574 0.995030 0.000000
vn 0.099574 0.995030 0.000000
vn 0.049848 0.998757 0.000000
vn 0.049848 0.998757 0.000000
vn 0.000000 1.000000 0.000000
vn -0.049848 0.998757 0.000000
vn -0.000000 1.000000 0.000000
vn -0.049848 0.998757 0.000000
vn -0.099574 0.995030 0.000000
vn -0.099574 0.995030 0.000000
vn -0.149039 0.988831 0.000000
vn -0.149039 0.988831 0.000000
vn -0.198143 0.980173 0.000000
vn -0.198143 0.980173 0.000000
vn -0.246761 0.969076 0.000000
vn -0.246761 0.969076 0.000000
vn -0.294750 0.955574 0.000000
vn -0.294750 0.955574 0.000000
vn -0.342028 0.939690 0.000000
vn -0.342028 0.939690 0.000000
vn -0.388430 0.921478 0.000000
vn -0.388430 0.921478 0.000000
vn -0.433890 0.900966 0.000000
vn -0.433890 0.900966 0.000000
vn -0.478255 0.878221 0.000000
vn -0.478255 0.878221 0.000000
vn -0.521427 0.853296 0.000000
vn -0.521427 0.853296 0.000000
vn -0.563327 0.826234 0.000000
vn -0.563327 0.826234 0.000000
vn -0.603806 0.797131 0.000000
vn -0.603806 0.797131 0.000000
vn -0.642789 0.766043 0.000000
vn -0.642789 0.766043 0.000000
vn -0.680165 0.733059 0.000000
vn -0.680165 0.733059 0.000000
vn -0.715865 0.698238 0.000000
vn -0.715865 0.698238 0.000000
vn -0.749787 0.661679 0.000000
vn -0.749787 0.661679 0.000000
vn -0.781826 0.623497 0.000000
vn -0.781826 0.623497 0.000000
vn -0.811939 0.583742 0.000000
vn -0.811939 0.583742 0.000000
vn -0.840027 0.542545 0.000000
vn -0.840027 0.542545 0.000000
vn -0.866029 0.499994 0.000000
vn -0.866029 0.499994 0.000000
vn -0.889866 0.456222 0.000000
vn -0.889866 0.456222 0.000000
vn -0.911509 0.411279 0.000000
vn -0.911509 0.411279 0.000000
vn -0.930874 0.365340 0.000000
vn -0.930874 0.365340 0.000000
vn -0.947928 0.318483 0.000000
vn -0.947928 0.318483 0.000000
vn -0.962621 0.270853 0.000000
vn -0.962621 0.270853 0.000000
vn -0.974930 0.222512 0.000000
vn -0.974930 0.222512 0.000000
vn -0.984808 0.173646 0.000000
vn -0.984808 0.173646 0.000000
vn -0.992238 0.124354 0.000000
vn -0.992238 0.124354 0.000000
vn -0.997204 0.074724 0.000000
vn -0.997204 0.074724 0.000000
vn -0.999689 0.024931 0.000000
vn -0.999689 0.024931 0.000000
vn -0.999689 -0.024931 0.000000
vn -0.999689 -0.024931 -0.000000
vn -0.997204 -0.074724 0.000000
vn -0.997204 -0.074724 -0.000000
vn -0.992238 -0.124354 0.000000
vn -0.992238 -0.124354 -0.000000
vn -0.984808 -0.173646 0.000000
vn -0.984808 -0.173646 -0.000000
vn -0.974930 -0.222512 0.000000
vn -0.974930 -0.222512 -0.000000
vn -0.962621 -0.270853 0.000000
vn -0.962621 -0.270853 -0.000000
vn -0.947928 -0.318483 0.000000
vn -0.947928 -0.318483 -0.000000
vn -0.930874 -0.365340 0.000000
vn -0.930874 -0.365340 -0.000000
vn -0.911509 -0.411279 0.000000
vn -0.911509 -0.411279 -0.000000
vn -0.889866 -0.456222 0.000000
vn -0.889866 -0.456222 -0.000000
vn -0.866029 -0.499994 -0.000000
vn -0.866029 -0.499994 -0.000000
vn -0.840027 -0.542545 -0.000000
vn -0.840027 -0.542545 0.000000
vn -0.811939 -0.583742 -0.000000
vn -0.811939 -0.583742 0.000000
vn -0.781826 -0.623497 -0.000000
vn -0.781826 -0.623497 0.000000
vn -0.749787 -0.661679 -0.000000
vn -0.749787 -0.661679 0.000000
vn -0.715865 -0.698238 -0.000000
vn -0.715865 -0.698238 0.000000
vn -0.680165 -0.733059 -0.000000
vn -0.680165 -0.733059 0.000000
vn -0.642789 -0.766043 -0.000000
vn -0.642789 -0.766043 0.000000
vn -0.603806 -0.797131 -0.000000
vn -0.603806 -0.797131 0.000000
vn -0.563327 -0.826234 -0.000000
vn -0.563327 -0.826234 0.000000
vn -0.521427 -0.853296 -0.000000
vn -0.478255 -0.878221 -0.000000
vn -0.521427 -0.853296 0.000000
vn -0.478255 -0.878221 -0.000000
vn -0.433890 -0.900966 -0.000000
vn -0.433890 -0.900966 0.000000
vn -0.388430 -0.921478 -0.000000
vn -0.388430 -0.921478 0.000000
vn -0.342028 -0.939690 0.000000
vn -0.342028 -0.939690 -0.000000
vn -0.294750 -0.955574 0.000000
vn -0.294750 -0.955574 -0.000000
vn -0.246761 -0.969076 0.000000
vn -0.246761 -0.969076 -0.000000
vn -0.198143 -0.980173 0.000000
vn -0.198143 -0.980173 -0.000000
vn -0.149039 -0.988831 -0.000000
vn -0.149039 -0.988831 0.000000
vn -0.099574 -0.995030 -0.000000
vn -0.099574 -0.995030 0.000000
vn -0.049848 -0.998757 -0.000000
vn -0.049848 -0.998757 0.000000
vn 0.000000 -1.000000 -0.000000
vn -0.000000 -1.000000 0.000000
vn 0.049848 -0.998757 0.000000
vn 0.049848 -0.998757 0.000000
vn 0.099574 -0.995030 0.000000
vn 0.099574 -0.995030 0.000000
vn 0.149039 -0.988831 0.000000
vn 0.149039 -0.988831 0.000000
vn 0.198143 -0.980173 0.000000
vn 0.198143 -0.980173 0.000000
vn 0.246761 -0.969076 0.000000
vn 0.246761 -0.969076 0.000000
vn 0.294750 -0.955574 0.000000
vn 0.294750 -0.955574 0.000000
vn 0.342028 -0.939690 0.000000
vn 0.342028 -0.939690 0.000000
vn 0.388430 -0.921478 0.000000
vn 0.388430 -0.921478 0.000000
vn 0.433890 -0.900966 0.000000
vn 0.433890 -0.900966 0.000000
vn 0.478255 -0.878221 0.000000
vn 0.478255 -0.878221 0.000000
vn 0.521427 -0.853296 0.000000
vn 0.521427 -0.853296 0.000000
vn 0.563327 -0.826234 0.000000
vn 0.563327 -0.826234 0.000000
vn 0.603806 -0.797131 0.000000
vn 0.603806 -0.797131 0.000000
vn 0.642789 -0.766043 0.000000
vn 0.642789 -0.766043 0.000000
vn 0.680165 -0.733059 0.000000
vn 0.680165 -0.733059 0.000000
vn 0.715865 -0.698238 0.000000
vn 0.715865 -0.698238 0.000000
vn 0.749787 -0.661679 0.000000
vn 0.749787 -0.661679 0.000000
vn 0.781826 -0.623497 0.000000
vn 0.781826 -0.623497 0.000000
vn 0.811939 -0.583742 0.000000
vn 0.811939 -0.583742 0.000000
vn 0.840027 -0.542545 0.000000
vn 0.840027 -0.542545 0.000000
vn 0.866029 -0.499994 0.000000
vn 0.866029 -0.499994 0.000000
vn 0.889866 -0.456222 0.000000
vn 0.889866 -0.456222 0.000000
vn 0.911509 -0.411279 0.000000
vn 0.911509 -0.411279 0.000000
vn 0.930874 -0.365340 0.000000
vn 0.930874 -0.365340 0.000000
vn 0.947928 -0.318483 0.000000
vn 0.947928 -0.318483 0.000000
vn 0.962621 -0.270853 0.000000
vn 0.962621 -0.270853 0.000000
vn 0.974930 -0.222512 0.000000
vn 0.974930 -0.222512 0.000000
vn 0.984808 -0.173646 0.000000
vn 0.984808 -0.173646 0.000000
vn 0.992238 -0.124354 0.000000
vn 0.992238 -0.124354 0.000000
vn 0.997204 -0.074724 0.000000
vn 0.997204 -0.074724 0.000000
vn 0.999689 -0.024931 0.000000
vn 0.999689 -0.024931 0.000000
vn 0.000000 0.000000 1.000000
vn 0.000000 0.000000 1.000000
vn 0.000000 0.000000 1.000000
vn 0.000000 0.000000 1.000000
vn 0.000000 0.000000 1.000000
vn 0.000000 0.000000 1.000000
vn 0.000000 0.000000 1.000000
vn 0.000000 0.000000 1.000000
vn 0.000000 0.000000 1.000000
vn 0.000000 0.000000 1.000000
vn 0.000000 0.000000 1.000000
vn 0.000000 0.000000 1.000000
vn 0.000000 0.000000 1.000000
vn 0.000000 0.000000 1.000000
vn 0.000000 0.000000 1.000000
vn 0.000000 0.000000 1.000000
vn 0.000000 0.000000 1.000000
vn 0.000000 0.000000 1.000000
vn 0.000000 0.000000 1.000000
vn 0.000000 0.000000 1.000000
vn 0.000000 0.000000 1.000000
vn 0.000000 0.000000 1.000000
vn 0.000000 0.000000 1.000000
vn 0.000000 0.000000 1.000000
vn 0.000000 0.000000 1.000000
vn 0.000000 0.000000 1.000000
vn 0.000000 0.000000 1.000000
vn 0.000000 0.000000 1.000000
vn 0.000000 0.000000 1.000000
vn 0.000000 0.000000 1.000000
vn 0.000000 0.000000 1.000000
vn 0.000000 0.000000 1.000000
vn 0.000000 0.000000 1.000000
vn 0.000000 0.000000 1.000000
vn 0.000000 0.000000 1.000000
vn 0.000000 0.000000 1.000000
vn 0.000000 0.000000 1.000000
vn 0.000000 0.000000 1.000000
vn 0.000000 0.000000 1.000000
vn 0.000000 0.000000 1.000000
vn 0.000000 0.000000 1.000000
vn 0.000000 0.000000 1.000000
vn 0.000000 0.000000 1.000000
vn 0.000000 0.000000 1.000000
vn 0.000000 0.000000 1.000000
vn 0.000000 0.000000 1.000000
vn 0.000000 0.000000 1.000000
vn 0.000000 0.000000 1.000000
vn 0.000000 0.000000 1.000000
vn 0.000000 0.000000 1.000000
vn 0.000000 0.000000 1.000000
vn 0.000000 0.000000 1.000000
vn 0.000000 0.000000 1.000000
vn 0.000000 0.000000 1.000000
vn 0.000000 0.000000 1.000000
vn 0.000000 0.000000 1.000000
vn 0.000000 0.000000 1.000000
vn 0.000000 0.000000 1.000000
vn 0.000000 0.000000 1.000000
vn 0.000000 0.000000 1.000000
vn 0.000000 0.000000 1.000000
vn 0.000000 0.000000 1.000000
vn 0.000000 0.000000 1.000000
vn 0.000000 0.000000 1.000000
vn 0.000000 0.000000 1.000000
vn 0.000000 0.000000 1.000000
vn 0.000000 0.000000 1.000000
vn 0.000000 0.000000 1.000000
vn 0.000000 0.000000 1.000000
vn 0.000000 0.000000 1.000000
vn 0.000000 0.000000 1.000000
vn 0.000000 0.000000 1.000000
vn 0.000000 0.000000 1.000000
vn 0.000000 0.000000 1.000000
vn 0.000000 0.000000 1.000000
vn 0.000000 0.000000 1.000000
vn 0.000000 0.000000 1.000000
vn 0.000000 0.000000 1.000000
vn 0.000000 0.000000 1.000000
vn 0.000000 0.000000 1.000000
vn 0.000000 0.000000 1.000000
vn 0.000000 0.000000 1.000000
vn 0.000000 0.000000 1.000000
vn 0.000000 0.000000 1.000000
vn 0.000000 0.000000 1.000000
vn 0.000000 0.000000 1.000000
vn 0.000000 0.000000 1.000000
vn 0.000000 0.000000 1.000000
vn 0.000000 0.000000 1.000000
vn 0.000000 0.000000 1.000000
vn 0.000000 0.000000 1.000000
vn 0.000000 0.000000 1.000000
vn 0.000000 0.000000 1.000000
vn 0.000000 0.000000 1.000000
vn 0.000000 0.000000 1.000000
vn 0.000000 0.000000 1.000000
vn 0.000000 0.000000 1.000000
vn 0.000000 0.000000 1.000000
vn 0.000000 0.000000 1.000000
vn 0.000000 0.000000 1.000000
vn 0.000000 0.000000 1.000000
vn 0.000000 0.000000 1.000000
vn 0.000000 0.000000 1.000000
vn 0.000000 0.000000 1.000000
vn 0.000000 0.000000 1.000000
vn 0.000000 0.000000 1.000000
vn 0.000000 0.000000 1.000000
vn 0.000000 0.000000 1.000000
vn 0.000000 0.000000 1.000000
vn 0.000000 0.000000 1.000000
vn 0.000000 0.000000 1.000000
vn 0.000000 0.000000 1.000000
vn 0.000000 0.000000 1.000000
vn 0.000000 0.000000 1.000000
vn 0.000000 0.000000 1.000000
vn 0.000000 0.000000 1.000000
vn 0.000000 0.000000 1.000000
vn 0.000000 0.000000 1.000000
vn 0.000000 0.000000 1.000000
vn 0.000000 0.000000 1.000000
vn 0.000000 0.000000 1.000000
vn 0.000000 0.000000 1.000000
vn 0.000000 0.000000 1.000000
vn 0.000000 0.000000 1.000000
vn 0.000000 0.000000 -1.000000
vn 0.000000 0.000000 -1.000000
vn 0.000000 0.000000 -1.000000
vn 0.000000 0.000000 -1.000000
vn 0.000000 0.000000 -1.000000
vn 0.000000 0.000000 -1.000000
vn 0.000000 0.000000 -1.000000
vn 0.000000 0.000000 -1.000000
vn 0.000000 0.000000 -1.000000
vn 0.000000 0.000000 -1.000000
vn 0.000000 0.000000 -1.000000
vn 0.000000 0.000000 -1.000000
vn 0.000000 0.000000 -1.000000
vn 0.000000 0.000000 -1.000000
vn 0.000000 0.000000 -1.000000
vn 0.000000 0.000000 -1.000000
vn 0.000000 0.000000 -1.000000
vn 0.000000 0.000000 -1.000000
vn 0.000000 0.000000 -1.000000
vn 0.000000 0.000000 -1.000000
vn 0.000000 0.000000 -1.000000
vn 0.000000 0.000000 -1.000000
vn 0.000000 0.000000 -1.000000
vn 0.000000 0.000000 -1.000000
vn 0.000000 0.000000 -1.000000
vn 0.000000 -0.000000 -1.000000
vn 0.000000 -0.000000 -1.000000
vn 0.000000 0.000000 -1.000000
vn 0.000000 0.000000 -1.000000
vn 0.000000 0.000000 -1.000000
vn 0.000000 0.000000 -1.000000
vn 0.000000 0.000000 -1.000000
vn 0.000000 -0.000000 -1.000000
vn 0.000000 0.000000 -1.000000
vn 0.000000 0.000000 -1.000000
vn 0.000000 0.000000 -1.000000
vn 0.000000 0.000000 -1.000000
vn 0.000000 0.000000 -1.000000
vn 0.000000 0.000000 -1.000000
vn 0.000000 0.000000 -1.000000
vn 0.000000 -0.000000 -1.000000
vn 0.000000 -0.000000 -1.000000
vn 0.000000 -0.000000 -1.000000
vn 0.000000 -0.000000 -1.000000
vn 0.000000 -0.000000 -1.000000
vn 0.000000 0.000000 -1.000000
vn 0.000000 0.000000 -1.000000
vn 0.000000 0.000000 -1.000000
vn 0.000000 0.000000 -1.000000
vn 0.000000 -0.000000 -1.000000
vn 0.000000 0.000000 -1.000000
vn 0.000000 0.000000 -1.000000
vn 0.000000 0.000000 -1.000000
vn 0.000000 -0.000000 -1.000000
vn 0.000000 -0.000000 -1.000000
vn 0.000000 -0.000000 -1.000000
vn 0.000000 0.000000 -1.000000
vn 0.000000 0.000000 -1.000000
vn 0.000000 0.000000 -1.000000
vn 0.000000 0.000000 -1.000000
vn 0.000000 0.000000 -1.000000
vn 0.000000 -0.000000 -1.000000
vn 0.000000 -0.000000 -1.000000
vn 0.000000 -0.000000 -1.000000
vn 0.000000 0.000000 -1.000000
vn 0.000000 0.000000 -1.000000
vn 0.000000 0.000000 -1.000000
vn 0.000000 -0.000000 -1.000000
vn 0.000000 0.000000 -1.000000
vn 0.000000 0.000000 -1.000000
vn 0.000000 -0.000000 -1.000000
vn 0.000000 -0.000000 -1.000000
vn 0.000000 -0.000000 -1.000000
vn 0.000000 0.000000 -1.000000
vn 0.000000 0.000000 -1.000000
vn 0.000000 -0.000000 -1.000000
vn 0.000000 -0.000000 -1.000000
vn 0.000000 -0.000000 -1.000000
vn 0.000000 0.000000 -1.000000
vn 0.000000 0.000000 -1.000000
vn 0.000000 -0.000000 -1.000000
vn 0.000000 -0.000000 -1.000000
vn 0.000000 -0.000000 -1.000000
vn 0.000000 0.000000 -1.000000
vn 0.000000 -0.000000 -1.000000
vn 0.000000 0.000000 -1.000000
vn 0.000000 -0.000000 -1.000000
vn -0.000000 -0.000000 -1.000000
vn 0.000000 -0.000000 -1.000000
vn 0.000000 0.000000 -1.000000
vn 0.000000 0.000000 -1.000000
vn 0.000000 0.000000 -1.000000
vn 0.000000 0.000000 -1.000000
vn 0.000000 -0.000000 -1.000000
vn -0.000000 -0.000000 -1.000000
vn -0.000000 -0.000000 -1.000000
vn 0.000000 -0.000000 -1.000000
vn 0.000000 0.000000 -1.000000
vn 0.000000 0.000000 -1.000000
vn 0.000000 0.000000 -1.000000
vn 0.000000 0.000000 -1.000000
vn -0.000000 -0.000000 -1.000000
vn 0.000000 0.000000 -1.000000
vn 0.000000 0.000000 -1.000000
vn -0.000000 -0.000000 -1.000000
vn -0.000000 -0.000000 -1.000000
vn 0.000000 0.000000 -1.000000
vn -0.000000 -0.000000 -1.000000
vn 0.000000 0.000000 -1.000000
vn -0.000000 -0.000000 -1.000000
vn -0.000000 -0.000000 -1.000000
vn 0.000000 0.000000 -1.000000
vn 0.000000 0.000000 -1.000000
vn 0.000000 0.000000 -1.000000
vn 0.000000 -0.000000 -1.000000
vn 0.000000 0.000000 -1.000000
vn -0.000000 -0.000000 -1.000000
vn 0.000000 0.000000 -1.000000
vn 0.000000 0.000000 -1.000000
vn 0.000000 -0.000000 -1.000000
vn -0.000000 -0.000000 -1.000000
vn -0.000000 -0.000000 -1.000000
vn 0.000000 0.000000 -1.000000
vn -0.000000 -0.000000 -1.000000
vn 0.706887 0.706887 -0.024957
vn 0.706886 0.706886 -0.024963
vn 0.705130 0.705130 -0.074717
vn 0.705130 0.705130 -0.074727
vn 0.701617 0.701617 -0.124368
vn 0.696365 0.696365 -0.173644
vn 0.701618 0.701618 -0.124353
vn 0.696365 0.696365 -0.173643
vn 0.689380 0.689380 -0.222509
vn 0.689382 0.689382 -0.222500
vn 0.680674 0.680674 -0.270859
vn 0.670284 0.670284 -0.318494
vn 0.680672 0.680672 -0.270872
vn 0.670287 0.670287 -0.318481
vn 0.658235 0.658235 -0.365312
vn 0.658233 0.658233 -0.365320
vn 0.644528 0.644528 -0.411298
vn 0.644532 0.644532 -0.411288
vn 0.629238 0.629238 -0.456201
vn 0.629237 0.629237 -0.456204
vn 0.612370 0.612369 -0.500007
vn 0.612372 0.612372 -0.500002
vn 0.593982 0.593982 -0.542561
vn 0.593978 0.593978 -0.542567
vn 0.574137 0.574137 -0.583723
vn 0.574132 0.574132 -0.583734
vn 0.552841 0.552841 -0.623485
vn 0.552836 0.552836 -0.623494
vn 0.530178 0.530178 -0.661681
vn 0.530178 0.530178 -0.661681
vn 0.506198 0.506199 -0.698231
vn 0.506195 0.506195 -0.698235
vn 0.480942 0.480942 -0.733068
vn 0.480946 0.480946 -0.733064
vn 0.454520 0.454520 -0.766043
vn 0.454526 0.454526 -0.766037
vn 0.426952 0.426952 -0.797135
vn 0.426957 0.426957 -0.797130
vn 0.398331 0.398331 -0.826235
vn 0.398329 0.398329 -0.826237
vn 0.368706 0.368706 -0.853295
vn 0.368705 0.368705 -0.853295
vn 0.338183 0.338183 -0.878217
vn 0.338179 0.338179 -0.878220
vn 0.306800 0.306800 -0.900971
vn 0.306804 0.306804 -0.900967
vn 0.274661 0.274661 -0.921478
vn 0.241847 0.241847 -0.939692
vn 0.274662 0.274662 -0.921478
vn 0.208420 0.208420 -0.955574
vn 0.241850 0.241850 -0.939690
vn 0.208420 0.208420 -0.955574
vn 0.174481 0.174481 -0.969078
vn 0.140111 0.140111 -0.980172
vn 0.174480 0.174480 -0.969079
vn 0.105390 0.105390 -0.988831
vn 0.140113 0.140113 -0.980172
vn 0.105391 0.105391 -0.988830
vn 0.070407 0.070407 -0.995031
vn 0.070406 0.070406 -0.995031
vn 0.035246 0.035246 -0.998757
vn 0.035246 0.035246 -0.998757
vn 0.000000 0.000000 -1.000000
vn 0.000000 0.000000 -1.000000
vn -0.035246 -0.035246 -0.998757
vn -0.035246 -0.035246 -0.998757
vn -0.070407 -0.070407 -0.995031
vn -0.070406 -0.070406 -0.995031
vn -0.105390 -0.105390 -0.988831
vn -0.105391 -0.105391 -0.988830
vn -0.140111 -0.140111 -0.980172
vn -0.140113 -0.140113 -0.980172
vn -0.174480 -0.174480 -0.969079
vn -0.174481 -0.174481 -0.969078
vn -0.208420 -0.208420 -0.955574
vn -0.208420 -0.208420 -0.955574
vn -0.241850 -0.241850 -0.939690
vn -0.241847 -0.241847 -0.939692
vn -0.274662 -0.274662 -0.921478
vn -0.274661 -0.274661 -0.921478
vn -0.306800 -0.306800 -0.900971
vn -0.306804 -0.306804 -0.900967
vn -0.338179 -0.338179 -0.878220
vn -0.338183 -0.338183 -0.878217
vn -0.368706 -0.368706 -0.853295
vn -0.368705 -0.368705 -0.853295
vn -0.398329 -0.398329 -0.826237
vn -0.398331 -0.398331 -0.826235
vn -0.426952 -0.426952 -0.797135
vn -0.426957 -0.426957 -0.797130
vn -0.454526 -0.454526 -0.766037
vn -0.454520 -0.454520 -0.766043
vn -0.480946 -0.480946 -0.733064
vn -0.480942 -0.480942 -0.733068
vn -0.506198 -0.506199 -0.698231
vn -0.506195 -0.506195 -0.698235
vn -0.530178 -0.530178 -0.661681
vn -0.530178 -0.530178 -0.661681
vn -0.552836 -0.552836 -0.623494
vn -0.552841 -0.552841 -0.623485
vn -0.574137 -0.574137 -0.583723
vn -0.574132 -0.574132 -0.583734
vn -0.593982 -0.593982 -0.542561
vn -0.593978 -0.593978 -0.542567
vn -0.612370 -0.612369 -0.500007
vn -0.612372 -0.612372 -0.500002
vn -0.629238 -0.629238 -0.456201
vn -0.629237 -0.629237 -0.456204
vn -0.644528 -0.644528 -0.411298
vn -0.644532 -0.644532 -0.411288
vn -0.658235 -0.658235 -0.365312
vn -0.658233 -0.658233 -0.365320
vn -0.670287 -0.670287 -0.318481
vn -0.670284 -0.670284 -0.318494
vn -0.680674 -0.680674 -0.270859
vn -0.680672 -0.680672 -0.270872
vn -0.689380 -0.689380 -0.222509
vn -0.689382 -0.689382 -0.222500
vn -0.696365 -0.696365 -0.173644
vn -0.701617 -0.701617 -0.124368
vn -0.696365 -0.696365 -0.173643
vn -0.701618 -0.701618 -0.124353
vn -0.705130 -0.705130 -0.074727
vn -0.705130 -0.705130 -0.074717
vn -0.706887 -0.706887 -0.024957
vn -0.706886 -0.706886 -0.024963
vn -0.706886 -0.706886 0.024963
vn -0.706887 -0.706887 0.024957
vn -0.705130 -0.705130 0.074727
vn -0.705130 -0.705130 0.074717
vn -0.701618 -0.701618 0.124353
vn -0.701617 -0.701617 0.124368
vn -0.696365 -0.696365 0.173644
vn -0.696365 -0.696365 0.173643
vn -0.689382 -0.689382 0.222500
vn -0.689380 -0.689380 0.222509
vn -0.680674 -0.680674 0.270859
vn -0.680672 -0.680672 0.270872
vn -0.670287 -0.670287 0.318481
vn -0.670284 -0.670284 0.318494
vn -0.658233 -0.658233 0.365320
vn -0.658235 -0.658235 0.365312
vn -0.644528 -0.644528 0.411298
vn -0.644532 -0.644532 0.411288
vn -0.629237 -0.629237 0.456204
vn -0.629238 -0.629238 0.456201
vn -0.612369 -0.612370 0.500007
vn -0.612372 -0.612372 0.500002
vn -0.593978 -0.593978 0.542567
vn -0.593982 -0.593982 0.542561
vn -0.574137 -0.574137 0.583723
vn -0.574132 -0.574132 0.583734
vn -0.552841 -0.552841 0.623485
vn -0.530178 -0.530178 0.661681
vn -0.552836 -0.552836 0.623494
vn -0.530178 -0.530178 0.661681
vn -0.506195 -0.506195 0.698235
vn -0.506199 -0.506198 0.698231
vn -0.480946 -0.480946 0.733064
vn -0.480942 -0.480942 0.733068
vn -0.454520 -0.454520 0.766043
vn -0.454526 -0.454526 0.766037
vn -0.426957 -0.426957 0.797130
vn -0.426952 -0.426952 0.797135
vn -0.398331 -0.398331 0.826235
vn -0.398329 -0.398329 0.826237
vn -0.368705 -0.368705 0.853295
vn -0.368706 -0.368706 0.853295
vn -0.338183 -0.338183 0.878217
vn -0.338179 -0.338179 0.878220
vn -0.306800 -0.306800 0.900971
vn -0.274661 -0.274661 0.921478
vn -0.306804 -0.306804 0.900967
vn -0.274662 -0.274662 0.921478
vn -0.241850 -0.241850 0.939690
vn -0.241847 -0.241847 0.939692
vn -0.208420 -0.208420 0.955574
vn -0.208420 -0.208420 0.955574
vn -0.174480 -0.174480 0.969079
vn -0.174481 -0.174481 0.969078
vn -0.140113 -0.140113 0.980172
vn -0.140111 -0.140111 0.980172
vn -0.105390 -0.105390 0.988831
vn -0.105391 -0.105391 0.988830
vn -0.070407 -0.070407 0.995031
vn -0.070406 -0.070406 0.995031
vn -0.035246 -0.035246 0.998757
vn -0.035246 -0.035246 0.998757
vn 0.000000 0.000000 1.000000
vn 0.000000 0.000000 1.000000
vn 0.035246 0.035246 0.998757
vn 0.035246 0.035246 0.998757
vn 0.070407 0.070407 0.995031
vn 0.070406 0.070406 0.995031
vn 0.105390 0.105390 0.988831
vn 0.105391 0.105391 0.988830
vn 0.140111 0.140111 0.980172
vn 0.140113 0.140113 0.980172
vn 0.174481 0.174481 0.969078
vn 0.174480 0.174480 0.969079
vn 0.208420 0.208420 0.955574
vn 0.208420 0.208420 0.955574
vn 0.241847 0.241847 0.939692
vn 0.241850 0.241850 0.939690
vn 0.274661 0.274661 0.921478
vn 0.274662 0.274662 0.921478
vn 0.306800 0.306800 0.900971
vn 0.306804 0.306804 0.900967
vn 0.338183 0.338183 0.878217
vn 0.338179 0.338179 0.878220
vn 0.368705 0.368705 0.853295
vn 0.368706 0.368706 0.853295
vn 0.398331 0.398331 0.826235
vn 0.398329 0.398329 0.826237
vn 0.426957 0.426957 0.797130
vn 0.426952 0.426952 0.797135
vn 0.454520 0.454520 0.766043
vn 0.454526 0.454526 0.766037
vn 0.480946 0.480946 0.733064
vn 0.480942 0.480942 0.733068
vn 0.506195 0.506195 0.698235
vn 0.530178 0.530178 0.661681
vn 0.506199 0.506198 0.698231
vn 0.530178 0.530178 0.661681
vn 0.552836 0.552836 0.623494
vn 0.552841 0.552841 0.623485
vn 0.574132 0.574132 0.583734
vn 0.574137 0.574137 0.583723
vn 0.593982 0.593982 0.542561
vn 0.593978 0.593978 0.542567
vn 0.612369 0.612370 0.500007
vn 0.612372 0.612372 0.500002
vn 0.629237 0.629237 0.456204
vn 0.629238 0.629238 0.456201
vn 0.644532 0.644532 0.411288
vn 0.644528 0.644528 0.411298
vn 0.658233 0.658233 0.365320
vn 0.658235 0.658235 0.365312
vn 0.670287 0.670287 0.318481
vn 0.670284 0.670284 0.318494
vn 0.680672 0.680672 0.270872
vn 0.680674 0.680674 0.270859
vn 0.689380 0.689380 0.222509
vn 0.689382 0.689382 0.222500
vn 0.696365 0.696365 0.173643
vn 0.696365 0.696365 0.173644
vn 0.701617 0.701617 0.124368
vn 0.701618 0.701618 0.124353
vn 0.705130 0.705130 0.074717
vn 0.705130 0.705130 0.074727
vn 0.706886 0.706886 0.024963
vn 0.706887 0.706887 0.024957
vn -0.707107 0.707107 0.000000
vn -0.707107 0.707107 0.000000
vn -0.707107 0.707107 0.000000
vn -0.707107 0.707107 0.000000
vn -0.707107 0.707107 0.000000
vn -0.707107 0.707107 0.000000
vn -0.707107 0.707107 0.000000
vn -0.707107 0.707107 0.000000
vn -0.707107 0.707107 0.000000
vn -0.707107 0.707107 0.000000
vn -0.707107 0.707107 0.000000
vn -0.707107 0.707107 0.000000
vn -0.707107 0.707107 0.000000
vn -0.707107 0.707107 0.000000
vn -0.707107 0.707107 0.000000
vn -0.707107 0.707107 0.000000
vn -0.707107 0.707107 0.000000
vn -0.707107 0.707107 0.000000
vn -0.707107 0.707107 0.000000
vn -0.707107 0.707107 0.000000
vn -0.707107 0.707107 0.000000
vn -0.707107 0.707107 0.000000
vn -0.707107 0.707107 0.000000
vn -0.707107 0.707107 0.000000
vn -0.707107 0.707107 0.000000
vn -0.707107 0.707107 0.000000
vn -0.707107 0.707107 0.000000
vn -0.707107 0.707107 0.000000
vn -0.707107 0.707107 0.000000
vn -0.707107 0.707107 0.000000
vn -0.707107 0.707107 0.000000
vn -0.707107 0.707107 0.000000
vn -0.707107 0.707107 0.000000
vn -0.707107 0.707107 0.000000
vn -0.707107 0.707107 0.000000
vn -0.707107 0.707107 0.000000
vn -0.707107 0.707107 0.000000
vn -0.707107 0.707107 0.000000
vn -0.707107 0.707107 0.000000
vn -0.707107 0.707107 0.000000
vn -0.707107 0.707107 0.000000
vn -0.707107 0.707107 0.000000
vn -0.707107 0.707107 0.000000
vn -0.707107 0.707107 0.000000
vn -0.707107 0.707107 0.000000
vn -0.707107 0.707107 0.000000
vn -0.707107 0.707107 0.000000
vn -0.707107 0.707107 0.000000
vn -0.707107 0.707107 0.000000
vn -0.707107 0.707107 0.000000
vn -0.707107 0.707107 0.000000
vn -0.707107 0.707107 0.000000
vn -0.707107 0.707107 0.000000
vn -0.707107 0.707107 0.000000
vn -0.707107 0.707107 0.000000
vn -0.707107 0.707107 0.000000
vn -0.707107 0.707107 0.000000
vn -0.707107 0.707107 0.000000
vn -0.707107 0.707107 0.000000
vn -0.707107 0.707107 0.000000
vn -0.707107 0.707107 0.000000
vn -0.707107 0.707107 0.000000
vn -0.707107 0.707107 0.000000
vn -0.707107 0.707107 0.000000
vn -0.707107 0.707107 0.000000
vn -0.707107 0.707107 0.000000
vn -0.707107 0.707107 0.000000
vn -0.707107 0.707107 0.000000
vn -0.707107 0.707107 0.000000
vn -0.707107 0.707107 0.000000
vn -0.707107 0.707107 0.000000
vn -0.707107 0.707107 0.000000
vn -0.707107 0.707107 0.000000
vn -0.707107 0.707107 0.000000
vn -0.707107 0.707107 0.000000
vn -0.707107 0.707107 0.000000
vn -0.707107 0.707107 0.000000
vn -0.707107 0.707107 0.000000
vn -0.707107 0.707107 0.000000
vn -0.707107 0.707107 0.000000
vn -0.707107 0.707107 0.000000
vn -0.707107 0.707107 0.000000
vn -0.707107 0.707107 0.000000
vn -0.707107 0.707107 0.000000
vn -0.707107 0.707107 0.000000
vn -0.707107 0.707107 0.000000
vn -0.707107 0.707107 0.000000
vn -0.707107 0.707107 0.000000
vn -0.707107 0.707107 0.000000
vn -0.707107 0.707107 0.000000
vn -0.707107 0.707107 0.000000
vn -0.707107 0.707107 0.000000
vn -0.707107 0.707107 0.000000
vn -0.707107 0.707107 0.000000
vn -0.707107 0.707107 0.000000
vn -0.707107 0.707107 0.000000
vn -0.707107 0.707107 0.000000
vn -0.707107 0.707107 0.000000
vn -0.707107 0.707107 0.000000
vn -0.707107 0.707107 0.000000
vn -0.707107 0.707107 0.000000
vn -0.707107 0.707107 0.000000
vn -0.707107 0.707107 0.000000
vn -0.707107 0.707107 0.000000
vn -0.707107 0.707107 0.000000
vn -0.707107 0.707107 0.000000
vn -0.707107 0.707107 0.000000
vn -0.707107 0.707107 0.000000
vn -0.707107 0.707107 0.000000
vn -0.707107 0.707107 0.000000
vn -0.707107 0.707107 0.000000
vn -0.707107 0.707107 0.000000
vn -0.707107 0.707107 0.000000
vn -0.707107 0.707107 0.000000
vn -0.707107 0.707107 0.000000
vn -0.707107 0.707107 0.000000
vn -0.707107 0.707107 0.000000
vn -0.707107 0.707107 0.000000
vn -0.707107 0.707107 0.000000
vn -0.707107 0.707107 0.000000
vn -0.707107 0.707107 0.000000
vn -0.707107 0.707107 0.000000
vn -0.707107 0.707107 0.000000
vn -0.707107 0.707107 0.000000
vn 0.707107 -0.707107 0.000000
vn 0.707107 -0.707107 0.000000
vn 0.707107 -0.707107 0.000000
vn 0.707107 -0.707107 0.000000
vn 0.707107 -0.707107 0.000000
vn 0.707107 -0.707107 0.000000
vn 0.707107 -0.707107 0.000000
vn 0.707107 -0.707107 0.000000
vn 0.707107 -0.707107 0.000000
vn 0.707107 -0.707107 0.000000
vn 0.707107 -0.707107 0.000000
vn 0.707107 -0.707107 0.000000
vn 0.707107 -0.707107 0.000000
vn 0.707107 -0.707107 0.000000
vn 0.707107 -0.707107 0.000000
vn 0.707107 -0.707107 0.000000
vn 0.707107 -0.707107 0.000000
vn 0.707107 -0.707107 0.000000
vn 0.707107 -0.707107 0.000000
vn 0.707107 -0.707107 0.000000
vn 0.707107 -0.707107 0.000000
vn 0.707107 -0.707107 0.000000
vn 0.707107 -0.707107 0.000000
vn 0.707107 -0.707107 0.000000
vn 0.707107 -0.707107 0.000000
vn 0.707107 -0.707107 0.000000
vn 0.707107 -0.707107 0.000000
vn 0.707107 -0.707107 0.000000
vn 0.707107 -0.707107 0.000000
vn 0.707107 -0.707107 0.000000
vn 0.707107 -0.707107 0.000000
vn 0.707107 -0.707107 0.000000
vn 0.707107 -0.707107 0.000000
vn 0.707107 -0.707107 0.000000
vn 0.707107 -0.707107 0.000000
vn 0.707107 -0.707107 0.000000
vn 0.707107 -0.707107 0.000000
vn 0.707107 -0.707107 0.000000
vn 0.707107 -0.707107 0.000000
vn 0.707107 -0.707107 0.000000
vn 0.707107 -0.707107 0.000000
vn 0.707107 -0.707107 0.000000
vn 0.707107 -0.707107 0.000000
vn 0.707107 -0.707107 0.000000
vn 0.707107 -0.707107 0.000000
vn 0.707107 -0.707107 0.000000
vn 0.707107 -0.707107 0.000000
vn 0.707107 -0.707107 0.000000
vn 0.707107 -0.707107 0.000000
vn 0.707107 -0.707107 0.000000
vn 0.707107 -0.707107 0.000000
vn 0.707107 -0.707107 0.000000
vn 0.707107 -0.707107 0.000000
vn 0.707107 -0.707107 0.000000
vn 0.707107 -0.707107 0.000000
vn 0.707107 -0.707107 0.000000
vn 0.707107 -0.707107 0.000000
vn 0.707107 -0.707107 0.000000
vn 0.707107 -0.707107 0.000000
vn 0.707107 -0.707107 0.000000
vn 0.707107 -0.707107 0.000000
vn 0.707107 -0.707107 0.000000
vn 0.707107 -0.707107 0.000000
vn 0.707107 -0.707107 0.000000
vn 0.707107 -0.707107 0.000000
vn 0.707107 -0.707107 0.000000
vn 0.707107 -0.707107 0.000000
vn 0.707107 -0.707107 0.000000
vn 0.707107 -0.707107 0.000000
vn 0.707107 -0.707107 0.000000
vn 0.707107 -0.707107 0.000000
vn 0.707107 -0.707107 0.000000
vn 0.707107 -0.707107 0.000000
vn 0.707107 -0.707107 0.000000
vn 0.707107 -0.707107 0.000000
vn 0.707107 -0.707107 0.000000
vn 0.707107 -0.707107 0.000000
vn 0.707107 -0.707107 0.000000
vn 0.707107 -0.707107 0.000000
vn 0.707107 -0.707107 0.000000
vn 0.707107 -0.707107 0.000000
vn 0.707107 -0.707107 0.000000
vn 0.707107 -0.707107 0.000000
vn 0.707107 -0.707107 0.000000
vn 0.707107 -0.707107 0.000000
vn 0.707107 -0.707107 0.000000
vn 0.707107 -0.707107 0.000000
vn 0.707107 -0.707107 0.000000
vn 0.707107 -0.707107 0.000000
vn 0.707107 -0.707107 0.000000
vn 0.707107 -0.707107 0.000000
vn 0.707107 -0.707107 0.000000
vn 0.707107 -0.707107 0.000000
vn 0.707107 -0.707107 0.000000
vn 0.707107 -0.707107 0.000000
vn 0.707107 -0.707107 0.000000
vn 0.707107 -0.707107 0.000000
vn 0.707107 -0.707107 0.000000
vn 0.707107 -0.707107 0.000000
vn 0.707107 -0.707107 0.000000
vn 0.707107 -0.707107 0.000000
vn 0.707107 -0.707107 0.000000
vn 0.707107 -0.707107 0.000000
vn 0.707107 -0.707107 0.000000
vn 0.707107 -0.707107 0.000000
vn 0.707107 -0.707107 0.000000
vn 0.707107 -0.707107 0.000000
vn 0.707107 -0.707107 0.000000
vn 0.707107 -0.707107 0.000000
vn 0.707107 -0.707107 0.000000
vn 0.707107 -0.707107 0.000000
vn 0.707107 -0.707107 0.000000
vn 0.707107 -0.707107 0.000000
vn 0.707107 -0.707107 0.000000
vn 0.707107 -0.707107 0.000000
vn 0.707107 -0.707107 0.000000
vn 0.707107 -0.707107 0.000000
vn 0.707107 -0.707107 0.000000
vn 0.707107 -0.707107 0.000000
vn 0.707107 -0.707107 0.000000
vn 0.707107 -0.707107 0.000000
vn 0.707107 -0.707107 0.000000
vn 0.707107 -0.707107 0.000000
vn 0.707107 -0.707107 0.000000
vn 0.999689 0.024931 0.000000
vn 0.999689 0.024931 0.000000
vn 0.997204 0.074724 0.000000
vn 0.997204 0.074724 0.000000
vn 0.992238 0.124354 0.000000
vn 0.992238 0.124354 0.000000
vn 0.984808 0.173646 0.000000
vn 0.984808 0.173646 0.000000
vn 0.974930 0.222512 0.000000
vn 0.974930 0.222512 0.000000
vn 0.962621 0.270853 0.000000
vn 0.962621 0.270853 0.000000
vn 0.947928 0.318483 0.000000
vn 0.947928 0.318483 0.000000
vn 0.930874 0.365340 0.000000
vn 0.930874 0.365340 0.000000
vn 0.911509 0.411279 0.000000
vn 0.911509 0.411279 0.000000
vn 0.889866 0.456222 0.000000
vn 0.889866 0.456222 0.000000
vn 0.866029 0.499994 0.000000
vn 0.866029 0.499994 0.000000
vn 0.840027 0.542545 0.000000
vn 0.840027 0.542545 0.000000
vn 0.811939 0.583742 0.000000
vn 0.811939 0.583742 0.000000
vn 0.781826 0.623497 0.000000
vn 0.781826 0.623497 0.000000
vn 0.749787 0.661679 0.000000
vn 0.749787 0.661679 0.000000
vn 0.715865 0.698238 0.000000
vn 0.715865 0.698238 0.000000
vn 0.680165 0.733059 0.000000
vn 0.680165 0.733059 0.000000
vn 0.642789 0.766043 0.000000
vn 0.642789 0.766043 0.000000
vn 0.603806 0.797131 0.000000
vn 0.603806 0.797131 0.000000
vn 0.563327 0.826234 0.000000
vn 0.563327 0.826234 0.000000
vn 0.521427 0.853296 0.000000
vn 0.521427 0.853296 0.000000
vn 0.478255 0.878221 0.000000
vn 0.478255 0.878221 0.000000
vn 0.433890 0.900966 0.000000
vn 0.433890 0.900966 0.000000
vn 0.388430 0.921478 0.000000
vn 0.388430 0.921478 0.000000
vn 0.342028 0.939690 0.000000
vn 0.342028 0.939690 0.000000
vn 0.294750 0.955574 0.000000
vn 0.294750 0.955574 0.000000
vn 0.246761 0.969076 0.000000
vn 0.246761 0.969076 0.000000
vn 0.198143 0.980173 0.000000
vn 0.198143 0.980173 0.000000
vn 0.149039 0.988831 0.000000
vn 0.149039 0.988831 0.000000
vn 0.099574 0.995030 0.000000
vn 0.099574 0.995030 0.000000
vn 0.049848 0.998757 0.000000
vn 0.049848 0.998757 0.000000
vn 0.000000 1.000000 0.000000
vn -0.049848 0.998757 0.000000
vn -0.000000 1.000000 0.000000
vn -0.049848 0.998757 0.000000
vn -0.099574 0.995030 0.000000
vn -0.099574 0.995030 0.000000
vn -0.149039 0.988831 0.000000
vn -0.149039 0.988831 0.000000
vn -0.198143 0.980173 0.000000
vn -0.198143 0.980173 0.000000
vn -0.246761 0.969076 0.000000
vn -0.246761 0.969076 0.000000
vn -0.294750 0.955574 0.000000
vn -0.294750 0.955574 0.000000
vn -0.342028 0.939690 0.000000
vn -0.342028 0.939690 0.000000
vn -0.388430 0.921478 0.000000
vn -0.388430 0.921478 0.000000
vn -0.433890 0.900966 0.000000
vn -0.433890 0.900966 0.000000
vn -0.478255 0.878221 0.000000
vn -0.478255 0.878221 0.000000
vn -0.521427 0.853296 0.000000
vn -0.521427 0.853296 0.000000
vn -0.563327 0.826234 0.000000
vn -0.563327 0.826234 0.000000
vn -0.603806 0.797131 0.000000
vn -0.603806 0.797131 0.000000
vn -0.642789 0.766043 0.000000
vn -0.642789 0.766043 0.000000
vn -0.680165 0.733059 0.000000
vn -0.680165 0.733059 0.000000
vn -0.715865 0.698238 0.000000
vn -0.715865 0.698238 0.000000
vn -0.749787 0.661679 0.000000
vn -0.749787 0.661679 0.000000
vn -0.781826 0.623497 0.000000
vn -0.781826 0.623497 0.000000
vn -0.811939 0.583742 0.000000
vn -0.811939 0.583742 0.000000
vn -0.840027 0.542545 0.000000
vn -0.840027 0.542545 0.000000
vn -0.866029 0.499994 0.000000
vn -0.866029 0.499994 0.000000
vn -0.889866 0.456222 0.000000
vn -0.889866 0.456222 0.000000
vn -0.911509 0.411279 0.000000
vn -0.911509 0.411279 0.000000
vn -0.930874 0.365340 0.000000
vn -0.930874 0.365340 0.000000
vn -0.947928 0.318483 0.000000
vn -0.947928 0.318483 0.000000
vn -0.962621 0.270853 0.000000
vn -0.962621 0.270853 0.000000
vn -0.974930 0.222512 0.000000
vn -0.974930 0.222512 0.000000
vn -0.984808 0.173646 0.000000
vn -0.984808 0.173646 0.000000
vn -0.992238 0.124354 0.000000
vn -0.992238 0.124354 0.000000
vn -0.997204 0.074724 0.000000
vn -0.997204 0.074724 0.000000
vn -0.999689 0.024931 0.000000
vn -0.999689 0.024931 0.000000
vn -0.999689 -0.024931 0.000000
vn -0.999689 -0.024931 -0.000000
vn -0.997204 -0.074724 0.000000
vn -0.997204 -0.074724 -0.000000
vn -0.992238 -0.124354 0.000000
vn -0.992238 -0.124354 -0.000000
vn -0.984808 -0.173646 0.000000
vn -0.984808 -0.173646 -0.000000
vn -0.974930 -0.222512 0.000000
vn -0.974930 -0.222512 -0.000000
vn -0.962621 -0.270853 0.000000
vn -0.962621 -0.270853 -0.000000
vn -0.947928 -0.318483 0.000000
vn -0.947928 -0.318483 -0.000000
vn -0.930874 -0.365340 0.000000
vn -0.930874 -0.365340 -0.000000
vn -0.911509 -0.411279 0.000000
vn -0.911509 -0.411279 -0.000000
vn -0.889866 -0.456222 0.000000
vn -0.889866 -0.456222 -0.000000
vn -0.866029 -0.499994 -0.000000
vn -0.866029 -0.499994 -0.000000
vn -0.840027 -0.542545 -0.000000
vn -0.840027 -0.542545 0.000000
vn -0.811939 -0.583742 -0.000000
vn -0.811939 -0.583742 0.000000
vn -0.781826 -0.623497 -0.000000
vn -0.781826 -0.623497 0.000000
vn -0.749787 -0.661679 -0.000000
vn -0.749787 -0.661679 0.000000
vn -0.715865 -0.698238 -0.000000
vn -0.715865 -0.698238 0.000000
vn -0.680165 -0.733059 -0.000000
vn -0.680165 -0.733059 0.000000
vn -0.642789 -0.766043 -0.000000
vn -0.642789 -0.766043 0.000000
vn -0.603806 -0.797131 -0.000000
vn -0.603806 -0.797131 0.000000
vn -0.563327 -0.826234 -0.000000
vn -0.563327 -0.826234 0.000000
vn -0.521427 -0.853296 -0.000000
vn -0.478255 -0.878221 -0.000000
vn -0.521427 -0.853296 0.000000
vn -0.478255 -0.878221 -0.000000
vn -0.433890 -0.900966 -0.000000
vn -0.433890 -0.900966 0.000000
vn -0.388430 -0.921478 -0.000000
vn -0.388430 -0.921478 0.000000
vn -0.342028 -0.939690 0.000000
vn -0.342028 -0.939690 -0.000000
vn -0.294750 -0.955574 0.000000
vn -0.294750 -0.955574 -0.000000
vn -0.246761 -0.969076 0.000000
vn -0.246761 -0.969076 -0.000000
vn -0.198143 -0.980173 0.000000
vn -0.198143 -0.980173 -0.000000
vn -0.149039 -0.988831 -0.000000
vn -0.149039 -0.988831 0.000000
vn -0.099574 -0.995030 -0.000000
vn -0.099574 -0.995030 0.000000
vn -0.049848 -0.998757 -0.000000
vn -0.049848 -0.998757 0.000000
vn 0.000000 -1.000000 -0.000000
vn -0.000000 -1.000000 0.000000
vn 0.049848 -0.998757 0.000000
vn 0.049848 -0.998757 0.000000
vn 0.099574 -0.995030 0.000000
vn 0.099574 -0.995030 0.000000
vn 0.149039 -0.988831 0.000000
vn 0.149039 -0.988831 0.000000
vn 0.198143 -0.980173 0.000000
vn 0.198143 -0.980173 0.000000
vn 0.246761 -0.969076 0.000000
vn 0.246761 -0.969076 0.000000
vn 0.294750 -0.955574 0.000000
vn 0.294750 -0.955574 0.000000
vn 0.342028 -0.939690 0.000000
vn 0.342028 -0.939690 0.000000
vn 0.388430 -0.921478 0.000000
vn 0.388430 -0.921478 0.000000
vn 0.433890 -0.900966 0.000000
vn 0.433890 -0.900966 0.000000
vn 0.478255 -0.878221 0.000000
vn 0.478255 -0.878221 0.000000
vn 0.521427 -0.853296 0.000000
vn 0.521427 -0.853296 0.000000
vn 0.563327 -0.826234 0.000000
vn 0.563327 -0.826234 0.000000
vn 0.603806 -0.797131 0.000000
vn 0.603806 -0.797131 0.000000
vn 0.642789 -0.766043 0.000000
vn 0.642789 -0.766043 0.000000
vn 0.680165 -0.733059 0.000000
vn 0.680165 -0.733059 0.000000
vn 0.715865 -0.698238 0.000000
vn 0.715865 -0.698238 0.000000
vn 0.749787 -0.661679 0.000000
vn 0.749787 -0.661679 0.000000
vn 0.781826 -0.623497 0.000000
vn 0.781826 -0.623497 0.000000
vn 0.811939 -0.583742 0.000000
vn 0.811939 -0.583742 0.000000
vn 0.840027 -0.542545 0.000000
vn 0.840027 -0.542545 0.000000
vn 0.866029 -0.499994 0.000000
vn 0.866029 -0.499994 0.000000
vn 0.889866 -0.456222 0.000000
vn 0.889866 -0.456222 0.000000
vn 0.911509 -0.411279 0.000000
vn 0.911509 -0.411279 0.000000
vn 0.930874 -0.365340 0.000000
vn 0.930874 -0.365340 0.000000
vn 0.947928 -0.318483 0.000000
vn 0.947928 -0.318483 0.000000
vn 0.962621 -0.270853 0.000000
vn 0.962621 -0.270853 0.000000
vn 0.974930 -0.222512 0.000000
vn 0.974930 -0.222512 0.000000
vn 0.984808 -0.173646 0.000000
vn 0.984808 -0.173646 0.000000
vn 0.992238 -0.124354 0.000000
vn 0.992238 -0.124354 0.000000
vn 0.997204 -0.074724 0.000000
vn 0.997204 -0.074724 0.000000
vn 0.999689 -0.024931 0.000000
vn 0.999689 -0.024931 0.000000
vn 0.000000 0.000000 1.000000
vn 0.000000 0.000000 1.000000
vn 0.000000 0.000000 1.000000
vn 0.000000 0.000000 1.000000
vn 0.000000 0.000000 1.000000
vn 0.000000 0.000000 1.000000
vn 0.000000 0.000000 1.000000
vn 0.000000 0.000000 1.000000
vn 0.000000 0.000000 1.000000
vn 0.000000 0.000000 1.000000
vn 0.000000 0.000000 1.000000
vn 0.000000 0.000000 1.000000
vn 0.000000 0.000000 1.000000
vn 0.000000 0.000000 1.000000
vn 0.000000 0.000000 1.000000
vn 0.000000 0.000000 1.000000
vn 0.000000 0.000000 1.000000
vn 0.000000 0.000000 1.000000
vn 0.000000 0.000000 1.000000
vn 0.000000 0.000000 1.000000
vn 0.000000 0.000000 1.000000
vn 0.000000 0.000000 1.000000
vn 0.000000 0.000000 1.000000
vn 0.000000 0.000000 1.000000
vn 0.000000 0.000000 1.000000
vn 0.000000 0.000000 1.000000
vn 0.000000 0.000000 1.000000
vn 0.000000 0.000000 1.000000
vn 0.000000 0.000000 1.000000
vn 0.000000 0.000000 1.000000
vn 0.000000 0.000000 1.000000
vn 0.000000 0.000000 1.000000
vn 0.000000 0.000000 1.000000
vn 0.000000 0.000000 1.000000
vn 0.000000 0.000000 1.000000
vn 0.000000 0.000000 1.000000
vn 0.000000 0.000000 1.000000
vn 0.000000 0.000000 1.000000
vn 0.000000 0.000000 1.000000
vn 0.000000 0.000000 1.000000
vn 0.000000 0.000000 1.000000
vn 0.000000 0.000000 1.000000
vn 0.000000 0.000000 1.000000
vn 0.000000 0.000000 1.000000
vn 0.000000 0.000000 1.000000
vn 0.000000 0.000000 1.000000
vn 0.000000 0.000000 1.000000
vn 0.000000 0.000000 1.000000
vn 0.000000 0.000000 1.000000
vn 0.000000 0.000000 1.000000
vn 0.000000 0.000000 1.000000
vn 0.000000 0.000000 1.000000
vn 0.000000 0.000000 1.000000
vn 0.000000 0.000000 1.000000
vn 0.000000 0.000000 1.000000
vn 0.000000 0.000000 1.000000
vn 0.000000 0.000000 1.000000
vn 0.000000 0.000000 1.000000
vn 0.000000 0.000000 1.000000
vn 0.000000 0.000000 1.000000
vn 0.000000 0.000000 1.000000
vn 0.000000 0.000000 1.000000
vn 0.000000 0.000000 1.000000
vn 0.000000 0.000000 1.000000
vn 0.000000 0.000000 1.000000
vn 0.000000 0.000000 1.000000
vn 0.000000 0.000000 1.000000
vn 0.000000 0.000000 1.000000
vn 0.000000 0.000000 1.000000
vn 0.000000 0.000000 1.000000
vn 0.000000 0.000000 1.000000
vn 0.000000 0.000000 1.000000
vn 0.000000 0.000000 1.000000
vn 0.000000 0.000000 1.000000
vn 0.000000 0.000000 1.000000
vn 0.000000 0.000000 1.000000
vn 0.000000 0.000000 1.000000
vn 0.000000 0.000000 1.000000
vn 0.000000 0.000000 1.000000
vn 0.000000 0.000000 1.000000
vn 0.000000 0.000000 1.000000
vn 0.000000 0.000000 1.000000
vn 0.000000 0.000000 1.000000
vn 0.000000 0.000000 1.000000
vn 0.000000 0.000000 1.000000
vn 0.000000 0.000000 1.000000
vn 0.000000 0.000000 1.000000
vn 0.000000 0.000000 1.000000
vn 0.000000 0.000000 1.000000
vn 0.000000 0.000000 1.000000
vn 0.000000 0.000000 1.000000
vn 0.000000 0.000000 1.000000
vn 0.000000 0.000000 1.000000
vn 0.000000 0.000000 1.000000
vn 0.000000 0.000000 1.000000
vn 0.000000 0.000000 1.000000
vn 0.000000 0.000000 1.000000
vn 0.000000 0.000000 1.000000
vn 0.000000 0.000000 1.000000
vn 0.000000 0.000000 1.000000
vn 0.000000 0.000000 1.000000
vn 0.000000 0.000000 1.000000
vn 0.000000 0.000000 1.000000
vn 0.000000 0.000000 1.000000
vn 0.000000 0.000000 1.000000
vn 0.000000 0.000000 1.000000
vn 0.000000 0.000000 1.000000
vn 0.000000 0.000000 1.000000
vn 0.000000 0.000000 1.000000
vn 0.000000 0.000000 1.000000
vn 0.000000 0.000000 1.000000
vn 0.000000 0.000000 1.000000
vn 0.000000 0.000000 1.000000
vn 0.000000 0.000000 1.000000
vn 0.000000 0.000000 1.000000
vn 0.000000 0.000000 1.000000
vn 0.000000 0.000000 1.000000
vn 0.000000 0.000000 1.000000
vn 0.000000 0.000000 1.000000
vn 0.000000 0.000000 1.000000
vn 0.000000 0.000000 1.000000
vn 0.000000 0.000000 1.000000
vn 0.000000 0.000000 1.000000
vn 0.000000 0.000000 1.000000
vn 0.000000 0.000000 -1.000000
vn 0.000000 0.000000 -1.000000
vn 0.000000 0.000000 -1.000000
vn 0.000000 0.000000 -1.000000
vn 0.000000 0.000000 -1.000000
vn 0.000000 0.000000 -1.000000
vn 0.000000 0.000000 -1.000000
vn 0.000000 0.000000 -1.000000
vn 0.000000 0.000000 -1.000000
vn 0.000000 0.000000 -1.000000
vn 0.000000 0.000000 -1.000000
vn 0.000000 0.000000 -1.000000
vn 0.000000 0.000000 -1.000000
vn 0.000000 0.000000 -1.000000
vn 0.000000 0.000000 -1.000000
vn 0.000000 0.000000 -1.000000
vn 0.000000 0.000000 -1.000000
vn 0.000000 0.000000 -1.000000
vn 0.000000 0.000000 -1.000000
vn 0.000000 0.000000 -1.000000
vn 0.000000 0.000000 -1.000000
vn 0.000000 0.000000 -1.000000
vn 0.000000 0.000000 -1.000000
vn 0.000000 0.000000 -1.000000
vn 0.000000 0.000000 -1.000000
vn 0.000000 -0.000000 -1.000000
vn 0.000000 -0.000000 -1.000000
vn 0.000000 0.000000 -1.000000
vn 0.000000 0.000000 -1.000000
vn 0.000000 0.000000 -1.000000
vn 0.000000 0.000000 -1.000000
vn 0.000000 0.000000 -1.000000
vn 0.000000 -0.000000 -1.000000
vn 0.000000 0.000000 -1.000000
vn 0.000000 0.000000 -1.000000
vn 0.000000 0.000000 -1.000000
vn 0.000000 0.000000 -1.000000
vn 0.000000 0.000000 -1.000000
vn 0.000000 0.000000 -1.000000
vn 0.000000 0.000000 -1.000000
vn 0.000000 -0.000000 -1.000000
vn 0.000000 -0.000000 -1.000000
vn 0.000000 -0.000000 -1.000000
vn 0.000000 -0.000000 -1.000000
vn 0.000000 -0.000000 -1.000000
vn 0.000000 0.000000 -1.000000
vn 0.000000 0.000000 -1.000000
vn 0.000000 0.000000 -1.000000
vn 0.000000 0.000000 -1.000000
vn 0.000000 -0.000000 -1.000000
vn 0.000000 0.000000 -1.000000
vn 0.000000 0.000000 -1.000000
vn 0.000000 0.000000 -1.000000
vn 0.000000 -0.000000 -1.000000
vn 0.000000 -0.000000 -1.000000
vn 0.000000 -0.000000 -1.000000
vn 0.000000 0.000000 -1.000000
vn 0.000000 0.000000 -1.000000
vn 0.000000 0.000000 -1.000000
vn 0.000000 0.000000 -1.000000
vn 0.000000 0.000000 -1.000000
vn 0.000000 -0.000000 -1.000000
vn 0.000000 -0.000000 -1.000000
vn 0.000000 -0.000000 -1.000000
vn 0.000000 0.000000 -1.000000
vn 0.000000 0.000000 -1.000000
vn 0.000000 0.000000 -1.000000
vn 0.000000 -0.000000 -1.000000
vn 0.000000 0.000000 -1.000000
vn 0.000000 0.000000 -1.000000
vn 0.000000 -0.000000 -1.000000
vn 0.000000 -0.000000 -1.000000
vn 0.000000 -0.000000 -1.000000
vn 0.000000 0.000000 -1.000000
vn 0.000000 0.000000 -1.000000
vn 0.000000 -0.000000 -1.000000
vn 0.000000 -0.000000 -1.000000
vn 0.000000 -0.000000 -1.000000
vn 0.000000 0.000000 -1.000000
vn 0.000000 0.000000 -1.000000
vn 0.000000 -0.000000 -1.000000
vn 0.000000 -0.000000 -1.000000
vn 0.000000 -0.000000 -1.000000
vn 0.000000 0.000000 -1.000000
vn 0.000000 -0.000000 -1.000000
vn 0.000000 0.000000 -1.000000
vn 0.000000 -0.000000 -1.000000
vn -0.000000 -0.000000 -1.000000
vn 0.000000 -0.000000 -1.000000
vn 0.000000 0.000000 -1.000000
vn 0.000000 0.000000 -1.000000
vn 0.000000 0.000000 -1.000000
vn 0.000000 0.000000 -1.000000
vn 0.000000 -0.000000 -1.000000
vn -0.000000 -0.000000 -1.000000
vn -0.000000 -0.000000 -1.000000
vn 0.000000 -0.000000 -1.000000
vn 0.000000 0.000000 -1.000000
vn 0.000000 0.000000 -1.000000
vn 0.000000 0.000000 -1.000000
vn 0.000000 0.000000 -1.000000
vn -0.000000 -0.000000 -1.000000
vn 0.000000 0.000000 -1.000000
vn 0.000000 0.000000 -1.000000
vn -0.000000 -0.000000 -1.000000
vn -0.000000 -0.000000 -1.000000
vn 0.000000 0.000000 -1.000000
vn -0.000000 -0.000000 -1.000000
vn 0.000000 0.000000 -1.000000
vn -0.000000 -0.000000 -1.000000
vn -0.000000 -0.000000 -1.000000
vn 0.000000 0.000000 -1.000000
vn 0.000000 0.000000 -1.000000
vn 0.000000 0.000000 -1.000000
vn 0.000000 -0.000000 -1.000000
vn 0.000000 0.000000 -1.000000
vn -0.000000 -0.000000 -1.000000
vn 0.000000 0.000000 -1.000000
vn 0.000000 0.000000 -1.000000
vn 0.000000 -0.000000 -1.000000
vn -0.000000 -0.000000 -1.000000
vn -0.000000 -0.000000 -1.000000
vn 0.000000 0.000000 -1.000000
vn -0.000000 -0.000000 -1.000000
vn 0.000000 -0.024941 0.999689
vn 0.000000 -0.024941 0.999689
vn 0.000000 -0.074721 0.997204
vn 0.000000 -0.124345 0.992239
vn 0.000000 -0.074721 0.997204
vn 0.000000 -0.124345 0.992239
vn 0.000000 -0.173622 0.984812
vn 0.000000 -0.173622 0.984812
vn 0.000000 -0.222527 0.974927
vn 0.000000 -0.270832 0.962627
vn 0.000000 -0.222527 0.974927
vn 0.000000 -0.270832 0.962627
vn 0.000000 -0.318514 0.947918
vn 0.000000 -0.365342 0.930874
vn 0.000000 -0.318514 0.947918
vn 0.000000 -0.365342 0.930874
vn 0.000000 -0.411300 0.911500
vn 0.000000 -0.456188 0.889883
vn 0.000000 -0.411300 0.911500
vn 0.000000 -0.499995 0.866028
vn 0.000000 -0.456188 0.889883
vn 0.000000 -0.499995 0.866028
vn 0.000000 -0.542566 0.840013
vn 0.000000 -0.542566 0.840013
vn 0.000000 -0.583744 0.811938
vn 0.000000 -0.583744 0.811938
vn 0.000000 -0.623475 0.781843
vn 0.000000 -0.623475 0.781843
vn 0.000000 -0.661678 0.749788
vn 0.000000 -0.661678 0.749788
vn 0.000000 -0.698241 0.715863
vn 0.000000 -0.698241 0.715863
vn 0.000000 -0.733070 0.680154
vn 0.000000 -0.733070 0.680154
vn 0.000000 -0.766043 0.642789
vn 0.000000 -0.766043 0.642789
vn 0.000000 -0.797133 0.603804
vn 0.000000 -0.797133 0.603804
vn 0.000000 -0.826234 0.563327
vn 0.000000 -0.826234 0.563327
vn 0.000000 -0.853291 0.521436
vn 0.000000 -0.853291 0.521436
vn 0.000000 -0.878221 0.478255
vn 0.000000 -0.878221 0.478255
vn 0.000000 -0.900970 0.433882
vn 0.000000 -0.900970 0.433882
vn 0.000000 -0.921474 0.388440
vn 0.000000 -0.921474 0.388440
vn 0.000000 -0.939697 0.342007
vn 0.000000 -0.955565 0.294779
vn 0.000000 -0.939697 0.342007
vn 0.000000 -0.955565 0.294779
vn 0.000000 -0.969077 0.246758
vn 0.000000 -0.980177 0.198122
vn 0.000000 -0.969077 0.246758
vn 0.000000 -0.980177 0.198122
vn 0.000000 -0.988828 0.149061
vn 0.000000 -0.995032 0.099559
vn 0.000000 -0.988828 0.149061
vn 0.000000 -0.998756 0.049856
vn 0.000000 -0.995032 0.099559
vn 0.000000 -0.998756 0.049856
vn 0.000000 -1.000000 0.000000
vn 0.000000 -1.000000 0.000000
vn -0.000000 -0.998756 -0.049856
vn 0.000000 -0.998756 -0.049856
vn -0.000000 -0.995032 -0.099559
vn 0.000000 -0.995032 -0.099559
vn -0.000000 -0.988828 -0.149061
vn 0.000000 -0.988828 -0.149061
vn -0.000000 -0.980177 -0.198122
vn -0.000000 -0.969077 -0.246758
vn 0.000000 -0.980177 -0.198122
vn -0.000000 -0.969077 -0.246758
vn 0.000000 -0.955565 -0.294779
vn -0.000000 -0.955565 -0.294779
vn 0.000000 -0.939697 -0.342007
vn -0.000000 -0.939697 -0.342007
vn 0.000000 -0.921470 -0.388449
vn -0.000000 -0.921470 -0.388449
vn -0.000000 -0.900979 -0.433862
vn -0.000000 -0.900979 -0.433862
vn 0.000000 -0.878215 -0.478266
vn -0.000000 -0.878215 -0.478266
vn 0.000000 -0.853291 -0.521436
vn -0.000000 -0.853291 -0.521436
vn 0.000000 -0.826242 -0.563316
vn -0.000000 -0.826242 -0.563316
vn 0.000000 -0.797123 -0.603816
vn -0.000000 -0.797123 -0.603816
vn 0.000000 -0.766053 -0.642777
vn -0.000000 -0.766053 -0.642777
vn 0.000000 -0.733058 -0.680166
vn -0.000000 -0.733058 -0.680166
vn 0.000000 -0.698228 -0.715876
vn -0.000000 -0.698228 -0.715876
vn -0.000000 -0.661692 -0.749775
vn -0.000000 -0.661692 -0.749775
vn 0.000000 -0.623491 -0.781831
vn -0.000000 -0.623491 -0.781831
vn 0.000000 -0.583744 -0.811938
vn -0.000000 -0.583744 -0.811938
vn 0.000000 -0.542530 -0.840037
vn -0.000000 -0.542530 -0.840037
vn -0.000000 -0.500015 -0.866017
vn -0.000000 -0.500015 -0.866017
vn 0.000000 -0.456208 -0.889873
vn -0.000000 -0.456208 -0.889873
vn 0.000000 -0.411279 -0.911510
vn -0.000000 -0.411279 -0.911510
vn 0.000000 -0.365342 -0.930874
vn -0.000000 -0.365342 -0.930874
vn 0.000000 -0.318491 -0.947926
vn -0.000000 -0.318491 -0.947926
vn -0.000000 -0.270832 -0.962627
vn 0.000000 -0.270832 -0.962627
vn -0.000000 -0.222527 -0.974927
vn -0.000000 -0.173647 -0.984808
vn 0.000000 -0.222527 -0.974927
vn -0.000000 -0.173647 -0.984808
vn -0.000000 -0.124345 -0.992239
vn -0.000000 -0.074721 -0.997204
vn 0.000000 -0.124345 -0.992239
vn -0.000000 -0.074721 -0.997204
vn -0.000000 -0.024941 -0.999689
vn -0.000000 -0.024941 -0.999689
vn 0.000000 0.024941 -0.999689
vn 0.000000 0.024941 -0.999689
vn 0.000000 0.074721 -0.997204
vn 0.000000 0.074721 -0.997204
vn 0.000000 0.124345 -0.992239
vn 0.000000 0.124345 -0.992239
vn 0.000000 0.173647 -0.984808
vn 0.000000 0.173647 -0.984808
vn 0.000000 0.222527 -0.974927
vn 0.000000 0.222527 -0.974927
vn 0.000000 0.270832 -0.962627
vn 0.000000 0.270832 -0.962627
vn 0.000000 0.318491 -0.947926
vn 0.000000 0.318491 -0.947926
vn 0.000000 0.365342 -0.930874
vn 0.000000 0.365342 -0.930874
vn 0.000000 0.411279 -0.911510
vn 0.000000 0.411279 -0.911510
vn 0.000000 0.456208 -0.889873
vn 0.000000 0.456208 -0.889873
vn 0.000000 0.500015 -0.866017
vn 0.000000 0.500015 -0.866017
vn 0.000000 0.542530 -0.840037
vn 0.000000 0.542530 -0.840037
vn 0.000000 0.583744 -0.811938
vn 0.000000 0.623491 -0.781831
vn 0.000000 0.583744 -0.811938
vn 0.000000 0.623491 -0.781831
vn 0.000000 0.661692 -0.749775
vn 0.000000 0.698228 -0.715876
vn 0.000000 0.661692 -0.749775
vn 0.000000 0.698228 -0.715876
vn 0.000000 0.733058 -0.680166
vn 0.000000 0.733058 -0.680166
vn 0.000000 0.766053 -0.642777
vn 0.000000 0.766053 -0.642777
vn 0.000000 0.797123 -0.603816
vn 0.000000 0.797123 -0.603816
vn 0.000000 0.826242 -0.563316
vn 0.000000 0.826242 -0.563316
vn 0.000000 0.853291 -0.521436
vn 0.000000 0.853291 -0.521436
vn 0.000000 0.878215 -0.478266
vn 0.000000 0.878215 -0.478266
vn 0.000000 0.900979 -0.433862
vn 0.000000 0.900979 -0.433862
vn 0.000000 0.921470 -0.388449
vn 0.000000 0.921470 -0.388449
vn 0.000000 0.939697 -0.342007
vn 0.000000 0.939697 -0.342007
vn 0.000000 0.955565 -0.294779
vn 0.000000 0.955565 -0.294779
vn 0.000000 0.969077 -0.246758
vn 0.000000 0.969077 -0.246758
vn 0.000000 0.980177 -0.198122
vn 0.000000 0.980177 -0.198122
vn 0.000000 0.988828 -0.149061
vn 0.000000 0.988828 -0.149061
vn 0.000000 0.995032 -0.099559
vn 0.000000 0.995032 -0.099559
vn 0.000000 0.998756 -0.049856
vn 0.000000 1.000000 0.000000
vn 0.000000 0.998756 -0.049856
vn 0.000000 1.000000 0.000000
vn 0.000000 0.998756 0.049856
vn 0.000000 0.995032 0.099559
vn 0.000000 0.998756 0.049856
vn 0.000000 0.995032 0.099559
vn 0.000000 0.988828 0.149061
vn 0.000000 0.988828 0.149061
vn 0.000000 0.980177 0.198122
vn 0.000000 0.980177 0.198122
vn 0.000000 0.969077 0.246758
vn 0.000000 0.969077 0.246758
vn 0.000000 0.955565 0.294779
vn 0.000000 0.955565 0.294779
vn 0.000000 0.939697 0.342007
vn 0.000000 0.939697 0.342007
vn 0.000000 0.921474 0.388440
vn 0.000000 0.921474 0.388440
vn 0.000000 0.900970 0.433882
vn 0.000000 0.900970 0.433882
vn 0.000000 0.878221 0.478255
vn 0.000000 0.853291 0.521436
vn 0.000000 0.878221 0.478255
vn 0.000000 0.853291 0.521436
vn 0.000000 0.826234 0.563327
vn 0.000000 0.826234 0.563327
vn 0.000000 0.797133 0.603804
vn 0.000000 0.797133 0.603804
vn 0.000000 0.766043 0.642789
vn 0.000000 0.766043 0.642789
vn 0.000000 0.733070 0.680154
vn 0.000000 0.733070 0.680154
vn 0.000000 0.698241 0.715863
vn 0.000000 0.698241 0.715863
vn 0.000000 0.661678 0.749788
vn 0.000000 0.623475 0.781843
vn 0.000000 0.661678 0.749788
vn 0.000000 0.623475 0.781843
vn 0.000000 0.583744 0.811938
vn 0.000000 0.583744 0.811938
vn 0.000000 0.542566 0.840013
vn 0.000000 0.542566 0.840013
vn 0.000000 0.499995 0.866028
vn 0.000000 0.499995 0.866028
vn 0.000000 0.456188 0.889883
vn 0.000000 0.456188 0.889883
vn 0.000000 0.411300 0.911500
vn 0.000000 0.411300 0.911500
vn 0.000000 0.365342 0.930874
vn 0.000000 0.365342 0.930874
vn 0.000000 0.318514 0.947918
vn 0.000000 0.318514 0.947918
vn 0.000000 0.270832 0.962627
vn 0.000000 0.270832 0.962627
vn 0.000000 0.222527 0.974927
vn 0.000000 0.222527 0.974927
vn 0.000000 0.173622 0.984812
vn 0.000000 0.173622 0.984812
vn 0.000000 0.124345 0.992239
vn 0.000000 0.124345 0.992239
vn 0.000000 0.074721 0.997204
vn 0.000000 0.074721 0.997204
vn 0.000000 0.024941 0.999689
vn 0.000000 0.024941 0.999689
vn 1.000000 0.000000 0.000000
vn 1.000000 0.000000 0.000000
vn 1.000000 0.000000 0.000000
vn 1.000000 0.000000 0.000000
vn 1.000000 0.000000 0.000000
vn 1.000000 0.000000 0.000000
vn 1.000000 0.000000 0.000000
vn 1.000000 0.000000 0.000000
vn 1.000000 0.000000 0.000000
vn 1.000000 0.000000 0.000000
vn 1.000000 0.000000 0.000000
vn 1.000000 0.000000 0.000000
vn 1.000000 0.000000 0.000000
vn 1.000000 0.000000 0.000000
vn 1.000000 0.000000 0.000000
vn 1.000000 0.000000 0.000000
vn 1.000000 0.000000 0.000000
vn 1.000000 0.000000 0.000000
vn 1.000000 0.000000 0.000000
vn 1.000000 0.000000 0.000000
vn 1.000000 0.000000 0.000000
vn 1.000000 0.000000 0.000000
vn 1.000000 0.000000 0.000000
vn 1.000000 0.000000 0.000000
vn 1.000000 0.000000 0.000000
vn 1.000000 0.000000 0.000000
vn 1.000000 0.000000 0.000000
vn 1.000000 0.000000 0.000000
vn 1.000000 0.000000 0.000000
vn 1.000000 0.000000 0.000000
vn 1.000000 0.000000 0.000000
vn 1.000000 0.000000 0.000000
vn 1.000000 0.000000 0.000000
vn 1.000000 0.000000 0.000000
vn 1.000000 -0.000000 0.000000
vn 1.000000 0.000000 0.000000
vn 1.000000 0.000000 0.000000
vn 1.000000 0.000000 0.000000
vn 1.000000 0.000000 0.000000
vn 1.000000 0.000000 0.000000
vn 1.000000 0.000000 0.000000
vn 1.000000 0.000000 0.000000
vn 1.000000 0.000000 0.000000
vn 1.000000 0.000000 0.000000
vn 1.000000 0.000000 0.000000
vn 1.000000 0.000000 0.000000
vn 1.000000 0.000000 0.000000
vn 1.000000 0.000000 0.000000
vn 1.000000 0.000000 0.000000
vn 1.000000 0.000000 0.000000
vn 1.000000 0.000000 0.000000
vn 1.000000 0.000000 0.000000
vn 1.000000 0.000000 0.000000
vn 1.000000 0.000000 0.000000
vn 1.000000 0.000000 0.000000
vn 1.000000 0.000000 0.000000
vn 1.000000 0.000000 0.000000
vn 1.000000 0.000000 0.000000
vn 1.000000 0.000000 0.000000
vn 1.000000 0.000000 0.000000
vn 1.000000 0.000000 0.000000
vn 1.000000 0.000000 0.000000
vn 1.000000 0.000000 0.000000
vn 1.000000 0.000000 0.000000
vn 1.000000 0.000000 0.000000
vn 1.000000 0.000000 0.000000
vn 1.000000 0.000000 0.000000
vn 1.000000 0.000000 0.000000
vn 1.000000 0.000000 0.000000
vn 1.000000 0.000000 0.000000
vn 1.000000 0.000000 0.000000
vn 1.000000 0.000000 0.000000
vn 1.000000 0.000000 0.000000
vn 1.000000 0.000000 0.000000
vn 1.000000 0.000000 0.000000
vn 1.000000 0.000000 0.000000
vn 1.000000 0.000000 0.000000
vn 1.000000 0.000000 0.000000
vn 1.000000 0.000000 0.000000
vn 1.000000 0.000000 0.000000
vn 1.000000 0.000000 0.000000
vn 1.000000 0.000000 0.000000
vn 1.000000 0.000000 0.000000
vn 1.000000 0.000000 0.000000
vn 1.000000 0.000000 0.000000
vn 1.000000 0.000000 0.000000
vn 1.000000 0.000000 0.000000
vn 1.000000 0.000000 0.000000
vn 1.000000 0.000000 0.000000
vn 1.000000 0.000000 0.000000
vn 1.000000 0.000000 0.000000
vn 1.000000 0.000000 0.000000
vn 1.000000 0.000000 0.000000
vn 1.000000 0.000000 0.000000
vn 1.000000 0.000000 0.000000
vn 1.000000 0.000000 0.000000
vn 1.000000 0.000000 0.000000
vn 1.000000 0.000000 0.000000
vn 1.000000 0.000000 0.000000
vn 1.000000 0.000000 0.000000
vn 1.000000 0.000000 0.000000
vn 1.000000 0.000000 0.000000
vn 1.000000 0.000000 0.000000
vn 1.000000 0.000000 0.000000
vn 1.000000 0.000000 0.000000
vn 1.000000 0.000000 0.000000
vn 1.000000 0.000000 0.000000
vn 1.000000 0.000000 0.000000
vn 1.000000 0.000000 0.000000
vn 1.000000 0.000000 0.000000
vn 1.000000 0.000000 0.000000
vn 1.000000 0.000000 0.000000
vn 1.000000 -0.000000 0.000000
vn 1.000000 0.000000 0.000000
vn 1.000000 0.000000 0.000000
vn 1.000000 0.000000 0.000000
vn 1.000000 0.000000 0.000000
vn 1.000000 0.000000 0.000000
vn 1.000000 -0.000000 0.000000
vn 1.000000 0.000000 0.000000
vn 1.000000 0.000000 0.000000
vn 1.000000 0.000000 0.000000
vn 1.000000 0.000000 0.000000
vn 1.000000 -0.000000 0.000000
vn -1.000000 0.000000 0.000000
vn -1.000000 0.000000 0.000000
vn -1.000000 -0.000000 0.000000
vn -1.000000 0.000000 0.000000
vn -1.000000 0.000000 0.000000
vn -1.000000 -0.000000 0.000000
vn -1.000000 -0.000000 0.000000
vn -1.000000 -0.000000 0.000000
vn -1.000000 -0.000000 0.000000
vn -1.000000 -0.000000 0.000000
vn -1.000000 0.000000 0.000000
vn -1.000000 0.000000 0.000000
vn -1.000000 0.000000 0.000000
vn -1.000000 0.000000 0.000000
vn -1.000000 0.000000 0.000000
vn -1.000000 -0.000000 0.000000
vn -1.000000 -0.000000 0.000000
vn -1.000000 0.000000 0.000000
vn -1.000000 0.000000 0.000000
vn -1.000000 -0.000000 0.000000
vn -1.000000 0.000000 0.000000
vn -1.000000 0.000000 0.000000
vn -1.000000 0.000000 0.000000
vn -1.000000 0.000000 0.000000
vn -1.000000 0.000000 0.000000
vn -1.000000 0.000000 0.000000
vn -1.000000 0.000000 0.000000
vn -1.000000 0.000000 0.000000
vn -1.000000 0.000000 0.000000
vn -1.000000 0.000000 0.000000
vn -1.000000 0.000000 0.000000
vn -1.000000 0.000000 0.000000
vn -1.000000 0.000000 0.000000
vn -1.000000 0.000000 0.000000
vn -1.000000 0.000000 0.000000
vn -1.000000 0.000000 0.000000
vn -1.000000 0.000000 0.000000
vn -1.000000 0.000000 0.000000
vn -1.000000 0.000000 0.000000
vn -1.000000 0.000000 0.000000
vn -1.000000 0.000000 0.000000
vn -1.000000 0.000000 0.000000
vn -1.000000 0.000000 0.000000
vn -1.000000 0.000000 0.000000
vn -1.000000 0.000000 0.000000
vn -1.000000 0.000000 0.000000
vn -1.000000 0.000000 0.000000
vn -1.000000 0.000000 0.000000
vn -1.000000 0.000000 0.000000
vn -1.000000 0.000000 0.000000
vn -1.000000 0.000000 0.000000
vn -1.000000 0.000000 0.000000
vn -1.000000 0.000000 0.000000
vn -1.000000 0.000000 0.000000
vn -1.000000 0.000000 0.000000
vn -1.000000 0.000000 0.000000
vn -1.000000 0.000000 0.000000
vn -1.000000 0.000000 0.000000
vn -1.000000 0.000000 0.000000
vn -1.000000 0.000000 0.000000
vn -1.000000 0.000000 0.000000
vn -1.000000 0.000000 0.000000
vn -1.000000 0.000000 0.000000
vn -1.000000 0.000000 0.000000
vn -1.000000 0.000000 0.000000
vn -1.000000 0.000000 0.000000
vn -1.000000 0.000000 0.000000
vn -1.000000 0.000000 0.000000
vn -1.000000 0.000000 0.000000
vn -1.000000 0.000000 0.000000
vn -1.000000 0.000000 0.000000
vn -1.000000 0.000000 0.000000
vn -1.000000 0.000000 0.000000
vn -1.000000 0.000000 0.000000
vn -1.000000 0.000000 0.000000
vn -1.000000 0.000000 0.000000
vn -1.000000 0.000000 0.000000
vn -1.000000 0.000000 0.000000
vn -1.000000 0.000000 0.000000
vn -1.000000 0.000000 0.000000
vn -1.000000 0.000000 0.000000
vn -1.000000 0.000000 0.000000
vn -1.000000 0.000000 0.000000
vn -1.000000 0.000000 0.000000
vn -1.000000 0.000000 0.000000
vn -1.000000 0.000000 0.000000
vn -1.000000 0.000000 0.000000
vn -1.000000 0.000000 0.000000
vn -1.000000 0.000000 0.000000
vn -1.000000 0.000000 0.000000
vn -1.000000 0.000000 0.000000
vn -1.000000 0.000000 -0.000000
vn -1.000000 0.000000 0.000000
vn -1.000000 0.000000 -0.000000
vn -1.000000 0.000000 -0.000000
vn -1.000000 0.000000 0.000000
vn -1.000000 0.000000 0.000000
vn -1.000000 0.000000 0.000000
vn -1.000000 0.000000 0.000000
vn -1.000000 0.000000 0.000000
vn -1.000000 0.000000 -0.000000
vn -1.000000 0.000000 -0.000000
vn -1.000000 0.000000 0.000000
vn -1.000000 0.000000 -0.000000
vn -1.000000 0.000000 -0.000000
vn -1.000000 0.000000 -0.000000
vn -1.000000 0.000000 0.000000
vn -1.000000 0.000000 0.000000
vn -1.000000 0.000000 0.000000
vn -1.000000 0.000000 0.000000
vn -1.000000 0.000000 0.000000
vn -1.000000 0.000000 0.000000
vn -1.000000 0.000000 0.000000
vn -1.000000 -0.000000 0.000000
vn -1.000000 0.000000 -0.000000
vn -1.000000 0.000000 0.000000
vn -1.000000 0.000000 0.000000
vn -1.000000 0.000000 -0.000000
vn -1.000000 0.000000 0.000000
vn -1.000000 0.000000 -0.000000
vn -1.000000 0.000000 -0.000000
vn -1.000000 0.000000 -0.000000
vn -1.000000 0.000000 -0.000000
vn -1.000000 0.000000 0.000000
vn 0.999690 0.024916 0.000000
vn 0.999690 0.024916 0.000000
vn 0.997203 0.074746 0.000000
vn 0.997203 0.074746 0.000000
vn 0.992239 0.124345 0.000000
vn 0.992239 0.124345 0.000000
vn 0.984808 0.173647 0.000000
vn 0.974932 0.222503 0.000000
vn 0.984808 0.173647 0.000000
vn 0.974932 0.222503 0.000000
vn 0.962620 0.270856 0.000000
vn 0.962620 0.270856 0.000000
vn 0.947933 0.318469 0.000000
vn 0.947933 0.318469 0.000000
vn 0.930874 0.365341 0.000000
vn 0.911500 0.411300 0.000000
vn 0.930874 0.365341 0.000000
vn 0.911500 0.411300 0.000000
vn 0.889873 0.456208 0.000000
vn 0.866017 0.500015 0.000000
vn 0.889873 0.456208 0.000000
vn 0.866017 0.500015 0.000000
vn 0.840037 0.542530 0.000000
vn 0.840037 0.542530 0.000000
vn 0.811938 0.583744 0.000000
vn 0.811938 0.583744 0.000000
vn 0.781831 0.623491 0.000000
vn 0.781831 0.623491 0.000000
vn 0.749788 0.661678 0.000000
vn 0.749788 0.661678 0.000000
vn 0.715863 0.698241 0.000000
vn 0.715863 0.698241 0.000000
vn 0.680166 0.733058 0.000000
vn 0.680166 0.733058 0.000000
vn 0.642789 0.766043 0.000000
vn 0.642789 0.766043 0.000000
vn 0.603804 0.797133 0.000000
vn 0.603804 0.797133 0.000000
vn 0.563315 0.826242 0.000000
vn 0.563315 0.826242 0.000000
vn 0.521436 0.853291 0.000000
vn 0.521436 0.853291 0.000000
vn 0.478266 0.878215 0.000000
vn 0.478266 0.878215 0.000000
vn 0.433872 0.900974 0.000000
vn 0.433872 0.900974 0.000000
vn 0.388440 0.921474 0.000000
vn 0.388440 0.921474 0.000000
vn 0.342007 0.939697 0.000000
vn 0.294779 0.955565 0.000000
vn 0.342007 0.939697 0.000000
vn 0.294779 0.955565 0.000000
vn 0.246758 0.969077 0.000000
vn 0.198126 0.980177 0.000000
vn 0.246758 0.969077 0.000000
vn 0.198126 0.980177 0.000000
vn 0.149057 0.988828 0.000000
vn 0.149057 0.988828 0.000000
vn 0.099559 0.995032 0.000000
vn 0.099559 0.995032 0.000000
vn 0.049856 0.998756 0.000000
vn 0.000000 1.000000 0.000000
vn 0.049856 0.998756 0.000000
vn -0.049856 0.998756 0.000000
vn -0.000000 1.000000 0.000000
vn -0.049856 0.998756 0.000000
vn -0.099559 0.995032 0.000000
vn -0.099559 0.995032 0.000000
vn -0.149061 0.988828 0.000000
vn -0.198126 0.980177 0.000000
vn -0.149061 0.988828 0.000000
vn -0.198126 0.980177 0.000000
vn -0.246758 0.969077 0.000000
vn -0.246758 0.969077 0.000000
vn -0.294772 0.955568 0.000000
vn -0.294772 0.955568 0.000000
vn -0.342007 0.939697 0.000000
vn -0.342007 0.939697 0.000000
vn -0.388449 0.921470 0.000000
vn -0.388449 0.921470 0.000000
vn -0.433872 0.900974 0.000000
vn -0.433872 0.900974 0.000000
vn -0.478255 0.878221 0.000000
vn -0.478255 0.878221 0.000000
vn -0.521436 0.853291 0.000000
vn -0.521436 0.853291 0.000000
vn -0.563315 0.826242 0.000000
vn -0.563315 0.826242 0.000000
vn -0.603816 0.797123 0.000000
vn -0.603816 0.797123 0.000000
vn -0.642777 0.766053 0.000000
vn -0.642777 0.766053 0.000000
vn -0.680166 0.733058 0.000000
vn -0.680166 0.733058 0.000000
vn -0.715876 0.698228 0.000000
vn -0.715876 0.698228 0.000000
vn -0.749775 0.661693 0.000000
vn -0.749775 0.661693 0.000000
vn -0.781843 0.623475 0.000000
vn -0.781843 0.623475 0.000000
vn -0.811938 0.583744 0.000000
vn -0.811938 0.583744 0.000000
vn -0.840025 0.542548 0.000000
vn -0.840025 0.542548 0.000000
vn -0.866028 0.499995 0.000000
vn -0.866028 0.499995 0.000000
vn -0.889863 0.456229 0.000000
vn -0.889863 0.456229 0.000000
vn -0.911510 0.411279 0.000000
vn -0.911510 0.411279 0.000000
vn -0.930874 0.365341 0.000000
vn -0.930874 0.365341 0.000000
vn -0.947926 0.318491 0.000000
vn -0.947926 0.318491 0.000000
vn -0.962627 0.270832 0.000000
vn -0.962627 0.270832 0.000000
vn -0.974926 0.222527 0.000000
vn -0.974926 0.222527 0.000000
vn -0.984808 0.173647 0.000000
vn -0.984808 0.173647 0.000000
vn -0.992239 0.124345 0.000000
vn -0.992239 0.124345 0.000000
vn -0.997204 0.074721 0.000000
vn -0.997204 0.074721 0.000000
vn -0.999689 0.024941 0.000000
vn -0.999689 0.024941 0.000000
vn -0.999689 -0.024941 0.000000
vn -0.999689 -0.024941 -0.000000
vn -0.997204 -0.074721 0.000000
vn -0.997204 -0.074721 -0.000000
vn -0.992239 -0.124345 0.000000
vn -0.992239 -0.124345 -0.000000
vn -0.984808 -0.173647 0.000000
vn -0.984808 -0.173647 -0.000000
vn -0.974926 -0.222527 0.000000
vn -0.974926 -0.222527 -0.000000
vn -0.962627 -0.270832 0.000000
vn -0.962627 -0.270832 -0.000000
vn -0.947926 -0.318491 0.000000
vn -0.947926 -0.318491 -0.000000
vn -0.930874 -0.365341 0.000000
vn -0.930874 -0.365341 -0.000000
vn -0.911510 -0.411279 0.000000
vn -0.911510 -0.411279 -0.000000
vn -0.889863 -0.456229 0.000000
vn -0.889863 -0.456229 -0.000000
vn -0.866028 -0.499995 0.000000
vn -0.866028 -0.499995 -0.000000
vn -0.840025 -0.542548 -0.000000
vn -0.840025 -0.542548 0.000000
vn -0.811938 -0.583744 -0.000000
vn -0.811938 -0.583744 0.000000
vn -0.781843 -0.623475 -0.000000
vn -0.781843 -0.623475 0.000000
vn -0.749775 -0.661693 -0.000000
vn -0.749775 -0.661693 0.000000
vn -0.715876 -0.698228 -0.000000
vn -0.715876 -0.698228 0.000000
vn -0.680166 -0.733058 -0.000000
vn -0.680166 -0.733058 0.000000
vn -0.642777 -0.766053 -0.000000
vn -0.642777 -0.766053 0.000000
vn -0.603816 -0.797123 -0.000000
vn -0.603816 -0.797123 0.000000
vn -0.563315 -0.826242 -0.000000
vn -0.563315 -0.826242 0.000000
vn -0.521436 -0.853291 -0.000000
vn -0.478255 -0.878221 -0.000000
vn -0.521436 -0.853291 0.000000
vn -0.478255 -0.878221 -0.000000
vn -0.433872 -0.900974 -0.000000
vn -0.433872 -0.900974 0.000000
vn -0.388449 -0.921470 -0.000000
vn -0.388449 -0.921470 0.000000
vn -0.342007 -0.939697 0.000000
vn -0.342007 -0.939697 -0.000000
vn -0.294772 -0.955568 0.000000
vn -0.294772 -0.955568 -0.000000
vn -0.246758 -0.969077 0.000000
vn -0.246758 -0.969077 -0.000000
vn -0.198126 -0.980177 0.000000
vn -0.198126 -0.980177 -0.000000
vn -0.149061 -0.988828 -0.000000
vn -0.149061 -0.988828 0.000000
vn -0.099559 -0.995032 -0.000000
vn -0.099559 -0.995032 0.000000
vn -0.049856 -0.998756 -0.000000
vn -0.049856 -0.998756 0.000000
vn 0.000000 -1.000000 -0.000000
vn -0.000000 -1.000000 0.000000
vn 0.049856 -0.998756 0.000000
vn 0.049856 -0.998756 0.000000
vn 0.099559 -0.995032 0.000000
vn 0.099559 -0.995032 0.000000
vn 0.149057 -0.988828 0.000000
vn 0.149057 -0.988828 0.000000
vn 0.198126 -0.980177 0.000000
vn 0.198126 -0.980177 0.000000
vn 0.246758 -0.969077 0.000000
vn 0.246758 -0.969077 0.000000
vn 0.294779 -0.955565 0.000000
vn 0.294779 -0.955565 0.000000
vn 0.342007 -0.939697 0.000000
vn 0.342007 -0.939697 0.000000
vn 0.388440 -0.921474 0.000000
vn 0.433872 -0.900974 0.000000
vn 0.388440 -0.921474 0.000000
vn 0.433872 -0.900974 0.000000
vn 0.478266 -0.878215 0.000000
vn 0.478266 -0.878215 0.000000
vn 0.521436 -0.853291 0.000000
vn 0.563315 -0.826242 0.000000
vn 0.521436 -0.853291 0.000000
vn 0.563315 -0.826242 0.000000
vn 0.603804 -0.797133 0.000000
vn 0.603804 -0.797133 0.000000
vn 0.642789 -0.766043 0.000000
vn 0.642789 -0.766043 0.000000
vn 0.680166 -0.733058 0.000000
vn 0.680166 -0.733058 0.000000
vn 0.715863 -0.698241 0.000000
vn 0.749788 -0.661678 0.000000
vn 0.715863 -0.698241 0.000000
vn 0.781831 -0.623491 0.000000
vn 0.749788 -0.661678 0.000000
vn 0.781831 -0.623491 0.000000
vn 0.811938 -0.583744 0.000000
vn 0.840037 -0.542530 0.000000
vn 0.811938 -0.583744 0.000000
vn 0.840037 -0.542530 0.000000
vn 0.866017 -0.500015 0.000000
vn 0.866017 -0.500015 0.000000
vn 0.889873 -0.456208 0.000000
vn 0.889873 -0.456208 0.000000
vn 0.911500 -0.411300 0.000000
vn 0.911500 -0.411300 0.000000
vn 0.930874 -0.365341 0.000000
vn 0.930874 -0.365341 0.000000
vn 0.947933 -0.318469 0.000000
vn 0.947933 -0.318469 0.000000
vn 0.962620 -0.270856 0.000000
vn 0.962620 -0.270856 0.000000
vn 0.974932 -0.222503 0.000000
vn 0.974932 -0.222503 0.000000
vn 0.984808 -0.173647 0.000000
vn 0.984808 -0.173647 0.000000
vn 0.992239 -0.124345 0.000000
vn 0.992239 -0.124345 0.000000
vn 0.997203 -0.074746 0.000000
vn 0.997203 -0.074746 0.000000
vn 0.999690 -0.024916 0.000000
vn 0.999690 -0.024916 0.000000
vn 0.000000 0.000000 1.000000
vn 0.000000 0.000000 1.000000
vn 0.000000 0.000000 1.000000
vn 0.000000 0.000000 1.000000
vn 0.000000 0.000000 1.000000
vn 0.000000 0.000000 1.000000
vn 0.000000 0.000000 1.000000
vn 0.000000 0.000000 1.000000
vn 0.000000 0.000000 1.000000
vn 0.000000 0.000000 1.000000
vn 0.000000 0.000000 1.000000
vn 0.000000 0.000000 1.000000
vn 0.000000 0.000000 1.000000
vn 0.000000 0.000000 1.000000
vn 0.000000 0.000000 1.000000
vn 0.000000 0.000000 1.000000
vn 0.000000 0.000000 1.000000
vn 0.000000 0.000000 1.000000
vn 0.000000 0.000000 1.000000
vn 0.000000 0.000000 1.000000
vn 0.000000 0.000000 1.000000
vn 0.000000 0.000000 1.000000
vn 0.000000 0.000000 1.000000
vn 0.000000 0.000000 1.000000
vn 0.000000 0.000000 1.000000
vn 0.000000 0.000000 1.000000
vn 0.000000 0.000000 1.000000
vn 0.000000 0.000000 1.000000
vn 0.000000 0.000000 1.000000
vn 0.000000 0.000000 1.000000
vn 0.000000 0.000000 1.000000
vn 0.000000 0.000000 1.000000
vn 0.000000 0.000000 1.000000
vn 0.000000 0.000000 1.000000
vn 0.000000 0.000000 1.000000
vn 0.000000 0.000000 1.000000
vn 0.000000 0.000000 1.000000
vn 0.000000 0.000000 1.000000
vn 0.000000 0.000000 1.000000
vn 0.000000 0.000000 1.000000
vn 0.000000 0.000000 1.000000
vn 0.000000 0.000000 1.000000
vn 0.000000 0.000000 1.000000
vn 0.000000 0.000000 1.000000
vn 0.000000 0.000000 1.000000
vn 0.000000 0.000000 1.000000
vn 0.000000 0.000000 1.000000
vn 0.000000 0.000000 1.000000
vn 0.000000 0.000000 1.000000
vn 0.000000 0.000000 1.000000
vn 0.000000 0.000000 1.000000
vn 0.000000 0.000000 1.000000
vn 0.000000 0.000000 1.000000
vn 0.000000 0.000000 1.000000
vn 0.000000 0.000000 1.000000
vn 0.000000 0.000000 1.000000
vn 0.000000 0.000000 1.000000
vn 0.000000 0.000000 1.000000
vn 0.000000 0.000000 1.000000
vn 0.000000 0.000000 1.000000
vn 0.000000 0.000000 1.000000
vn 0.000000 0.000000 1.000000
vn 0.000000 0.000000 1.000000
vn 0.000000 0.000000 1.000000
vn 0.000000 0.000000 1.000000
vn 0.000000 0.000000 1.000000
vn 0.000000 0.000000 1.000000
vn 0.000000 0.000000 1.000000
vn 0.000000 0.000000 1.000000
vn 0.000000 0.000000 1.000000
vn 0.000000 0.000000 1.000000
vn 0.000000 0.000000 1.000000
vn 0.000000 0.000000 1.000000
vn 0.000000 0.000000 1.000000
vn 0.000000 0.000000 1.000000
vn 0.000000 0.000000 1.000000
vn 0.000000 0.000000 1.000000
vn 0.000000 0.000000 1.000000
vn 0.000000 0.000000 1.000000
vn 0.000000 0.000000 1.000000
vn 0.000000 0.000000 1.000000
vn 0.000000 0.000000 1.000000
vn 0.000000 0.000000 1.000000
vn 0.000000 0.000000 1.000000
vn 0.000000 0.000000 1.000000
vn 0.000000 0.000000 1.000000
vn 0.000000 0.000000 1.000000
vn 0.000000 0.000000 1.000000
vn 0.000000 0.000000 1.000000
vn 0.000000 0.000000 1.000000
vn 0.000000 0.000000 1.000000
vn 0.000000 0.000000 1.000000
vn 0.000000 0.000000 1.000000
vn 0.000000 0.000000 1.000000
vn 0.000000 0.000000 1.000000
vn 0.000000 0.000000 1.000000
vn 0.000000 0.000000 1.000000
vn 0.000000 0.000000 1.000000
vn 0.000000 0.000000 1.000000
vn 0.000000 0.000000 1.000000
vn 0.000000 0.000000 1.000000
vn 0.000000 0.000000 1.000000
vn 0.000000 0.000000 1.000000
vn 0.000000 0.000000 1.000000
vn 0.000000 0.000000 1.000000
vn 0.000000 0.000000 1.000000
vn 0.000000 0.000000 1.000000
vn 0.000000 0.000000 1.000000
vn 0.000000 0.000000 1.000000
vn 0.000000 0.000000 1.000000
vn 0.000000 0.000000 1.000000
vn 0.000000 0.000000 1.000000
vn 0.000000 0.000000 1.000000
vn 0.000000 0.000000 1.000000
vn 0.000000 0.000000 1.000000
vn 0.000000 0.000000 1.000000
vn 0.000000 0.000000 1.000000
vn 0.000000 0.000000 1.000000
vn 0.000000 0.000000 1.000000
vn 0.000000 0.000000 1.000000
vn 0.000000 0.000000 1.000000
vn 0.000000 0.000000 1.000000
vn 0.000000 0.000000 1.000000
vn 0.000000 0.000000 1.000000
vn 0.000000 0.000000 -1.000000
vn 0.000000 0.000000 -1.000000
vn 0.000000 0.000000 -1.000000
vn 0.000000 0.000000 -1.000000
vn 0.000000 0.000000 -1.000000
vn 0.000000 0.000000 -1.000000
vn 0.000000 0.000000 -1.000000
vn 0.000000 0.000000 -1.000000
vn 0.000000 0.000000 -1.000000
vn 0.000000 0.000000 -1.000000
vn 0.000000 0.000000 -1.000000
vn 0.000000 0.000000 -1.000000
vn 0.000000 0.000000 -1.000000
vn 0.000000 0.000000 -1.000000
vn 0.000000 0.000000 -1.000000
vn 0.000000 0.000000 -1.000000
vn 0.000000 0.000000 -1.000000
vn 0.000000 0.000000 -1.000000
vn 0.000000 0.000000 -1.000000
vn 0.000000 0.000000 -1.000000
vn 0.000000 0.000000 -1.000000
vn 0.000000 0.000000 -1.000000
vn 0.000000 0.000000 -1.000000
vn 0.000000 0.000000 -1.000000
vn 0.000000 -0.000000 -1.000000
vn 0.000000 0.000000 -1.000000
vn 0.000000 0.000000 -1.000000
vn 0.000000 0.000000 -1.000000
vn 0.000000 0.000000 -1.000000
vn 0.000000 -0.000000 -1.000000
vn 0.000000 -0.000000 -1.000000
vn 0.000000 -0.000000 -1.000000
vn 0.000000 0.000000 -1.000000
vn 0.000000 0.000000 -1.000000
vn 0.000000 0.000000 -1.000000
vn 0.000000 0.000000 -1.000000
vn 0.000000 -0.000000 -1.000000
vn 0.000000 0.000000 -1.000000
vn 0.000000 0.000000 -1.000000
vn 0.000000 0.000000 -1.000000
vn 0.000000 -0.000000 -1.000000
vn 0.000000 -0.000000 -1.000000
vn 0.000000 -0.000000 -1.000000
vn 0.000000 -0.000000 -1.000000
vn 0.000000 0.000000 -1.000000
vn 0.000000 0.000000 -1.000000
vn 0.000000 0.000000 -1.000000
vn 0.000000 0.000000 -1.000000
vn 0.000000 0.000000 -1.000000
vn 0.000000 -0.000000 -1.000000
vn 0.000000 -0.000000 -1.000000
vn 0.000000 0.000000 -1.000000
vn 0.000000 0.000000 -1.000000
vn 0.000000 0.000000 -1.000000
vn 0.000000 -0.000000 -1.000000
vn 0.000000 -0.000000 -1.000000
vn 0.000000 0.000000 -1.000000
vn 0.000000 0.000000 -1.000000
vn 0.000000 0.000000 -1.000000
vn 0.000000 -0.000000 -1.000000
vn 0.000000 -0.000000 -1.000000
vn 0.000000 0.000000 -1.000000
vn 0.000000 0.000000 -1.000000
vn 0.000000 -0.000000 -1.000000
vn 0.000000 -0.000000 -1.000000
vn 0.000000 -0.000000 -1.000000
vn 0.000000 -0.000000 -1.000000
vn 0.000000 0.000000 -1.000000
vn 0.000000 0.000000 -1.000000
vn 0.000000 0.000000 -1.000000
vn 0.000000 0.000000 -1.000000
vn 0.000000 0.000000 -1.000000
vn 0.000000 0.000000 -1.000000
vn 0.000000 0.000000 -1.000000
vn 0.000000 0.000000 -1.000000
vn 0.000000 0.000000 -1.000000
vn 0.000000 -0.000000 -1.000000
vn 0.000000 -0.000000 -1.000000
vn 0.000000 -0.000000 -1.000000
vn 0.000000 -0.000000 -1.000000
vn 0.000000 -0.000000 -1.000000
vn 0.000000 -0.000000 -1.000000
vn 0.000000 0.000000 -1.000000
vn 0.000000 0.000000 -1.000000
vn 0.000000 0.000000 -1.000000
vn 0.000000 0.000000 -1.000000
vn 0.000000 -0.000000 -1.000000
vn 0.000000 -0.000000 -1.000000
vn 0.000000 -0.000000 -1.000000
vn 0.000000 0.000000 -1.000000
vn -0.000000 -0.000000 -1.000000
vn -0.000000 -0.000000 -1.000000
vn 0.000000 0.000000 -1.000000
vn -0.000000 -0.000000 -1.000000
vn -0.000000 -0.000000 -1.000000
vn 0.000000 0.000000 -1.000000
vn 0.000000 0.000000 -1.000000
vn 0.000000 0.000000 -1.000000
vn 0.000000 0.000000 -1.000000
vn 0.000000 0.000000 -1.000000
vn -0.000000 -0.000000 -1.000000
vn -0.000000 -0.000000 -1.000000
vn 0.000000 0.000000 -1.000000
vn -0.000000 -0.000000 -1.000000
vn -0.000000 -0.000000 -1.000000
vn -0.000000 -0.000000 -1.000000
vn 0.000000 0.000000 -1.000000
vn 0.000000 0.000000 -1.000000
vn 0.000000 0.000000 -1.000000
vn 0.000000 -0.000000 -1.000000
vn 0.000000 0.000000 -1.000000
vn 0.000000 0.000000 -1.000000
vn 0.000000 0.000000 -1.000000
vn 0.000000 0.000000 -1.000000
vn -0.000000 -0.000000 -1.000000
vn 0.000000 -0.000000 -1.000000
vn 0.000000 0.000000 -1.000000
vn -0.000000 -0.000000 -1.000000
vn 0.000000 0.000000 -1.000000
vn -0.000000 -0.000000 -1.000000
vn -0.000000 -0.000000 -1.000000
vn -0.000000 -0.000000 -1.000000
vn -0.000000 -0.000000 -1.000000
vn 0.000000 0.000000 -1.000000
vn 0.999689 0.024941 0.000000
vn 0.999689 0.024941 0.000000
vn 0.997204 0.074721 0.000000
vn 0.997204 0.074721 0.000000
vn 0.992239 0.124345 0.000000
vn 0.992239 0.124345 0.000000
vn 0.984808 0.173647 0.000000
vn 0.974926 0.222527 0.000000
vn 0.984808 0.173647 0.000000
vn 0.974926 0.222527 0.000000
vn 0.962627 0.270832 0.000000
vn 0.962627 0.270832 0.000000
vn 0.947926 0.318491 0.000000
vn 0.947926 0.318491 0.000000
vn 0.930874 0.365341 0.000000
vn 0.911510 0.411279 0.000000
vn 0.930874 0.365341 0.000000
vn 0.911510 0.411279 0.000000
vn 0.889863 0.456229 0.000000
vn 0.866028 0.499995 0.000000
vn 0.889863 0.456229 0.000000
vn 0.866028 0.499995 0.000000
vn 0.840025 0.542548 0.000000
vn 0.840025 0.542548 0.000000
vn 0.811938 0.583744 0.000000
vn 0.811938 0.583744 0.000000
vn 0.781843 0.623475 0.000000
vn 0.781843 0.623475 0.000000
vn 0.749775 0.661693 0.000000
vn 0.749775 0.661693 0.000000
vn 0.715876 0.698228 0.000000
vn 0.715876 0.698228 0.000000
vn 0.680166 0.733058 0.000000
vn 0.680166 0.733058 0.000000
vn 0.642777 0.766053 0.000000
vn 0.642777 0.766053 0.000000
vn 0.603816 0.797123 0.000000
vn 0.603816 0.797123 0.000000
vn 0.563315 0.826242 0.000000
vn 0.563315 0.826242 0.000000
vn 0.521436 0.853291 0.000000
vn 0.521436 0.853291 0.000000
vn 0.478255 0.878221 0.000000
vn 0.478255 0.878221 0.000000
vn 0.433872 0.900974 0.000000
vn 0.433872 0.900974 0.000000
vn 0.388449 0.921470 0.000000
vn 0.388449 0.921470 0.000000
vn 0.342007 0.939697 0.000000
vn 0.294772 0.955568 0.000000
vn 0.342007 0.939697 0.000000
vn 0.294772 0.955568 0.000000
vn 0.246758 0.969077 0.000000
vn 0.198126 0.980177 0.000000
vn 0.246758 0.969077 0.000000
vn 0.198126 0.980177 0.000000
vn 0.149061 0.988828 0.000000
vn 0.149061 0.988828 0.000000
vn 0.099559 0.995032 0.000000
vn 0.099559 0.995032 0.000000
vn 0.049856 0.998756 0.000000
vn 0.000000 1.000000 0.000000
vn 0.049856 0.998756 0.000000
vn -0.049856 0.998756 0.000000
vn -0.000000 1.000000 0.000000
vn -0.049856 0.998756 0.000000
vn -0.099559 0.995032 0.000000
vn -0.099559 0.995032 0.000000
vn -0.149057 0.988828 0.000000
vn -0.198126 0.980177 0.000000
vn -0.149057 0.988828 0.000000
vn -0.198126 0.980177 0.000000
vn -0.246758 0.969077 0.000000
vn -0.246758 0.969077 0.000000
vn -0.294779 0.955565 0.000000
vn -0.294779 0.955565 0.000000
vn -0.342007 0.939697 0.000000
vn -0.342007 0.939697 0.000000
vn -0.388440 0.921474 0.000000
vn -0.388440 0.921474 0.000000
vn -0.433872 0.900974 0.000000
vn -0.433872 0.900974 0.000000
vn -0.478266 0.878215 0.000000
vn -0.478266 0.878215 0.000000
vn -0.521436 0.853291 0.000000
vn -0.521436 0.853291 0.000000
vn -0.563315 0.826242 0.000000
vn -0.563315 0.826242 0.000000
vn -0.603804 0.797133 0.000000
vn -0.603804 0.797133 0.000000
vn -0.642789 0.766043 0.000000
vn -0.642789 0.766043 0.000000
vn -0.680166 0.733058 0.000000
vn -0.680166 0.733058 0.000000
vn -0.715863 0.698241 0.000000
vn -0.715863 0.698241 0.000000
vn -0.749788 0.661678 0.000000
vn -0.749788 0.661678 0.000000
vn -0.781831 0.623491 0.000000
vn -0.781831 0.623491 0.000000
vn -0.811938 0.583744 0.000000
vn -0.811938 0.583744 0.000000
vn -0.840037 0.542530 0.000000
vn -0.840037 0.542530 0.000000
vn -0.866017 0.500015 0.000000
vn -0.866017 0.500015 0.000000
vn -0.889873 0.456208 0.000000
vn -0.889873 0.456208 0.000000
vn -0.911500 0.411300 0.000000
vn -0.911500 0.411300 0.000000
vn -0.930874 0.365341 0.000000
vn -0.930874 0.365341 0.000000
vn -0.947933 0.318469 0.000000
vn -0.947933 0.318469 0.000000
vn -0.962620 0.270856 0.000000
vn -0.962620 0.270856 0.000000
vn -0.974932 0.222503 0.000000
vn -0.974932 0.222503 0.000000
vn -0.984808 0.173647 0.000000
vn -0.984808 0.173647 0.000000
vn -0.992239 0.124345 0.000000
vn -0.992239 0.124345 0.000000
vn -0.997203 0.074746 0.000000
vn -0.997203 0.074746 0.000000
vn -0.999690 0.024916 0.000000
vn -0.999690 0.024916 0.000000
vn -0.999690 -0.024916 0.000000
vn -0.999690 -0.024916 -0.000000
vn -0.997203 -0.074746 0.000000
vn -0.997203 -0.074746 -0.000000
vn -0.992239 -0.124345 0.000000
vn -0.992239 -0.124345 -0.000000
vn -0.984808 -0.173647 0.000000
vn -0.984808 -0.173647 -0.000000
vn -0.974932 -0.222503 0.000000
vn -0.974932 -0.222503 -0.000000
vn -0.962620 -0.270856 0.000000
vn -0.962620 -0.270856 -0.000000
vn -0.947933 -0.318469 0.000000
vn -0.947933 -0.318469 -0.000000
vn -0.930874 -0.365341 0.000000
vn -0.930874 -0.365341 -0.000000
vn -0.911500 -0.411300 0.000000
vn -0.911500 -0.411300 -0.000000
vn -0.889873 -0.456208 0.000000
vn -0.889873 -0.456208 -0.000000
vn -0.866017 -0.500015 0.000000
vn -0.866017 -0.500015 -0.000000
vn -0.840037 -0.542530 -0.000000
vn -0.840037 -0.542530 0.000000
vn -0.811938 -0.583744 -0.000000
vn -0.811938 -0.583744 0.000000
vn -0.781831 -0.623491 -0.000000
vn -0.781831 -0.623491 0.000000
vn -0.749788 -0.661678 -0.000000
vn -0.749788 -0.661678 0.000000
vn -0.715863 -0.698241 -0.000000
vn -0.715863 -0.698241 0.000000
vn -0.680166 -0.733058 -0.000000
vn -0.680166 -0.733058 0.000000
vn -0.642789 -0.766043 -0.000000
vn -0.642789 -0.766043 0.000000
vn -0.603804 -0.797133 -0.000000
vn -0.603804 -0.797133 0.000000
vn -0.563315 -0.826242 -0.000000
vn -0.563315 -0.826242 0.000000
vn -0.521436 -0.853291 -0.000000
vn -0.478266 -0.878215 -0.000000
vn -0.521436 -0.853291 0.000000
vn -0.478266 -0.878215 -0.000000
vn -0.433872 -0.900974 -0.000000
vn -0.433872 -0.900974 0.000000
vn -0.388440 -0.921474 -0.000000
vn -0.388440 -0.921474 0.000000
vn -0.342007 -0.939697 0.000000
vn -0.342007 -0.939697 -0.000000
vn -0.294779 -0.955565 0.000000
vn -0.294779 -0.955565 -0.000000
vn -0.246758 -0.969077 0.000000
vn -0.246758 -0.969077 -0.000000
vn -0.198126 -0.980177 0.000000
vn -0.198126 -0.980177 -0.000000
vn -0.149057 -0.988828 -0.000000
vn -0.149057 -0.988828 0.000000
vn -0.099559 -0.995032 -0.000000
vn -0.099559 -0.995032 0.000000
vn -0.049856 -0.998756 -0.000000
vn -0.049856 -0.998756 0.000000
vn 0.000000 -1.000000 -0.000000
vn -0.000000 -1.000000 0.000000
vn 0.049856 -0.998756 0.000000
vn 0.049856 -0.998756 0.000000
vn 0.099559 -0.995032 0.000000
vn 0.099559 -0.995032 0.000000
vn 0.149061 -0.988828 0.000000
vn 0.149061 -0.988828 0.000000
vn 0.198126 -0.980177 0.000000
vn 0.198126 -0.980177 0.000000
vn 0.246758 -0.969077 0.000000
vn 0.246758 -0.969077 0.000000
vn 0.294772 -0.955568 0.000000
vn 0.294772 -0.955568 0.000000
vn 0.342007 -0.939697 0.000000
vn 0.342007 -0.939697 0.000000
vn 0.388449 -0.921470 0.000000
vn 0.433872 -0.900974 0.000000
vn 0.388449 -0.921470 0.000000
vn 0.433872 -0.900974 0.000000
vn 0.478255 -0.878221 0.000000
vn 0.478255 -0.878221 0.000000
vn 0.521436 -0.853291 0.000000
vn 0.563315 -0.826242 0.000000
vn 0.521436 -0.853291 0.000000
vn 0.563315 -0.826242 0.000000
vn 0.603816 -0.797123 0.000000
vn 0.603816 -0.797123 0.000000
vn 0.642777 -0.766053 0.000000
vn 0.642777 -0.766053 0.000000
vn 0.680166 -0.733058 0.000000
vn 0.680166 -0.733058 0.000000
vn 0.715876 -0.698228 0.000000
vn 0.749775 -0.661693 0.000000
vn 0.715876 -0.698228 0.000000
vn 0.781843 -0.623475 0.000000
vn 0.749775 -0.661693 0.000000
vn 0.781843 -0.623475 0.000000
vn 0.811938 -0.583744 0.000000
vn 0.840025 -0.542548 0.000000
vn 0.811938 -0.583744 0.000000
vn 0.840025 -0.542548 0.000000
vn 0.866028 -0.499995 0.000000
vn 0.866028 -0.499995 0.000000
vn 0.889863 -0.456229 0.000000
vn 0.889863 -0.456229 0.000000
vn 0.911510 -0.411279 0.000000
vn 0.911510 -0.411279 0.000000
vn 0.930874 -0.365341 0.000000
vn 0.930874 -0.365341 0.000000
vn 0.947926 -0.318491 0.000000
vn 0.947926 -0.318491 0.000000
vn 0.962627 -0.270832 0.000000
vn 0.962627 -0.270832 0.000000
vn 0.974926 -0.222527 0.000000
vn 0.974926 -0.222527 0.000000
vn 0.984808 -0.173647 0.000000
vn 0.984808 -0.173647 0.000000
vn 0.992239 -0.124345 0.000000
vn 0.992239 -0.124345 0.000000
vn 0.997204 -0.074721 0.000000
vn 0.997204 -0.074721 0.000000
vn 0.999689 -0.024941 0.000000
vn 0.999689 -0.024941 0.000000
vn 0.000000 0.000000 1.000000
vn 0.000000 0.000000 1.000000
vn 0.000000 0.000000 1.000000
vn 0.000000 0.000000 1.000000
vn 0.000000 0.000000 1.000000
vn 0.000000 0.000000 1.000000
vn 0.000000 0.000000 1.000000
vn 0.000000 0.000000 1.000000
vn 0.000000 0.000000 1.000000
vn 0.000000 0.000000 1.000000
vn 0.000000 0.000000 1.000000
vn 0.000000 0.000000 1.000000
vn 0.000000 0.000000 1.000000
vn 0.000000 0.000000 1.000000
vn 0.000000 0.000000 1.000000
vn 0.000000 0.000000 1.000000
vn 0.000000 0.000000 1.000000
vn 0.000000 0.000000 1.000000
vn 0.000000 0.000000 1.000000
vn 0.000000 0.000000 1.000000
vn 0.000000 0.000000 1.000000
vn 0.000000 0.000000 1.000000
vn 0.000000 0.000000 1.000000
vn 0.000000 0.000000 1.000000
vn 0.000000 0.000000 1.000000
vn 0.000000 0.000000 1.000000
vn 0.000000 0.000000 1.000000
vn 0.000000 0.000000 1.000000
vn 0.000000 0.000000 1.000000
vn 0.000000 0.000000 1.000000
vn 0.000000 0.000000 1.000000
vn 0.000000 0.000000 1.000000
vn 0.000000 0.000000 1.000000
vn 0.000000 0.000000 1.000000
vn 0.000000 0.000000 1.000000
vn 0.000000 0.000000 1.000000
vn 0.000000 0.000000 1.000000
vn 0.000000 0.000000 1.000000
vn 0.000000 0.000000 1.000000
vn 0.000000 0.000000 1.000000
vn 0.000000 0.000000 1.000000
vn 0.000000 0.000000 1.000000
vn 0.000000 0.000000 1.000000
vn 0.000000 0.000000 1.000000
vn 0.000000 0.000000 1.000000
vn 0.000000 0.000000 1.000000
vn 0.000000 0.000000 1.000000
vn 0.000000 0.000000 1.000000
vn 0.000000 0.000000 1.000000
vn 0.000000 0.000000 1.000000
vn 0.000000 0.000000 1.000000
vn 0.000000 0.000000 1.000000
vn 0.000000 0.000000 1.000000
vn 0.000000 0.000000 1.000000
vn 0.000000 0.000000 1.000000
vn 0.000000 0.000000 1.000000
vn 0.000000 0.000000 1.000000
vn 0.000000 0.000000 1.000000
vn 0.000000 0.000000 1.000000
vn 0.000000 0.000000 1.000000
vn 0.000000 0.000000 1.000000
vn 0.000000 0.000000 1.000000
vn 0.000000 0.000000 1.000000
vn 0.000000 0.000000 1.000000
vn 0.000000 0.000000 1.000000
vn 0.000000 0.000000 1.000000
vn 0.000000 0.000000 1.000000
vn 0.000000 0.000000 1.000000
vn 0.000000 0.000000 1.000000
vn 0.000000 0.000000 1.000000
vn 0.000000 0.000000 1.000000
vn 0.000000 0.000000 1.000000
vn 0.000000 0.000000 1.000000
vn 0.000000 0.000000 1.000000
vn 0.000000 0.000000 1.000000
vn 0.000000 0.000000 1.000000
vn 0.000000 0.000000 1.000000
vn 0.000000 0.000000 1.000000
vn 0.000000 0.000000 1.000000
vn 0.000000 0.000000 1.000000
vn 0.000000 0.000000 1.000000
vn 0.000000 0.000000 1.000000
vn 0.000000 0.000000 1.000000
vn 0.000000 0.000000 1.000000
vn 0.000000 0.000000 1.000000
vn 0.000000 0.000000 1.000000
vn 0.000000 0.000000 1.000000
vn 0.000000 0.000000 1.000000
vn 0.000000 0.000000 1.000000
vn 0.000000 0.000000 1.000000
vn 0.000000 0.000000 1.000000
vn 0.000000 0.000000 1.000000
vn 0.000000 0.000000 1.000000
vn 0.000000 0.000000 1.000000
vn 0.000000 0.000000 1.000000
vn 0.000000 0.000000 1.000000
vn 0.000000 0.000000 1.000000
vn 0.000000 0.000000 1.000000
vn 0.000000 0.000000 1.000000
vn 0.000000 0.000000 1.000000
vn 0.000000 0.000000 1.000000
vn 0.000000 0.000000 1.000000
vn 0.000000 0.000000 1.000000
vn 0.000000 0.000000 1.000000
vn 0.000000 0.000000 1.000000
vn 0.000000 0.000000 1.000000
vn 0.000000 0.000000 1.000000
vn 0.000000 0.000000 1.000000
vn 0.000000 0.000000 1.000000
vn 0.000000 0.000000 1.000000
vn 0.000000 0.000000 1.000000
vn 0.000000 0.000000 1.000000
vn 0.000000 0.000000 1.000000
vn 0.000000 0.000000 1.000000
vn 0.000000 0.000000 1.000000
vn 0.000000 0.000000 1.000000
vn 0.000000 0.000000 1.000000
vn 0.000000 0.000000 1.000000
vn 0.000000 0.000000 1.000000
vn 0.000000 0.000000 1.000000
vn 0.000000 0.000000 1.000000
vn 0.000000 0.000000 1.000000
vn 0.000000 0.000000 1.000000
vn 0.000000 0.000000 1.000000
vn 0.000000 0.000000 -1.000000
vn 0.000000 0.000000 -1.000000
vn 0.000000 0.000000 -1.000000
vn 0.000000 0.000000 -1.000000
vn 0.000000 0.000000 -1.000000
vn 0.000000 0.000000 -1.000000
vn 0.000000 0.000000 -1.000000
vn 0.000000 0.000000 -1.000000
vn 0.000000 0.000000 -1.000000
vn 0.000000 0.000000 -1.000000
vn 0.000000 0.000000 -1.000000
vn 0.000000 0.000000 -1.000000
vn 0.000000 0.000000 -1.000000
vn 0.000000 0.000000 -1.000000
vn 0.000000 0.000000 -1.000000
vn 0.000000 0.000000 -1.000000
vn 0.000000 0.000000 -1.000000
vn 0.000000 0.000000 -1.000000
vn 0.000000 0.000000 -1.000000
vn 0.000000 0.000000 -1.000000
vn 0.000000 0.000000 -1.000000
vn 0.000000 0.000000 -1.000000
vn 0.000000 0.000000 -1.000000
vn 0.000000 0.000000 -1.000000
vn 0.000000 -0.000000 -1.000000
vn 0.000000 0.000000 -1.000000
vn 0.000000 0.000000 -1.000000
vn 0.000000 0.000000 -1.000000
vn 0.000000 0.000000 -1.000000
vn 0.000000 -0.000000 -1.000000
vn 0.000000 -0.000000 -1.000000
vn 0.000000 -0.000000 -1.000000
vn 0.000000 0.000000 -1.000000
vn 0.000000 0.000000 -1.000000
vn 0.000000 0.000000 -1.000000
vn 0.000000 0.000000 -1.000000
vn 0.000000 -0.000000 -1.000000
vn 0.000000 0.000000 -1.000000
vn 0.000000 0.000000 -1.000000
vn 0.000000 0.000000 -1.000000
vn 0.000000 -0.000000 -1.000000
vn 0.000000 -0.000000 -1.000000
vn 0.000000 -0.000000 -1.000000
vn 0.000000 -0.000000 -1.000000
vn 0.000000 0.000000 -1.000000
vn 0.000000 0.000000 -1.000000
vn 0.000000 0.000000 -1.000000
vn 0.000000 0.000000 -1.000000
vn 0.000000 0.000000 -1.000000
vn 0.000000 -0.000000 -1.000000
vn 0.000000 -0.000000 -1.000000
vn 0.000000 0.000000 -1.000000
vn 0.000000 0.000000 -1.000000
vn 0.000000 0.000000 -1.000000
vn 0.000000 -0.000000 -1.000000
vn 0.000000 -0.000000 -1.000000
vn 0.000000 0.000000 -1.000000
vn 0.000000 0.000000 -1.000000
vn 0.000000 0.000000 -1.000000
vn 0.000000 -0.000000 -1.000000
vn 0.000000 -0.000000 -1.000000
vn 0.000000 0.000000 -1.000000
vn 0.000000 0.000000 -1.000000
vn 0.000000 -0.000000 -1.000000
vn 0.000000 -0.000000 -1.000000
vn 0.000000 -0.000000 -1.000000
vn 0.000000 -0.000000 -1.000000
vn 0.000000 0.000000 -1.000000
vn 0.000000 0.000000 -1.000000
vn 0.000000 0.000000 -1.000000
vn 0.000000 0.000000 -1.000000
vn 0.000000 0.000000 -1.000000
vn 0.000000 0.000000 -1.000000
vn 0.000000 0.000000 -1.000000
vn 0.000000 0.000000 -1.000000
vn 0.000000 0.000000 -1.000000
vn 0.000000 -0.000000 -1.000000
vn 0.000000 -0.000000 -1.000000
vn 0.000000 -0.000000 -1.000000
vn 0.000000 -0.000000 -1.000000
vn 0.000000 -0.000000 -1.000000
vn 0.000000 -0.000000 -1.000000
vn 0.000000 0.000000 -1.000000
vn 0.000000 0.000000 -1.000000
vn 0.000000 0.000000 -1.000000
vn 0.000000 0.000000 -1.000000
vn 0.000000 -0.000000 -1.000000
vn 0.000000 -0.000000 -1.000000
vn 0.000000 -0.000000 -1.000000
vn 0.000000 0.000000 -1.000000
vn -0.000000 -0.000000 -1.000000
vn -0.000000 -0.000000 -1.000000
vn 0.000000 0.000000 -1.000000
vn -0.000000 -0.000000 -1.000000
vn -0.000000 -0.000000 -1.000000
vn 0.000000 0.000000 -1.000000
vn 0.000000 0.000000 -1.000000
vn 0.000000 0.000000 -1.000000
vn 0.000000 0.000000 -1.000000
vn 0.000000 0.000000 -1.000000
vn -0.000000 -0.000000 -1.000000
vn -0.000000 -0.000000 -1.000000
vn 0.000000 0.000000 -1.000000
vn -0.000000 -0.000000 -1.000000
vn -0.000000 -0.000000 -1.000000
vn -0.000000 -0.000000 -1.000000
vn 0.000000 0.000000 -1.000000
vn 0.000000 0.000000 -1.000000
vn 0.000000 0.000000 -1.000000
vn 0.000000 -0.000000 -1.000000
vn 0.000000 0.000000 -1.000000
vn 0.000000 0.000000 -1.000000
vn 0.000000 0.000000 -1.000000
vn 0.000000 0.000000 -1.000000
vn -0.000000 -0.000000 -1.000000
vn 0.000000 -0.000000 -1.000000
vn 0.000000 0.000000 -1.000000
vn -0.000000 -0.000000 -1.000000
vn 0.000000 0.000000 -1.000000
vn -0.000000 -0.000000 -1.000000
vn -0.000000 -0.000000 -1.000000
vn -0.000000 -0.000000 -1.000000
vn -0.000000 -0.000000 -1.000000
vn 0.000000 0.000000 -1.000000
vn 0.000000 -0.024941 0.999689
vn 0.000000 -0.024941 0.999689
vn 0.000000 -0.074721 0.997204
vn 0.000000 -0.124345 0.992239
vn 0.000000 -0.074721 0.997204
vn 0.000000 -0.124345 0.992239
vn 0.000000 -0.173622 0.984812
vn 0.000000 -0.173622 0.984812
vn 0.000000 -0.222527 0.974927
vn 0.000000 -0.270832 0.962627
vn 0.000000 -0.222527 0.974927
vn 0.000000 -0.270832 0.962627
vn 0.000000 -0.318514 0.947918
vn 0.000000 -0.365342 0.930874
vn 0.000000 -0.318514 0.947918
vn 0.000000 -0.365342 0.930874
vn 0.000000 -0.411300 0.911500
vn 0.000000 -0.456188 0.889883
vn 0.000000 -0.411300 0.911500
vn 0.000000 -0.499995 0.866028
vn 0.000000 -0.456188 0.889883
vn 0.000000 -0.499995 0.866028
vn 0.000000 -0.542566 0.840013
vn 0.000000 -0.542566 0.840013
vn 0.000000 -0.583744 0.811938
vn 0.000000 -0.583744 0.811938
vn 0.000000 -0.623475 0.781843
vn 0.000000 -0.623475 0.781843
vn 0.000000 -0.661678 0.749788
vn 0.000000 -0.661678 0.749788
vn 0.000000 -0.698241 0.715863
vn 0.000000 -0.698241 0.715863
vn 0.000000 -0.733070 0.680154
vn 0.000000 -0.733070 0.680154
vn 0.000000 -0.766043 0.642789
vn 0.000000 -0.766043 0.642789
vn 0.000000 -0.797133 0.603804
vn 0.000000 -0.797133 0.603804
vn 0.000000 -0.826234 0.563327
vn 0.000000 -0.826234 0.563327
vn 0.000000 -0.853291 0.521436
vn 0.000000 -0.853291 0.521436
vn 0.000000 -0.878221 0.478255
vn 0.000000 -0.878221 0.478255
vn 0.000000 -0.900970 0.433882
vn 0.000000 -0.900970 0.433882
vn 0.000000 -0.921474 0.388440
vn 0.000000 -0.921474 0.388440
vn 0.000000 -0.939697 0.342007
vn 0.000000 -0.955565 0.294779
vn 0.000000 -0.939697 0.342007
vn 0.000000 -0.955565 0.294779
vn 0.000000 -0.969077 0.246758
vn 0.000000 -0.980177 0.198122
vn 0.000000 -0.969077 0.246758
vn 0.000000 -0.980177 0.198122
vn 0.000000 -0.988828 0.149061
vn 0.000000 -0.995032 0.099559
vn 0.000000 -0.988828 0.149061
vn 0.000000 -0.998756 0.049856
vn 0.000000 -0.995032 0.099559
vn 0.000000 -0.998756 0.049856
vn 0.000000 -1.000000 0.000000
vn 0.000000 -1.000000 0.000000
vn -0.000000 -0.998756 -0.049856
vn 0.000000 -0.998756 -0.049856
vn -0.000000 -0.995032 -0.099559
vn 0.000000 -0.995032 -0.099559
vn -0.000000 -0.988828 -0.149061
vn 0.000000 -0.988828 -0.149061
vn -0.000000 -0.980177 -0.198122
vn -0.000000 -0.969077 -0.246758
vn 0.000000 -0.980177 -0.198122
vn -0.000000 -0.969077 -0.246758
vn 0.000000 -0.955565 -0.294779
vn -0.000000 -0.955565 -0.294779
vn 0.000000 -0.939697 -0.342007
vn -0.000000 -0.939697 -0.342007
vn 0.000000 -0.921470 -0.388449
vn -0.000000 -0.921470 -0.388449
vn -0.000000 -0.900979 -0.433862
vn -0.000000 -0.900979 -0.433862
vn 0.000000 -0.878215 -0.478266
vn -0.000000 -0.878215 -0.478266
vn 0.000000 -0.853291 -0.521436
vn -0.000000 -0.853291 -0.521436
vn 0.000000 -0.826242 -0.563316
vn -0.000000 -0.826242 -0.563316
vn 0.000000 -0.797123 -0.603816
vn -0.000000 -0.797123 -0.603816
vn 0.000000 -0.766053 -0.642777
vn -0.000000 -0.766053 -0.642777
vn 0.000000 -0.733058 -0.680166
vn -0.000000 -0.733058 -0.680166
vn 0.000000 -0.698228 -0.715876
vn -0.000000 -0.698228 -0.715876
vn -0.000000 -0.661692 -0.749775
vn -0.000000 -0.661692 -0.749775
vn 0.000000 -0.623491 -0.781831
vn -0.000000 -0.623491 -0.781831
vn 0.000000 -0.583744 -0.811938
vn -0.000000 -0.583744 -0.811938
vn 0.000000 -0.542530 -0.840037
vn -0.000000 -0.542530 -0.840037
vn -0.000000 -0.500015 -0.866017
vn -0.000000 -0.500015 -0.866017
vn 0.000000 -0.456208 -0.889873
vn -0.000000 -0.456208 -0.889873
vn 0.000000 -0.411279 -0.911510
vn -0.000000 -0.411279 -0.911510
vn 0.000000 -0.365342 -0.930874
vn -0.000000 -0.365342 -0.930874
vn 0.000000 -0.318491 -0.947926
vn -0.000000 -0.318491 -0.947926
vn -0.000000 -0.270832 -0.962627
vn 0.000000 -0.270832 -0.962627
vn -0.000000 -0.222527 -0.974927
vn -0.000000 -0.173647 -0.984808
vn 0.000000 -0.222527 -0.974927
vn -0.000000 -0.173647 -0.984808
vn -0.000000 -0.124345 -0.992239
vn -0.000000 -0.074721 -0.997204
vn 0.000000 -0.124345 -0.992239
vn -0.000000 -0.074721 -0.997204
vn -0.000000 -0.024941 -0.999689
vn -0.000000 -0.024941 -0.999689
vn 0.000000 0.024941 -0.999689
vn 0.000000 0.024941 -0.999689
vn 0.000000 0.074721 -0.997204
vn 0.000000 0.074721 -0.997204
vn 0.000000 0.124345 -0.992239
vn 0.000000 0.124345 -0.992239
vn 0.000000 0.173647 -0.984808
vn 0.000000 0.173647 -0.984808
vn 0.000000 0.222527 -0.974927
vn 0.000000 0.222527 -0.974927
vn 0.000000 0.270832 -0.962627
vn 0.000000 0.270832 -0.962627
vn 0.000000 0.318491 -0.947926
vn 0.000000 0.318491 -0.947926
vn 0.000000 0.365342 -0.930874
vn 0.000000 0.365342 -0.930874
vn 0.000000 0.411279 -0.911510
vn 0.000000 0.411279 -0.911510
vn 0.000000 0.456208 -0.889873
vn 0.000000 0.456208 -0.889873
vn 0.000000 0.500015 -0.866017
vn 0.000000 0.500015 -0.866017
vn 0.000000 0.542530 -0.840037
vn 0.000000 0.542530 -0.840037
vn 0.000000 0.583744 -0.811938
vn 0.000000 0.623491 -0.781831
vn 0.000000 0.583744 -0.811938
vn 0.000000 0.623491 -0.781831
vn 0.000000 0.661692 -0.749775
vn 0.000000 0.698228 -0.715876
vn 0.000000 0.661692 -0.749775
vn 0.000000 0.698228 -0.715876
vn 0.000000 0.733058 -0.680166
vn 0.000000 0.733058 -0.680166
vn 0.000000 0.766053 -0.642777
vn 0.000000 0.766053 -0.642777
vn 0.000000 0.797123 -0.603816
vn 0.000000 0.797123 -0.603816
vn 0.000000 0.826242 -0.563316
vn 0.000000 0.826242 -0.563316
vn 0.000000 0.853291 -0.521436
vn 0.000000 0.853291 -0.521436
vn 0.000000 0.878215 -0.478266
vn 0.000000 0.878215 -0.478266
vn 0.000000 0.900979 -0.433862
vn 0.000000 0.900979 -0.433862
vn 0.000000 0.921470 -0.388449
vn 0.000000 0.921470 -0.388449
vn 0.000000 0.939697 -0.342007
vn 0.000000 0.939697 -0.342007
vn 0.000000 0.955565 -0.294779
vn 0.000000 0.955565 -0.294779
vn 0.000000 0.969077 -0.246758
vn 0.000000 0.969077 -0.246758
vn 0.000000 0.980177 -0.198122
vn 0.000000 0.980177 -0.198122
vn 0.000000 0.988828 -0.149061
vn 0.000000 0.988828 -0.149061
vn 0.000000 0.995032 -0.099559
vn 0.000000 0.995032 -0.099559
vn 0.000000 0.998756 -0.049856
vn 0.000000 1.000000 0.000000
vn 0.000000 0.998756 -0.049856
vn 0.000000 1.000000 0.000000
vn 0.000000 0.998756 0.049856
vn 0.000000 0.995032 0.099559
vn 0.000000 0.998756 0.049856
vn 0.000000 0.995032 0.099559
vn 0.000000 0.988828 0.149061
vn 0.000000 0.988828 0.149061
vn 0.000000 0.980177 0.198122
vn 0.000000 0.980177 0.198122
vn 0.000000 0.969077 0.246758
vn 0.000000 0.969077 0.246758
vn 0.000000 0.955565 0.294779
vn 0.000000 0.955565 0.294779
vn 0.000000 0.939697 0.342007
vn 0.000000 0.939697 0.342007
vn 0.000000 0.921474 0.388440
vn 0.000000 0.921474 0.388440
vn 0.000000 0.900970 0.433882
vn 0.000000 0.900970 0.433882
vn 0.000000 0.878221 0.478255
vn 0.000000 0.853291 0.521436
vn 0.000000 0.878221 0.478255
vn 0.000000 0.853291 0.521436
vn 0.000000 0.826234 0.563327
vn 0.000000 0.826234 0.563327
vn 0.000000 0.797133 0.603804
vn 0.000000 0.797133 0.603804
vn 0.000000 0.766043 0.642789
vn 0.000000 0.766043 0.642789
vn 0.000000 0.733070 0.680154
vn 0.000000 0.733070 0.680154
vn 0.000000 0.698241 0.715863
vn 0.000000 0.698241 0.715863
vn 0.000000 0.661678 0.749788
vn 0.000000 0.623475 0.781843
vn 0.000000 0.661678 0.749788
vn 0.000000 0.623475 0.781843
vn 0.000000 0.583744 0.811938
vn 0.000000 0.583744 0.811938
vn 0.000000 0.542566 0.840013
vn 0.000000 0.542566 0.840013
vn 0.000000 0.499995 0.866028
vn 0.000000 0.499995 0.866028
vn 0.000000 0.456188 0.889883
vn 0.000000 0.456188 0.889883
vn 0.000000 0.411300 0.911500
vn 0.000000 0.411300 0.911500
vn 0.000000 0.365342 0.930874
vn 0.000000 0.365342 0.930874
vn 0.000000 0.318514 0.947918
vn 0.000000 0.318514 0.947918
vn 0.000000 0.270832 0.962627
vn 0.000000 0.270832 0.962627
vn 0.000000 0.222527 0.974927
vn 0.000000 0.222527 0.974927
vn 0.000000 0.173622 0.984812
vn 0.000000 0.173622 0.984812
vn 0.000000 0.124345 0.992239
vn 0.000000 0.124345 0.992239
vn 0.000000 0.074721 0.997204
vn 0.000000 0.074721 0.997204
vn 0.000000 0.024941 0.999689
vn 0.000000 0.024941 0.999689
vn 1.000000 0.000000 0.000000
vn 1.000000 0.000000 0.000000
vn 1.000000 0.000000 0.000000
vn 1.000000 0.000000 0.000000
vn 1.000000 0.000000 0.000000
vn 1.000000 0.000000 0.000000
vn 1.000000 0.000000 0.000000
vn 1.000000 0.000000 0.000000
vn 1.000000 0.000000 0.000000
vn 1.000000 0.000000 0.000000
vn 1.000000 0.000000 0.000000
vn 1.000000 0.000000 0.000000
vn 1.000000 0.000000 0.000000
vn 1.000000 0.000000 0.000000
vn 1.000000 0.000000 0.000000
vn 1.000000 0.000000 0.000000
vn 1.000000 0.000000 0.000000
vn 1.000000 0.000000 0.000000
vn 1.000000 0.000000 0.000000
vn 1.000000 0.000000 0.000000
vn 1.000000 0.000000 0.000000
vn 1.000000 0.000000 0.000000
vn 1.000000 0.000000 0.000000
vn 1.000000 0.000000 0.000000
vn 1.000000 0.000000 0.000000
vn 1.000000 0.000000 0.000000
vn 1.000000 0.000000 0.000000
vn 1.000000 0.000000 0.000000
vn 1.000000 0.000000 0.000000
vn 1.000000 0.000000 0.000000
vn 1.000000 0.000000 0.000000
vn 1.000000 0.000000 0.000000
vn 1.000000 0.000000 0.000000
vn 1.000000 0.000000 0.000000
vn 1.000000 -0.000000 0.000000
vn 1.000000 0.000000 0.000000
vn 1.000000 0.000000 0.000000
vn 1.000000 0.000000 0.000000
vn 1.000000 0.000000 0.000000
vn 1.000000 0.000000 0.000000
vn 1.000000 0.000000 0.000000
vn 1.000000 0.000000 0.000000
vn 1.000000 0.000000 0.000000
vn 1.000000 0.000000 0.000000
vn 1.000000 0.000000 0.000000
vn 1.000000 0.000000 0.000000
vn 1.000000 0.000000 0.000000
vn 1.000000 0.000000 0.000000
vn 1.000000 0.000000 0.000000
vn 1.000000 0.000000 0.000000
vn 1.000000 0.000000 0.000000
vn 1.000000 0.000000 0.000000
vn 1.000000 0.000000 0.000000
vn 1.000000 0.000000 0.000000
vn 1.000000 0.000000 0.000000
vn 1.000000 0.000000 0.000000
vn 1.000000 0.000000 0.000000
vn 1.000000 0.000000 0.000000
vn 1.000000 0.000000 0.000000
vn 1.000000 0.000000 0.000000
vn 1.000000 0.000000 0.000000
vn 1.000000 0.000000 0.000000
vn 1.000000 0.000000 0.000000
vn 1.000000 0.000000 0.000000
vn 1.000000 0.000000 0.000000
vn 1.000000 0.000000 0.000000
vn 1.000000 0.000000 0.000000
vn 1.000000 0.000000 0.000000
vn 1.000000 0.000000 0.000000
vn 1.000000 0.000000 0.000000
vn 1.000000 0.000000 0.000000
vn 1.000000 0.000000 0.000000
vn 1.000000 0.000000 0.000000
vn 1.000000 0.000000 0.000000
vn 1.000000 0.000000 0.000000
vn 1.000000 0.000000 0.000000
vn 1.000000 0.000000 0.000000
vn 1.000000 0.000000 0.000000
vn 1.000000 0.000000 0.000000
vn 1.000000 0.000000 0.000000
vn 1.000000 0.000000 0.000000
vn 1.000000 0.000000 0.000000
vn 1.000000 0.000000 0.000000
vn 1.000000 0.000000 0.000000
vn 1.000000 0.000000 0.000000
vn 1.000000 0.000000 0.000000
vn 1.000000 0.000000 0.000000
vn 1.000000 0.000000 0.000000
vn 1.000000 0.000000 0.000000
vn 1.000000 0.000000 0.000000
vn 1.000000 0.000000 0.000000
vn 1.000000 0.000000 0.000000
vn 1.000000 0.000000 0.000000
vn 1.000000 0.000000 0.000000
vn 1.000000 0.000000 0.000000
vn 1.000000 0.000000 0.000000
vn 1.000000 0.000000 0.000000
vn 1.000000 0.000000 0.000000
vn 1.000000 0.000000 0.000000
vn 1.000000 0.000000 0.000000
vn 1.000000 0.000000 0.000000
vn 1.000000 0.000000 0.000000
vn 1.000000 0.000000 0.000000
vn 1.000000 0.000000 0.000000
vn 1.000000 0.000000 0.000000
vn 1.000000 0.000000 0.000000
vn 1.000000 0.000000 0.000000
vn 1.000000 0.000000 0.000000
vn 1.000000 0.000000 0.000000
vn 1.000000 0.000000 0.000000
vn 1.000000 0.000000 0.000000
vn 1.000000 0.000000 0.000000
vn 1.000000 -0.000000 0.000000
vn 1.000000 0.000000 0.000000
vn 1.000000 0.000000 0.000000
vn 1.000000 0.000000 0.000000
vn 1.000000 0.000000 0.000000
vn 1.000000 0.000000 0.000000
vn 1.000000 -0.000000 0.000000
vn 1.000000 0.000000 0.000000
vn 1.000000 0.000000 0.000000
vn 1.000000 0.000000 0.000000
vn 1.000000 0.000000 0.000000
vn 1.000000 -0.000000 0.000000
vn -1.000000 0.000000 0.000000
vn -1.000000 0.000000 0.000000
vn -1.000000 -0.000000 0.000000
vn -1.000000 0.000000 0.000000
vn -1.000000 0.000000 0.000000
vn -1.000000 -0.000000 0.000000
vn -1.000000 -0.000000 0.000000
vn -1.000000 -0.000000 0.000000
vn -1.000000 -0.000000 0.000000
vn -1.000000 -0.000000 0.000000
vn -1.000000 0.000000 0.000000
vn -1.000000 0.000000 0.000000
vn -1.000000 0.000000 0.000000
vn -1.000000 0.000000 0.000000
vn -1.000000 0.000000 0.000000
vn -1.000000 -0.000000 0.000000
vn -1.000000 -0.000000 0.000000
vn -1.000000 0.000000 0.000000
vn -1.000000 0.000000 0.000000
vn -1.000000 -0.000000 0.000000
vn -1.000000 0.000000 0.000000
vn -1.000000 0.000000 0.000000
vn -1.000000 0.000000 0.000000
vn -1.000000 0.000000 0.000000
vn -1.000000 0.000000 0.000000
vn -1.000000 0.000000 0.000000
vn -1.000000 0.000000 0.000000
vn -1.000000 0.000000 0.000000
vn -1.000000 0.000000 0.000000
vn -1.000000 0.000000 0.000000
vn -1.000000 0.000000 0.000000
vn -1.000000 0.000000 0.000000
vn -1.000000 0.000000 0.000000
vn -1.000000 0.000000 0.000000
vn -1.000000 0.000000 0.000000
vn -1.000000 0.000000 0.000000
vn -1.000000 0.000000 0.000000
vn -1.000000 0.000000 0.000000
vn -1.000000 0.000000 0.000000
vn -1.000000 0.000000 0.000000
vn -1.000000 0.000000 0.000000
vn -1.000000 0.000000 0.000000
vn -1.000000 0.000000 0.000000
vn -1.000000 0.000000 0.000000
vn -1.000000 0.000000 0.000000
vn -1.000000 0.000000 0.000000
vn -1.000000 0.000000 0.000000
vn -1.000000 0.000000 0.000000
vn -1.000000 0.000000 0.000000
vn -1.000000 0.000000 0.000000
vn -1.000000 0.000000 0.000000
vn -1.000000 0.000000 0.000000
vn -1.000000 0.000000 0.000000
vn -1.000000 0.000000 0.000000
vn -1.000000 0.000000 0.000000
vn -1.000000 0.000000 0.000000
vn -1.000000 0.000000 0.000000
vn -1.000000 0.000000 0.000000
vn -1.000000 0.000000 0.000000
vn -1.000000 0.000000 0.000000
vn -1.000000 0.000000 0.000000
vn -1.000000 0.000000 0.000000
vn -1.000000 0.000000 0.000000
vn -1.000000 0.000000 0.000000
vn -1.000000 0.000000 0.000000
vn -1.000000 0.000000 0.000000
vn -1.000000 0.000000 0.000000
vn -1.000000 0.000000 0.000000
vn -1.000000 0.000000 0.000000
vn -1.000000 0.000000 0.000000
vn -1.000000 0.000000 0.000000
vn -1.000000 0.000000 0.000000
vn -1.000000 0.000000 0.000000
vn -1.000000 0.000000 0.000000
vn -1.000000 0.000000 0.000000
vn -1.000000 0.000000 0.000000
vn -1.000000 0.000000 0.000000
vn -1.000000 0.000000 0.000000
vn -1.000000 0.000000 0.000000
vn -1.000000 0.000000 0.000000
vn -1.000000 0.000000 0.000000
vn -1.000000 0.000000 0.000000
vn -1.000000 0.000000 0.000000
vn -1.000000 0.000000 0.000000
vn -1.000000 0.000000 0.000000
vn -1.000000 0.000000 0.000000
vn -1.000000 0.000000 0.000000
vn -1.000000 0.000000 0.000000
vn -1.000000 0.000000 0.000000
vn -1.000000 0.000000 0.000000
vn -1.000000 0.000000 0.000000
vn -1.000000 0.000000 -0.000000
vn -1.000000 0.000000 0.000000
vn -1.000000 0.000000 -0.000000
vn -1.000000 0.000000 -0.000000
vn -1.000000 0.000000 0.000000
vn -1.000000 0.000000 0.000000
vn -1.000000 0.000000 0.000000
vn -1.000000 0.000000 0.000000
vn -1.000000 0.000000 0.000000
vn -1.000000 0.000000 -0.000000
vn -1.000000 0.000000 -0.000000
vn -1.000000 0.000000 0.000000
vn -1.000000 0.000000 -0.000000
vn -1.000000 0.000000 -0.000000
vn -1.000000 0.000000 -0.000000
vn -1.000000 0.000000 0.000000
vn -1.000000 0.000000 0.000000
vn -1.000000 0.000000 0.000000
vn -1.000000 0.000000 0.000000
vn -1.000000 0.000000 0.000000
vn -1.000000 0.000000 0.000000
vn -1.000000 0.000000 0.000000
vn -1.000000 -0.000000 0.000000
vn -1.000000 0.000000 -0.000000
vn -1.000000 0.000000 0.000000
vn -1.000000 0.000000 0.000000
vn -1.000000 0.000000 -0.000000
vn -1.000000 0.000000 0.000000
vn -1.000000 0.000000 -0.000000
vn -1.000000 0.000000 -0.000000
vn -1.000000 0.000000 -0.000000
vn -1.000000 0.000000 -0.000000
vn -1.000000 0.000000 0.000000
vn 0.999690 0.024916 0.000000
vn 0.999690 0.024916 0.000000
vn 0.997203 0.074746 0.000000
vn 0.997203 0.074746 0.000000
vn 0.992239 0.124345 0.000000
vn 0.992239 0.124345 0.000000
vn 0.984808 0.173647 0.000000
vn 0.974932 0.222503 0.000000
vn 0.984808 0.173647 0.000000
vn 0.974932 0.222503 0.000000
vn 0.962620 0.270856 0.000000
vn 0.962620 0.270856 0.000000
vn 0.947933 0.318469 0.000000
vn 0.947933 0.318469 0.000000
vn 0.930874 0.365341 0.000000
vn 0.911500 0.411300 0.000000
vn 0.930874 0.365341 0.000000
vn 0.911500 0.411300 0.000000
vn 0.889873 0.456208 0.000000
vn 0.866017 0.500015 0.000000
vn 0.889873 0.456208 0.000000
vn 0.866017 0.500015 0.000000
vn 0.840037 0.542530 0.000000
vn 0.840037 0.542530 0.000000
vn 0.811938 0.583744 0.000000
vn 0.811938 0.583744 0.000000
vn 0.781831 0.623491 0.000000
vn 0.781831 0.623491 0.000000
vn 0.749788 0.661678 0.000000
vn 0.749788 0.661678 0.000000
vn 0.715863 0.698241 0.000000
vn 0.715863 0.698241 0.000000
vn 0.680166 0.733058 0.000000
vn 0.680166 0.733058 0.000000
vn 0.642789 0.766043 0.000000
vn 0.642789 0.766043 0.000000
vn 0.603804 0.797133 0.000000
vn 0.603804 0.797133 0.000000
vn 0.563315 0.826242 0.000000
vn 0.563315 0.826242 0.000000
vn 0.521436 0.853291 0.000000
vn 0.521436 0.853291 0.000000
vn 0.478266 0.878215 0.000000
vn 0.478266 0.878215 0.000000
vn 0.433872 0.900974 0.000000
vn 0.433872 0.900974 0.000000
vn 0.388440 0.921474 0.000000
vn 0.388440 0.921474 0.000000
vn 0.342007 0.939697 0.000000
vn 0.294779 0.955565 0.000000
vn 0.342007 0.939697 0.000000
vn 0.294779 0.955565 0.000000
vn 0.246758 0.969077 0.000000
vn 0.198126 0.980177 0.000000
vn 0.246758 0.969077 0.000000
vn 0.198126 0.980177 0.000000
vn 0.149057 0.988828 0.000000
vn 0.149057 0.988828 0.000000
vn 0.099559 0.995032 0.000000
vn 0.099559 0.995032 0.000000
vn 0.049856 0.998756 0.000000
vn 0.000000 1.000000 0.000000
vn 0.049856 0.998756 0.000000
vn -0.049856 0.998756 0.000000
vn -0.000000 1.000000 0.000000
vn -0.049856 0.998756 0.000000
vn -0.099559 0.995032 0.000000
vn -0.099559 0.995032 0.000000
vn -0.149061 0.988828 0.000000
vn -0.198126 0.980177 0.000000
vn -0.149061 0.988828 0.000000
vn -0.198126 0.980177 0.000000
vn -0.246758 0.969077 0.000000
vn -0.246758 0.969077 0.000000
vn -0.294772 0.955568 0.000000
vn -0.294772 0.955568 0.000000
vn -0.342007 0.939697 0.000000
vn -0.342007 0.939697 0.000000
vn -0.388449 0.921470 0.000000
vn -0.388449 0.921470 0.000000
vn -0.433872 0.900974 0.000000
vn -0.433872 0.900974 0.000000
vn -0.478255 0.878221 0.000000
vn -0.478255 0.878221 0.000000
vn -0.521436 0.853291 0.000000
vn -0.521436 0.853291 0.000000
vn -0.563315 0.826242 0.000000
vn -0.563315 0.826242 0.000000
vn -0.603816 0.797123 0.000000
vn -0.603816 0.797123 0.000000
vn -0.642777 0.766053 0.000000
vn -0.642777 0.766053 0.000000
vn -0.680166 0.733058 0.000000
vn -0.680166 0.733058 0.000000
vn -0.715876 0.698228 0.000000
vn -0.715876 0.698228 0.000000
vn -0.749775 0.661693 0.000000
vn -0.749775 0.661693 0.000000
vn -0.781843 0.623475 0.000000
vn -0.781843 0.623475 0.000000
vn -0.811938 0.583744 0.000000
vn -0.811938 0.583744 0.000000
vn -0.840025 0.542548 0.000000
vn -0.840025 0.542548 0.000000
vn -0.866028 0.499995 0.000000
vn -0.866028 0.499995 0.000000
vn -0.889863 0.456229 0.000000
vn -0.889863 0.456229 0.000000
vn -0.911510 0.411279 0.000000
vn -0.911510 0.411279 0.000000
vn -0.930874 0.365341 0.000000
vn -0.930874 0.365341 0.000000
vn -0.947926 0.318491 0.000000
vn -0.947926 0.318491 0.000000
vn -0.962627 0.270832 0.000000
vn -0.962627 0.270832 0.000000
vn -0.974926 0.222527 0.000000
vn -0.974926 0.222527 0.000000
vn -0.984808 0.173647 0.000000
vn -0.984808 0.173647 0.000000
vn -0.992239 0.124345 0.000000
vn -0.992239 0.124345 0.000000
vn -0.997204 0.074721 0.000000
vn -0.997204 0.074721 0.000000
vn -0.999689 0.024941 0.000000
vn -0.999689 0.024941 0.000000
vn -0.999689 -0.024941 0.000000
vn -0.999689 -0.024941 -0.000000
vn -0.997204 -0.074721 0.000000
vn -0.997204 -0.074721 -0.000000
vn -0.992239 -0.124345 0.000000
vn -0.992239 -0.124345 -0.000000
vn -0.984808 -0.173647 0.000000
vn -0.984808 -0.173647 -0.000000
vn -0.974926 -0.222527 0.000000
vn -0.974926 -0.222527 -0.000000
vn -0.962627 -0.270832 0.000000
vn -0.962627 -0.270832 -0.000000
vn -0.947926 -0.318491 0.000000
vn -0.947926 -0.318491 -0.000000
vn -0.930874 -0.365341 0.000000
vn -0.930874 -0.365341 -0.000000
vn -0.911510 -0.411279 0.000000
vn -0.911510 -0.411279 -0.000000
vn -0.889863 -0.456229 0.000000
vn -0.889863 -0.456229 -0.000000
vn -0.866028 -0.499995 0.000000
vn -0.866028 -0.499995 -0.000000
vn -0.840025 -0.542548 -0.000000
vn -0.840025 -0.542548 0.000000
vn -0.811938 -0.583744 -0.000000
vn -0.811938 -0.583744 0.000000
vn -0.781843 -0.623475 -0.000000
vn -0.781843 -0.623475 0.000000
vn -0.749775 -0.661693 -0.000000
vn -0.749775 -0.661693 0.000000
vn -0.715876 -0.698228 -0.000000
vn -0.715876 -0.698228 0.000000
vn -0.680166 -0.733058 -0.000000
vn -0.680166 -0.733058 0.000000
vn -0.642777 -0.766053 -0.000000
vn -0.642777 -0.766053 0.000000
vn -0.603816 -0.797123 -0.000000
vn -0.603816 -0.797123 0.000000
vn -0.563315 -0.826242 -0.000000
vn -0.563315 -0.826242 0.000000
vn -0.521436 -0.853291 -0.000000
vn -0.478255 -0.878221 -0.000000
vn -0.521436 -0.853291 0.000000
vn -0.478255 -0.878221 -0.000000
vn -0.433872 -0.900974 -0.000000
vn -0.433872 -0.900974 0.000000
vn -0.388449 -0.921470 -0.000000
vn -0.388449 -0.921470 0.000000
vn -0.342007 -0.939697 0.000000
vn -0.342007 -0.939697 -0.000000
vn -0.294772 -0.955568 0.000000
vn -0.294772 -0.955568 -0.000000
vn -0.246758 -0.969077 0.000000
vn -0.246758 -0.969077 -0.000000
vn -0.198126 -0.980177 0.000000
vn -0.198126 -0.980177 -0.000000
vn -0.149061 -0.988828 -0.000000
vn -0.149061 -0.988828 0.000000
vn -0.099559 -0.995032 -0.000000
vn -0.099559 -0.995032 0.000000
vn -0.049856 -0.998756 -0.000000
vn -0.049856 -0.998756 0.000000
vn 0.000000 -1.000000 -0.000000
vn -0.000000 -1.000000 0.000000
vn 0.049856 -0.998756 0.000000
vn 0.049856 -0.998756 0.000000
vn 0.099559 -0.995032 0.000000
vn 0.099559 -0.995032 0.000000
vn 0.149057 -0.988828 0.000000
vn 0.149057 -0.988828 0.000000
vn 0.198126 -0.980177 0.000000
vn 0.198126 -0.980177 0.000000
vn 0.246758 -0.969077 0.000000
vn 0.246758 -0.969077 0.000000
vn 0.294779 -0.955565 0.000000
vn 0.294779 -0.955565 0.000000
vn 0.342007 -0.939697 0.000000
vn 0.342007 -0.939697 0.000000
vn 0.388440 -0.921474 0.000000
vn 0.433872 -0.900974 0.000000
vn 0.388440 -0.921474 0.000000
vn 0.433872 -0.900974 0.000000
vn 0.478266 -0.878215 0.000000
vn 0.478266 -0.878215 0.000000
vn 0.521436 -0.853291 0.000000
vn 0.563315 -0.826242 0.000000
vn 0.521436 -0.853291 0.000000
vn 0.563315 -0.826242 0.000000
vn 0.603804 -0.797133 0.000000
vn 0.603804 -0.797133 0.000000
vn 0.642789 -0.766043 0.000000
vn 0.642789 -0.766043 0.000000
vn 0.680166 -0.733058 0.000000
vn 0.680166 -0.733058 0.000000
vn 0.715863 -0.698241 0.000000
vn 0.749788 -0.661678 0.000000
vn 0.715863 -0.698241 0.000000
vn 0.781831 -0.623491 0.000000
vn 0.749788 -0.661678 0.000000
vn 0.781831 -0.623491 0.000000
vn 0.811938 -0.583744 0.000000
vn 0.840037 -0.542530 0.000000
vn 0.811938 -0.583744 0.000000
vn 0.840037 -0.542530 0.000000
vn 0.866017 -0.500015 0.000000
vn 0.866017 -0.500015 0.000000
vn 0.889873 -0.456208 0.000000
vn 0.889873 -0.456208 0.000000
vn 0.911500 -0.411300 0.000000
vn 0.911500 -0.411300 0.000000
vn 0.930874 -0.365341 0.000000
vn 0.930874 -0.365341 0.000000
vn 0.947933 -0.318469 0.000000
vn 0.947933 -0.318469 0.000000
vn 0.962620 -0.270856 0.000000
vn 0.962620 -0.270856 0.000000
vn 0.974932 -0.222503 0.000000
vn 0.974932 -0.222503 0.000000
vn 0.984808 -0.173647 0.000000
vn 0.984808 -0.173647 0.000000
vn 0.992239 -0.124345 0.000000
vn 0.992239 -0.124345 0.000000
vn 0.997203 -0.074746 0.000000
vn 0.997203 -0.074746 0.000000
vn 0.999690 -0.024916 0.000000
vn 0.999690 -0.024916 0.000000
vn 0.000000 0.000000 1.000000
vn 0.000000 0.000000 1.000000
vn 0.000000 0.000000 1.000000
vn 0.000000 0.000000 1.000000
vn 0.000000 0.000000 1.000000
vn 0.000000 0.000000 1.000000
vn 0.000000 0.000000 1.000000
vn 0.000000 0.000000 1.000000
vn 0.000000 0.000000 1.000000
vn 0.000000 0.000000 1.000000
vn 0.000000 0.000000 1.000000
vn 0.000000 0.000000 1.000000
vn 0.000000 0.000000 1.000000
vn 0.000000 0.000000 1.000000
vn 0.000000 0.000000 1.000000
vn 0.000000 0.000000 1.000000
vn 0.000000 0.000000 1.000000
vn 0.000000 0.000000 1.000000
vn 0.000000 0.000000 1.000000
vn 0.000000 0.000000 1.000000
vn 0.000000 0.000000 1.000000
vn 0.000000 0.000000 1.000000
vn 0.000000 0.000000 1.000000
vn 0.000000 0.000000 1.000000
vn 0.000000 0.000000 1.000000
vn 0.000000 0.000000 1.000000
vn 0.000000 0.000000 1.000000
vn 0.000000 0.000000 1.000000
vn 0.000000 0.000000 1.000000
vn 0.000000 0.000000 1.000000
vn 0.000000 0.000000 1.000000
vn 0.000000 0.000000 1.000000
vn 0.000000 0.000000 1.000000
vn 0.000000 0.000000 1.000000
vn 0.000000 0.000000 1.000000
vn 0.000000 0.000000 1.000000
vn 0.000000 0.000000 1.000000
vn 0.000000 0.000000 1.000000
vn 0.000000 0.000000 1.000000
vn 0.000000 0.000000 1.000000
vn 0.000000 0.000000 1.000000
vn 0.000000 0.000000 1.000000
vn 0.000000 0.000000 1.000000
vn 0.000000 0.000000 1.000000
vn 0.000000 0.000000 1.000000
vn 0.000000 0.000000 1.000000
vn 0.000000 0.000000 1.000000
vn 0.000000 0.000000 1.000000
vn 0.000000 0.000000 1.000000
vn 0.000000 0.000000 1.000000
vn 0.000000 0.000000 1.000000
vn 0.000000 0.000000 1.000000
vn 0.000000 0.000000 1.000000
vn 0.000000 0.000000 1.000000
vn 0.000000 0.000000 1.000000
vn 0.000000 0.000000 1.000000
vn 0.000000 0.000000 1.000000
vn 0.000000 0.000000 1.000000
vn 0.000000 0.000000 1.000000
vn 0.000000 0.000000 1.000000
vn 0.000000 0.000000 1.000000
vn 0.000000 0.000000 1.000000
vn 0.000000 0.000000 1.000000
vn 0.000000 0.000000 1.000000
vn 0.000000 0.000000 1.000000
vn 0.000000 0.000000 1.000000
vn 0.000000 0.000000 1.000000
vn 0.000000 0.000000 1.000000
vn 0.000000 0.000000 1.000000
vn 0.000000 0.000000 1.000000
vn 0.000000 0.000000 1.000000
vn 0.000000 0.000000 1.000000
vn 0.000000 0.000000 1.000000
vn 0.000000 0.000000 1.000000
vn 0.000000 0.000000 1.000000
vn 0.000000 0.000000 1.000000
vn 0.000000 0.000000 1.000000
vn 0.000000 0.000000 1.000000
vn 0.000000 0.000000 1.000000
vn 0.000000 0.000000 1.000000
vn 0.000000 0.000000 1.000000
vn 0.000000 0.000000 1.000000
vn 0.000000 0.000000 1.000000
vn 0.000000 0.000000 1.000000
vn 0.000000 0.000000 1.000000
vn 0.000000 0.000000 1.000000
vn 0.000000 0.000000 1.000000
vn 0.000000 0.000000 1.000000
vn 0.000000 0.000000 1.000000
vn 0.000000 0.000000 1.000000
vn 0.000000 0.000000 1.000000
vn 0.000000 0.000000 1.000000
vn 0.000000 0.000000 1.000000
vn 0.000000 0.000000 1.000000
vn 0.000000 0.000000 1.000000
vn 0.000000 0.000000 1.000000
vn 0.000000 0.000000 1.000000
vn 0.000000 0.000000 1.000000
vn 0.000000 0.000000 1.000000
vn 0.000000 0.000000 1.000000
vn 0.000000 0.000000 1.000000
vn 0.000000 0.000000 1.000000
vn 0.000000 0.000000 1.000000
vn 0.000000 0.000000 1.000000
vn 0.000000 0.000000 1.000000
vn 0.000000 0.000000 1.000000
vn 0.000000 0.000000 1.000000
vn 0.000000 0.000000 1.000000
vn 0.000000 0.000000 1.000000
vn 0.000000 0.000000 1.000000
vn 0.000000 0.000000 1.000000
vn 0.000000 0.000000 1.000000
vn 0.000000 0.000000 1.000000
vn 0.000000 0.000000 1.000000
vn 0.000000 0.000000 1.000000
vn 0.000000 0.000000 1.000000
vn 0.000000 0.000000 1.000000
vn 0.000000 0.000000 1.000000
vn 0.000000 0.000000 1.000000
vn 0.000000 0.000000 1.000000
vn 0.000000 0.000000 1.000000
vn 0.000000 0.000000 1.000000
vn 0.000000 0.000000 1.000000
vn 0.000000 0.000000 1.000000
vn 0.000000 0.000000 -1.000000
vn 0.000000 0.000000 -1.000000
vn 0.000000 0.000000 -1.000000
vn 0.000000 0.000000 -1.000000
vn 0.000000 0.000000 -1.000000
vn 0.000000 0.000000 -1.000000
vn 0.000000 0.000000 -1.000000
vn 0.000000 0.000000 -1.000000
vn 0.000000 0.000000 -1.000000
vn 0.000000 0.000000 -1.000000
vn 0.000000 0.000000 -1.000000
vn 0.000000 0.000000 -1.000000
vn 0.000000 0.000000 -1.000000
vn 0.000000 0.000000 -1.000000
vn 0.000000 0.000000 -1.000000
vn 0.000000 0.000000 -1.000000
vn 0.000000 0.000000 -1.000000
vn 0.000000 0.000000 -1.000000
vn 0.000000 0.000000 -1.000000
vn 0.000000 0.000000 -1.000000
vn 0.000000 0.000000 -1.000000
vn 0.000000 0.000000 -1.000000
vn 0.000000 0.000000 -1.000000
vn 0.000000 0.000000 -1.000000
vn 0.000000 -0.000000 -1.000000
vn 0.000000 0.000000 -1.000000
vn 0.000000 0.000000 -1.000000
vn 0.000000 0.000000 -1.000000
vn 0.000000 0.000000 -1.000000
vn 0.000000 -0.000000 -1.000000
vn 0.000000 -0.000000 -1.000000
vn 0.000000 -0.000000 -1.000000
vn 0.000000 0.000000 -1.000000
vn 0.000000 0.000000 -1.000000
vn 0.000000 0.000000 -1.000000
vn 0.000000 0.000000 -1.000000
vn 0.000000 -0.000000 -1.000000
vn 0.000000 0.000000 -1.000000
vn 0.000000 0.000000 -1.000000
vn 0.000000 0.000000 -1.000000
vn 0.000000 -0.000000 -1.000000
vn 0.000000 -0.000000 -1.000000
vn 0.000000 -0.000000 -1.000000
vn 0.000000 -0.000000 -1.000000
vn 0.000000 0.000000 -1.000000
vn 0.000000 0.000000 -1.000000
vn 0.000000 0.000000 -1.000000
vn 0.000000 0.000000 -1.000000
vn 0.000000 0.000000 -1.000000
vn 0.000000 -0.000000 -1.000000
vn 0.000000 -0.000000 -1.000000
vn 0.000000 0.000000 -1.000000
vn 0.000000 0.000000 -1.000000
vn 0.000000 0.000000 -1.000000
vn 0.000000 -0.000000 -1.000000
vn 0.000000 -0.000000 -1.000000
vn 0.000000 0.000000 -1.000000
vn 0.000000 0.000000 -1.000000
vn 0.000000 0.000000 -1.000000
vn 0.000000 -0.000000 -1.000000
vn 0.000000 -0.000000 -1.000000
vn 0.000000 0.000000 -1.000000
vn 0.000000 0.000000 -1.000000
vn 0.000000 -0.000000 -1.000000
vn 0.000000 -0.000000 -1.000000
vn 0.000000 -0.000000 -1.000000
vn 0.000000 -0.000000 -1.000000
vn 0.000000 0.000000 -1.000000
vn 0.000000 0.000000 -1.000000
vn 0.000000 0.000000 -1.000000
vn 0.000000 0.000000 -1.000000
vn 0.000000 0.000000 -1.000000
vn 0.000000 0.000000 -1.000000
vn 0.000000 0.000000 -1.000000
vn 0.000000 0.000000 -1.000000
vn 0.000000 0.000000 -1.000000
vn 0.000000 -0.000000 -1.000000
vn 0.000000 -0.000000 -1.000000
vn 0.000000 -0.000000 -1.000000
vn 0.000000 -0.000000 -1.000000
vn 0.000000 -0.000000 -1.000000
vn 0.000000 -0.000000 -1.000000
vn 0.000000 0.000000 -1.000000
vn 0.000000 0.000000 -1.000000
vn 0.000000 0.000000 -1.000000
vn 0.000000 0.000000 -1.000000
vn 0.000000 -0.000000 -1.000000
vn 0.000000 -0.000000 -1.000000
vn 0.000000 -0.000000 -1.000000
vn 0.000000 0.000000 -1.000000
vn -0.000000 -0.000000 -1.000000
vn -0.000000 -0.000000 -1.000000
vn 0.000000 0.000000 -1.000000
vn -0.000000 -0.000000 -1.000000
vn -0.000000 -0.000000 -1.000000
vn 0.000000 0.000000 -1.000000
vn 0.000000 0.000000 -1.000000
vn 0.000000 0.000000 -1.000000
vn 0.000000 0.000000 -1.000000
vn 0.000000 0.000000 -1.000000
vn -0.000000 -0.000000 -1.000000
vn -0.000000 -0.000000 -1.000000
vn 0.000000 0.000000 -1.000000
vn -0.000000 -0.000000 -1.000000
vn -0.000000 -0.000000 -1.000000
vn -0.000000 -0.000000 -1.000000
vn 0.000000 0.000000 -1.000000
vn 0.000000 0.000000 -1.000000
vn 0.000000 0.000000 -1.000000
vn 0.000000 -0.000000 -1.000000
vn 0.000000 0.000000 -1.000000
vn 0.000000 0.000000 -1.000000
vn 0.000000 0.000000 -1.000000
vn 0.000000 0.000000 -1.000000
vn -0.000000 -0.000000 -1.000000
vn 0.000000 -0.000000 -1.000000
vn 0.000000 0.000000 -1.000000
vn -0.000000 -0.000000 -1.000000
vn 0.000000 0.000000 -1.000000
vn -0.000000 -0.000000 -1.000000
vn -0.000000 -0.000000 -1.000000
vn -0.000000 -0.000000 -1.000000
vn -0.000000 -0.000000 -1.000000
vn 0.000000 0.000000 -1.000000
vn 0.999689 0.024941 0.000000
vn 0.999689 0.024941 0.000000
vn 0.997204 0.074721 0.000000
vn 0.997204 0.074721 0.000000
vn 0.992239 0.124345 0.000000
vn 0.992239 0.124345 0.000000
vn 0.984808 0.173647 0.000000
vn 0.974926 0.222527 0.000000
vn 0.984808 0.173647 0.000000
vn 0.974926 0.222527 0.000000
vn 0.962627 0.270832 0.000000
vn 0.962627 0.270832 0.000000
vn 0.947926 0.318491 0.000000
vn 0.947926 0.318491 0.000000
vn 0.930874 0.365341 0.000000
vn 0.911510 0.411279 0.000000
vn 0.930874 0.365341 0.000000
vn 0.911510 0.411279 0.000000
vn 0.889863 0.456229 0.000000
vn 0.866028 0.499995 0.000000
vn 0.889863 0.456229 0.000000
vn 0.866028 0.499995 0.000000
vn 0.840025 0.542548 0.000000
vn 0.840025 0.542548 0.000000
vn 0.811938 0.583744 0.000000
vn 0.811938 0.583744 0.000000
vn 0.781843 0.623475 0.000000
vn 0.781843 0.623475 0.000000
vn 0.749775 0.661693 0.000000
vn 0.749775 0.661693 0.000000
vn 0.715876 0.698228 0.000000
vn 0.715876 0.698228 0.000000
vn 0.680166 0.733058 0.000000
vn 0.680166 0.733058 0.000000
vn 0.642777 0.766053 0.000000
vn 0.642777 0.766053 0.000000
vn 0.603816 0.797123 0.000000
vn 0.603816 0.797123 0.000000
vn 0.563315 0.826242 0.000000
vn 0.563315 0.826242 0.000000
vn 0.521436 0.853291 0.000000
vn 0.521436 0.853291 0.000000
vn 0.478255 0.878221 0.000000
vn 0.478255 0.878221 0.000000
vn 0.433872 0.900974 0.000000
vn 0.433872 0.900974 0.000000
vn 0.388449 0.921470 0.000000
vn 0.388449 0.921470 0.000000
vn 0.342007 0.939697 0.000000
vn 0.294772 0.955568 0.000000
vn 0.342007 0.939697 0.000000
vn 0.294772 0.955568 0.000000
vn 0.246758 0.969077 0.000000
vn 0.198126 0.980177 0.000000
vn 0.246758 0.969077 0.000000
vn 0.198126 0.980177 0.000000
vn 0.149061 0.988828 0.000000
vn 0.149061 0.988828 0.000000
vn 0.099559 0.995032 0.000000
vn 0.099559 0.995032 0.000000
vn 0.049856 0.998756 0.000000
vn 0.000000 1.000000 0.000000
vn 0.049856 0.998756 0.000000
vn -0.049856 0.998756 0.000000
vn -0.000000 1.000000 0.000000
vn -0.049856 0.998756 0.000000
vn -0.099559 0.995032 0.000000
vn -0.099559 0.995032 0.000000
vn -0.149057 0.988828 0.000000
vn -0.198126 0.980177 0.000000
vn -0.149057 0.988828 0.000000
vn -0.198126 0.980177 0.000000
vn -0.246758 0.969077 0.000000
vn -0.246758 0.969077 0.000000
vn -0.294779 0.955565 0.000000
vn -0.294779 0.955565 0.000000
vn -0.342007 0.939697 0.000000
vn -0.342007 0.939697 0.000000
vn -0.388440 0.921474 0.000000
vn -0.388440 0.921474 0.000000
vn -0.433872 0.900974 0.000000
vn -0.433872 0.900974 0.000000
vn -0.478266 0.878215 0.000000
vn -0.478266 0.878215 0.000000
vn -0.521436 0.853291 0.000000
vn -0.521436 0.853291 0.000000
vn -0.563315 0.826242 0.000000
vn -0.563315 0.826242 0.000000
vn -0.603804 0.797133 0.000000
vn -0.603804 0.797133 0.000000
vn -0.642789 0.766043 0.000000
vn -0.642789 0.766043 0.000000
vn -0.680166 0.733058 0.000000
vn -0.680166 0.733058 0.000000
vn -0.715863 0.698241 0.000000
vn -0.715863 0.698241 0.000000
vn -0.749788 0.661678 0.000000
vn -0.749788 0.661678 0.000000
vn -0.781831 0.623491 0.000000
vn -0.781831 0.623491 0.000000
vn -0.811938 0.583744 0.000000
vn -0.811938 0.583744 0.000000
vn -0.840037 0.542530 0.000000
vn -0.840037 0.542530 0.000000
vn -0.866017 0.500015 0.000000
vn -0.866017 0.500015 0.000000
vn -0.889873 0.456208 0.000000
vn -0.889873 0.456208 0.000000
vn -0.911500 0.411300 0.000000
vn -0.911500 0.411300 0.000000
vn -0.930874 0.365341 0.000000
vn -0.930874 0.365341 0.000000
vn -0.947933 0.318469 0.000000
vn -0.947933 0.318469 0.000000
vn -0.962620 0.270856 0.000000
vn -0.962620 0.270856 0.000000
vn -0.974932 0.222503 0.000000
vn -0.974932 0.222503 0.000000
vn -0.984808 0.173647 0.000000
vn -0.984808 0.173647 0.000000
vn -0.992239 0.124345 0.000000
vn -0.992239 0.124345 0.000000
vn -0.997203 0.074746 0.000000
vn -0.997203 0.074746 0.000000
vn -0.999690 0.024916 0.000000
vn -0.999690 0.024916 0.000000
vn -0.999690 -0.024916 0.000000
vn -0.999690 -0.024916 -0.000000
vn -0.997203 -0.074746 0.000000
vn -0.997203 -0.074746 -0.000000
vn -0.992239 -0.124345 0.000000
vn -0.992239 -0.124345 -0.000000
vn -0.984808 -0.173647 0.000000
vn -0.984808 -0.173647 -0.000000
vn -0.974932 -0.222503 0.000000
vn -0.974932 -0.222503 -0.000000
vn -0.962620 -0.270856 0.000000
vn -0.962620 -0.270856 -0.000000
vn -0.947933 -0.318469 0.000000
vn -0.947933 -0.318469 -0.000000
vn -0.930874 -0.365341 0.000000
vn -0.930874 -0.365341 -0.000000
vn -0.911500 -0.411300 0.000000
vn -0.911500 -0.411300 -0.000000
vn -0.889873 -0.456208 0.000000
vn -0.889873 -0.456208 -0.000000
vn -0.866017 -0.500015 0.000000
vn -0.866017 -0.500015 -0.000000
vn -0.840037 -0.542530 -0.000000
vn -0.840037 -0.542530 0.000000
vn -0.811938 -0.583744 -0.000000
vn -0.811938 -0.583744 0.000000
vn -0.781831 -0.623491 -0.000000
vn -0.781831 -0.623491 0.000000
vn -0.749788 -0.661678 -0.000000
vn -0.749788 -0.661678 0.000000
vn -0.715863 -0.698241 -0.000000
vn -0.715863 -0.698241 0.000000
vn -0.680166 -0.733058 -0.000000
vn -0.680166 -0.733058 0.000000
vn -0.642789 -0.766043 -0.000000
vn -0.642789 -0.766043 0.000000
vn -0.603804 -0.797133 -0.000000
vn -0.603804 -0.797133 0.000000
vn -0.563315 -0.826242 -0.000000
vn -0.563315 -0.826242 0.000000
vn -0.521436 -0.853291 -0.000000
vn -0.478266 -0.878215 -0.000000
vn -0.521436 -0.853291 0.000000
vn -0.478266 -0.878215 -0.000000
vn -0.433872 -0.900974 -0.000000
vn -0.433872 -0.900974 0.000000
vn -0.388440 -0.921474 -0.000000
vn -0.388440 -0.921474 0.000000
vn -0.342007 -0.939697 0.000000
vn -0.342007 -0.939697 -0.000000
vn -0.294779 -0.955565 0.000000
vn -0.294779 -0.955565 -0.000000
vn -0.246758 -0.969077 0.000000
vn -0.246758 -0.969077 -0.000000
vn -0.198126 -0.980177 0.000000
vn -0.198126 -0.980177 -0.000000
vn -0.149057 -0.988828 -0.000000
vn -0.149057 -0.988828 0.000000
vn -0.099559 -0.995032 -0.000000
vn -0.099559 -0.995032 0.000000
vn -0.049856 -0.998756 -0.000000
vn -0.049856 -0.998756 0.000000
vn 0.000000 -1.000000 -0.000000
vn -0.000000 -1.000000 0.000000
vn 0.049856 -0.998756 0.000000
vn 0.049856 -0.998756 0.000000
vn 0.099559 -0.995032 0.000000
vn 0.099559 -0.995032 0.000000
vn 0.149061 -0.988828 0.000000
vn 0.149061 -0.988828 0.000000
vn 0.198126 -0.980177 0.000000
vn 0.198126 -0.980177 0.000000
vn 0.246758 -0.969077 0.000000
vn 0.246758 -0.969077 0.000000
vn 0.294772 -0.955568 0.000000
vn 0.294772 -0.955568 0.000000
vn 0.342007 -0.939697 0.000000
vn 0.342007 -0.939697 0.000000
vn 0.388449 -0.921470 0.000000
vn 0.433872 -0.900974 0.000000
vn 0.388449 -0.921470 0.000000
vn 0.433872 -0.900974 0.000000
vn 0.478255 -0.878221 0.000000
vn 0.478255 -0.878221 0.000000
vn 0.521436 -0.853291 0.000000
vn 0.563315 -0.826242 0.000000
vn 0.521436 -0.853291 0.000000
vn 0.563315 -0.826242 0.000000
vn 0.603816 -0.797123 0.000000
vn 0.603816 -0.797123 0.000000
vn 0.642777 -0.766053 0.000000
vn 0.642777 -0.766053 0.000000
vn 0.680166 -0.733058 0.000000
vn 0.680166 -0.733058 0.000000
vn 0.715876 -0.698228 0.000000
vn 0.749775 -0.661693 0.000000
vn 0.715876 -0.698228 0.000000
vn 0.781843 -0.623475 0.000000
vn 0.749775 -0.661693 0.000000
vn 0.781843 -0.623475 0.000000
vn 0.811938 -0.583744 0.000000
vn 0.840025 -0.542548 0.000000
vn 0.811938 -0.583744 0.000000
vn 0.840025 -0.542548 0.000000
vn 0.866028 -0.499995 0.000000
vn 0.866028 -0.499995 0.000000
vn 0.889863 -0.456229 0.000000
vn 0.889863 -0.456229 0.000000
vn 0.911510 -0.411279 0.000000
vn 0.911510 -0.411279 0.000000
vn 0.930874 -0.365341 0.000000
vn 0.930874 -0.365341 0.000000
vn 0.947926 -0.318491 0.000000
vn 0.947926 -0.318491 0.000000
vn 0.962627 -0.270832 0.000000
vn 0.962627 -0.270832 0.000000
vn 0.974926 -0.222527 0.000000
vn 0.974926 -0.222527 0.000000
vn 0.984808 -0.173647 0.000000
vn 0.984808 -0.173647 0.000000
vn 0.992239 -0.124345 0.000000
vn 0.992239 -0.124345 0.000000
vn 0.997204 -0.074721 0.000000
vn 0.997204 -0.074721 0.000000
vn 0.999689 -0.024941 0.000000
vn 0.999689 -0.024941 0.000000
vn 0.000000 0.000000 1.000000
vn 0.000000 0.000000 1.000000
vn 0.000000 0.000000 1.000000
vn 0.000000 0.000000 1.000000
vn 0.000000 0.000000 1.000000
vn 0.000000 0.000000 1.000000
vn 0.000000 0.000000 1.000000
vn 0.000000 0.000000 1.000000
vn 0.000000 0.000000 1.000000
vn 0.000000 0.000000 1.000000
vn 0.000000 0.000000 1.000000
vn 0.000000 0.000000 1.000000
vn 0.000000 0.000000 1.000000
vn 0.000000 0.000000 1.000000
vn 0.000000 0.000000 1.000000
vn 0.000000 0.000000 1.000000
vn 0.000000 0.000000 1.000000
vn 0.000000 0.000000 1.000000
vn 0.000000 0.000000 1.000000
vn 0.000000 0.000000 1.000000
vn 0.000000 0.000000 1.000000
vn 0.000000 0.000000 1.000000
vn 0.000000 0.000000 1.000000
vn 0.000000 0.000000 1.000000
vn 0.000000 0.000000 1.000000
vn 0.000000 0.000000 1.000000
vn 0.000000 0.000000 1.000000
vn 0.000000 0.000000 1.000000
vn 0.000000 0.000000 1.000000
vn 0.000000 0.000000 1.000000
vn 0.000000 0.000000 1.000000
vn 0.000000 0.000000 1.000000
vn 0.000000 0.000000 1.000000
vn 0.000000 0.000000 1.000000
vn 0.000000 0.000000 1.000000
vn 0.000000 0.000000 1.000000
vn 0.000000 0.000000 1.000000
vn 0.000000 0.000000 1.000000
vn 0.000000 0.000000 1.000000
vn 0.000000 0.000000 1.000000
vn 0.000000 0.000000 1.000000
vn 0.000000 0.000000 1.000000
vn 0.000000 0.000000 1.000000
vn 0.000000 0.000000 1.000000
vn 0.000000 0.000000 1.000000
vn 0.000000 0.000000 1.000000
vn 0.000000 0.000000 1.000000
vn 0.000000 0.000000 1.000000
vn 0.000000 0.000000 1.000000
vn 0.000000 0.000000 1.000000
vn 0.000000 0.000000 1.000000
vn 0.000000 0.000000 1.000000
vn 0.000000 0.000000 1.000000
vn 0.000000 0.000000 1.000000
vn 0.000000 0.000000 1.000000
vn 0.000000 0.000000 1.000000
vn 0.000000 0.000000 1.000000
vn 0.000000 0.000000 1.000000
vn 0.000000 0.000000 1.000000
vn 0.000000 0.000000 1.000000
vn 0.000000 0.000000 1.000000
vn 0.000000 0.000000 1.000000
vn 0.000000 0.000000 1.000000
vn 0.000000 0.000000 1.000000
vn 0.000000 0.000000 1.000000
vn 0.000000 0.000000 1.000000
vn 0.000000 0.000000 1.000000
vn 0.000000 0.000000 1.000000
vn 0.000000 0.000000 1.000000
vn 0.000000 0.000000 1.000000
vn 0.000000 0.000000 1.000000
vn 0.000000 0.000000 1.000000
vn 0.000000 0.000000 1.000000
vn 0.000000 0.000000 1.000000
vn 0.000000 0.000000 1.000000
vn 0.000000 0.000000 1.000000
vn 0.000000 0.000000 1.000000
vn 0.000000 0.000000 1.000000
vn 0.000000 0.000000 1.000000
vn 0.000000 0.000000 1.000000
vn 0.000000 0.000000 1.000000
vn 0.000000 0.000000 1.000000
vn 0.000000 0.000000 1.000000
vn 0.000000 0.000000 1.000000
vn 0.000000 0.000000 1.000000
vn 0.000000 0.000000 1.000000
vn 0.000000 0.000000 1.000000
vn 0.000000 0.000000 1.000000
vn 0.000000 0.000000 1.000000
vn 0.000000 0.000000 1.000000
vn 0.000000 0.000000 1.000000
vn 0.000000 0.000000 1.000000
vn 0.000000 0.000000 1.000000
vn 0.000000 0.000000 1.000000
vn 0.000000 0.000000 1.000000
vn 0.000000 0.000000 1.000000
vn 0.000000 0.000000 1.000000
vn 0.000000 0.000000 1.000000
vn 0.000000 0.000000 1.000000
vn 0.000000 0.000000 1.000000
vn 0.000000 0.000000 1.000000
vn 0.000000 0.000000 1.000000
vn 0.000000 0.000000 1.000000
vn 0.000000 0.000000 1.000000
vn 0.000000 0.000000 1.000000
vn 0.000000 0.000000 1.000000
vn 0.000000 0.000000 1.000000
vn 0.000000 0.000000 1.000000
vn 0.000000 0.000000 1.000000
vn 0.000000 0.000000 1.000000
vn 0.000000 0.000000 1.000000
vn 0.000000 0.000000 1.000000
vn 0.000000 0.000000 1.000000
vn 0.000000 0.000000 1.000000
vn 0.000000 0.000000 1.000000
vn 0.000000 0.000000 1.000000
vn 0.000000 0.000000 1.000000
vn 0.000000 0.000000 1.000000
vn 0.000000 0.000000 1.000000
vn 0.000000 0.000000 1.000000
vn 0.000000 0.000000 1.000000
vn 0.000000 0.000000 1.000000
vn 0.000000 0.000000 1.000000
vn 0.000000 0.000000 1.000000
vn 0.000000 0.000000 -1.000000
vn 0.000000 0.000000 -1.000000
vn 0.000000 0.000000 -1.000000
vn 0.000000 0.000000 -1.000000
vn 0.000000 0.000000 -1.000000
vn 0.000000 0.000000 -1.000000
vn 0.000000 0.000000 -1.000000
vn 0.000000 0.000000 -1.000000
vn 0.000000 0.000000 -1.000000
vn 0.000000 0.000000 -1.000000
vn 0.000000 0.000000 -1.000000
vn 0.000000 0.000000 -1.000000
vn 0.000000 0.000000 -1.000000
vn 0.000000 0.000000 -1.000000
vn 0.000000 0.000000 -1.000000
vn 0.000000 0.000000 -1.000000
vn 0.000000 0.000000 -1.000000
vn 0.000000 0.000000 -1.000000
vn 0.000000 0.000000 -1.000000
vn 0.000000 0.000000 -1.000000
vn 0.000000 0.000000 -1.000000
vn 0.000000 0.000000 -1.000000
vn 0.000000 0.000000 -1.000000
vn 0.000000 0.000000 -1.000000
vn 0.000000 -0.000000 -1.000000
vn 0.000000 0.000000 -1.000000
vn 0.000000 0.000000 -1.000000
vn 0.000000 0.000000 -1.000000
vn 0.000000 0.000000 -1.000000
vn 0.000000 -0.000000 -1.000000
vn 0.000000 -0.000000 -1.000000
vn 0.000000 -0.000000 -1.000000
vn 0.000000 0.000000 -1.000000
vn 0.000000 0.000000 -1.000000
vn 0.000000 0.000000 -1.000000
vn 0.000000 0.000000 -1.000000
vn 0.000000 -0.000000 -1.000000
vn 0.000000 0.000000 -1.000000
vn 0.000000 0.000000 -1.000000
vn 0.000000 0.000000 -1.000000
vn 0.000000 -0.000000 -1.000000
vn 0.000000 -0.000000 -1.000000
vn 0.000000 -0.000000 -1.000000
vn 0.000000 -0.000000 -1.000000
vn 0.000000 0.000000 -1.000000
vn 0.000000 0.000000 -1.000000
vn 0.000000 0.000000 -1.000000
vn 0.000000 0.000000 -1.000000
vn 0.000000 0.000000 -1.000000
vn 0.000000 -0.000000 -1.000000
vn 0.000000 -0.000000 -1.000000
vn 0.000000 0.000000 -1.000000
vn 0.000000 0.000000 -1.000000
vn 0.000000 0.000000 -1.000000
vn 0.000000 -0.000000 -1.000000
vn 0.000000 -0.000000 -1.000000
vn 0.000000 0.000000 -1.000000
vn 0.000000 0.000000 -1.000000
vn 0.000000 0.000000 -1.000000
vn 0.000000 -0.000000 -1.000000
vn 0.000000 -0.000000 -1.000000
vn 0.000000 0.000000 -1.000000
vn 0.000000 0.000000 -1.000000
vn 0.000000 -0.000000 -1.000000
vn 0.000000 -0.000000 -1.000000
vn 0.000000 -0.000000 -1.000000
vn 0.000000 -0.000000 -1.000000
vn 0.000000 0.000000 -1.000000
vn 0.000000 0.000000 -1.000000
vn 0.000000 0.000000 -1.000000
vn 0.000000 0.000000 -1.000000
vn 0.000000 0.000000 -1.000000
vn 0.000000 0.000000 -1.000000
vn 0.000000 0.000000 -1.000000
vn 0.000000 0.000000 -1.000000
vn 0.000000 0.000000 -1.000000
vn 0.000000 -0.000000 -1.000000
vn 0.000000 -0.000000 -1.000000
vn 0.000000 -0.000000 -1.000000
vn 0.000000 -0.000000 -1.000000
vn 0.000000 -0.000000 -1.000000
vn 0.000000 -0.000000 -1.000000
vn 0.000000 0.000000 -1.000000
vn 0.000000 0.000000 -1.000000
vn 0.000000 0.000000 -1.000000
vn 0.000000 0.000000 -1.000000
vn 0.000000 -0.000000 -1.000000
vn 0.000000 -0.000000 -1.000000
vn 0.000000 -0.000000 -1.000000
vn 0.000000 0.000000 -1.000000
vn -0.000000 -0.000000 -1.000000
vn -0.000000 -0.000000 -1.000000
vn 0.000000 0.000000 -1.000000
vn -0.000000 -0.000000 -1.000000
vn -0.000000 -0.000000 -1.000000
vn 0.000000 0.000000 -1.000000
vn 0.000000 0.000000 -1.000000
vn 0.000000 0.000000 -1.000000
vn 0.000000 0.000000 -1.000000
vn 0.000000 0.000000 -1.000000
vn -0.000000 -0.000000 -1.000000
vn -0.000000 -0.000000 -1.000000
vn 0.000000 0.000000 -1.000000
vn -0.000000 -0.000000 -1.000000
vn -0.000000 -0.000000 -1.000000
vn -0.000000 -0.000000 -1.000000
vn 0.000000 0.000000 -1.000000
vn 0.000000 0.000000 -1.000000
vn 0.000000 0.000000 -1.000000
vn 0.000000 -0.000000 -1.000000
vn 0.000000 0.000000 -1.000000
vn 0.000000 0.000000 -1.000000
vn 0.000000 0.000000 -1.000000
vn 0.000000 0.000000 -1.000000
vn -0.000000 -0.000000 -1.000000
vn 0.000000 -0.000000 -1.000000
vn 0.000000 0.000000 -1.000000
vn -0.000000 -0.000000 -1.000000
vn 0.000000 0.000000 -1.000000
vn -0.000000 -0.000000 -1.000000
vn -0.000000 -0.000000 -1.000000
vn -0.000000 -0.000000 -1.000000
vn -0.000000 -0.000000 -1.000000
vn 0.000000 0.000000 -1.000000
f 1//1 2//1 3//1
f 3//2 2//2 4//2
f 5//3 6//3 7//3
f 5//4 7//4 8//4
f 1//5 6//5 2//5
f 6//6 5//6 2//6
f 7//7 3//7 4//7
f 8//8 7//8 4//8
f 3//9 7//9 1//9
f 1//10 7//10 6//10
f 8//11 4//11 2//11
f 8//12 2//12 5//12
f 9//13 10//13 11//13
f 9//14 11//14 987//14
f 9//15 987//15 984//15
f 12//16 9//16 984//16
f 13//17 984//17 983//17
f 13//18 983//18 981//18
f 13//19 12//19 984//19
f 14//20 13//20 981//20
f 15//21 981//21 16//21
f 15//22 14//22 981//22
f 17//23 16//23 18//23
f 17//24 18//24 976//24
f 17//25 15//25 16//25
f 19//26 17//26 976//26
f 20//27 976//27 974//27
f 20//28 19//28 976//28
f 21//29 974//29 22//29
f 21//30 20//30 974//30
f 23//31 22//31 972//31
f 23//32 21//32 22//32
f 24//33 23//33 972//33
f 24//34 972//34 25//34
f 26//35 24//35 25//35
f 26//36 25//36 27//36
f 26//37 27//37 28//37
f 29//38 26//38 28//38
f 29//39 28//39 30//39
f 31//40 29//40 30//40
f 32//41 31//41 30//41
f 32//42 30//42 966//42
f 33//43 32//43 966//43
f 33//44 966//44 34//44
f 35//45 33//45 34//45
f 35//46 34//46 36//46
f 35//47 36//47 962//47
f 37//48 35//48 962//48
f 38//49 37//49 962//49
f 38//50 962//50 39//50
f 38//51 39//51 959//51
f 40//52 38//52 959//52
f 41//53 40//53 959//53
f 41//54 959//54 957//54
f 41//55 957//55 42//55
f 43//56 41//56 42//56
f 43//57 42//57 954//57
f 44//58 43//58 954//58
f 45//59 954//59 952//59
f 45//60 952//60 46//60
f 45//61 44//61 954//61
f 47//62 46//62 48//62
f 47//63 45//63 46//63
f 49//64 47//64 48//64
f 50//65 48//65 948//65
f 50//66 948//66 946//66
f 50//67 49//67 48//67
f 51//68 946//68 52//68
f 51//69 50//69 946//69
f 53//70 51//70 52//70
f 54//71 52//71 55//71
f 54//72 53//72 52//72
f 56//73 55//73 942//73
f 56//74 54//74 55//74
f 57//75 942//75 940//75
f 57//76 56//76 942//76
f 58//77 940//77 938//77
f 58//78 57//78 940//78
f 59//79 938//79 935//79
f 59//80 58//80 938//80
f 60//81 935//81 933//81
f 60//82 59//82 935//82
f 61//83 933//83 932//83
f 61//84 60//84 933//84
f 62//85 61//85 932//85
f 62//86 932//86 929//86
f 63//87 62//87 929//87
f 63//88 929//88 927//88
f 64//89 63//89 927//89
f 64//90 927//90 65//90
f 66//91 64//91 65//91
f 66//92 65//92 924//92
f 66//93 924//93 67//93
f 68//94 66//94 67//94
f 69//95 68//95 67//95
f 69//96 67//96 70//96
f 71//97 69//97 70//97
f 71//98 70//98 920//98
f 72//99 71//99 920//99
f 72//100 920//100 73//100
f 74//101 72//101 73//101
f 74//102 73//102 75//102
f 76//103 74//103 75//103
f 76//104 75//104 917//104
f 76//105 917//105 915//105
f 77//106 76//106 915//106
f 78//107 77//107 915//107
f 78//108 915//108 79//108
f 80//109 78//109 79//109
f 80//110 79//110 911//110
f 81//111 80//111 911//111
f 81//112 911//112 82//112
f 81//113 82//113 909//113
f 83//114 81//114 909//114
f 84//115 83//115 909//115
f 84//116 909//116 907//116
f 85//117 84//117 907//117
f 85//118 907//118 905//118
f 85//119 905//119 903//119
f 86//120 85//120 903//120
f 86//121 903//121 901//121
f 87//122 86//122 901//122
f 87//123 901//123 898//123
f 88//124 87//124 898//124
f 89//125 88//125 898//125
f 89//126 898//126 897//126
f 90//127 897//127 91//127
f 90//128 89//128 897//128
f 92//129 91//129 893//129
f 92//130 90//130 91//130
f 93//131 893//131 94//131
f 93//132 94//132 890//132
f 93//133 92//133 893//133
f 95//134 93//134 890//134
f 96//135 95//135 890//135
f 96//136 890//136 889//136
f 97//137 96//137 889//137
f 97//138 889//138 888//138
f 97//139 888//139 1078//139
f 98//140 97//140 1078//140
f 99//141 98//141 1078//141
f 99//142 1078//142 1075//142
f 100//143 99//143 1075//143
f 100//144 1075//144 101//144
f 100//145 101//145 102//145
f 103//146 100//146 102//146
f 104//147 103//147 102//147
f 104//148 102//148 1072//148
f 104//149 1072//149 1070//149
f 105//150 104//150 1070//150
f 106//151 105//151 1070//151
f 106//152 1070//152 107//152
f 108//153 106//153 107//153
f 108//154 107//154 109//154
f 108//155 109//155 110//155
f 111//156 108//156 110//156
f 112//157 111//157 110//157
f 112//158 110//158 1065//158
f 113//159 112//159 1065//159
f 113//160 1065//160 114//160
f 115//161 114//161 116//161
f 115//162 113//162 114//162
f 117//163 116//163 1061//163
f 117//164 115//164 116//164
f 118//165 1061//165 119//165
f 118//166 119//166 1058//166
f 118//167 117//167 1061//167
f 120//168 118//168 1058//168
f 121//169 1058//169 1056//169
f 121//170 120//170 1058//170
f 122//171 1056//171 1054//171
f 122//172 121//172 1056//172
f 123//173 1054//173 124//173
f 123//174 122//174 1054//174
f 125//175 124//175 126//175
f 125//176 123//176 124//176
f 127//177 126//177 1050//177
f 127//178 125//178 126//178
f 128//179 1050//179 129//179
f 128//180 127//180 1050//180
f 130//181 129//181 131//181
f 130//182 128//182 129//182
f 132//183 131//183 133//183
f 132//184 133//184 1045//184
f 132//185 130//185 131//185
f 134//186 132//186 1045//186
f 135//187 134//187 1045//187
f 135//188 1045//188 136//188
f 137//189 135//189 136//189
f 137//190 136//190 138//190
f 139//191 137//191 138//191
f 139//192 138//192 140//192
f 141//193 139//193 140//193
f 141//194 140//194 142//194
f 141//195 142//195 143//195
f 144//196 141//196 143//196
f 144//197 143//197 145//197
f 146//198 144//198 145//198
f 147//199 145//199 1037//199
f 147//200 146//200 145//200
f 148//201 1037//201 149//201
f 148//202 147//202 1037//202
f 150//203 149//203 151//203
f 150//204 148//204 149//204
f 152//205 151//205 153//205
f 152//206 150//206 151//206
f 154//207 153//207 1032//207
f 154//208 152//208 153//208
f 155//209 1032//209 156//209
f 155//210 154//210 1032//210
f 157//211 156//211 158//211
f 157//212 155//212 156//212
f 159//213 158//213 1028//213
f 159//214 157//214 158//214
f 160//215 1028//215 161//215
f 160//216 159//216 1028//216
f 162//217 161//217 163//217
f 162//218 160//218 161//218
f 164//219 163//219 165//219
f 164//220 162//220 163//220
f 166//221 165//221 1023//221
f 166//222 164//222 165//222
f 167//223 1023//223 168//223
f 167//224 166//224 1023//224
f 169//225 168//225 170//225
f 169//226 167//226 168//226
f 171//227 170//227 1019//227
f 171//228 169//228 170//228
f 172//229 1019//229 1017//229
f 172//230 171//230 1019//230
f 173//231 1017//231 1015//231
f 173//232 172//232 1017//232
f 174//233 1015//233 175//233
f 174//234 175//234 1012//234
f 174//235 173//235 1015//235
f 176//236 174//236 1012//236
f 177//237 176//237 1012//237
f 177//238 1012//238 178//238
f 179//239 177//239 178//239
f 179//240 178//240 1009//240
f 180//241 179//241 1009//241
f 180//242 1009//242 1007//242
f 181//243 180//243 1007//243
f 181//244 1007//244 182//244
f 183//245 181//245 182//245
f 183//246 182//246 1003//246
f 184//247 183//247 1003//247
f 184//248 1003//248 185//248
f 186//249 184//249 185//249
f 186//250 185//250 187//250
f 188//251 186//251 187//251
f 188//252 187//252 999//252
f 189//253 188//253 999//253
f 189//254 999//254 998//254
f 189//255 998//255 995//255
f 190//256 189//256 995//256
f 191//257 190//257 995//257
f 191//258 995//258 994//258
f 191//259 994//259 992//259
f 192//260 191//260 992//260
f 193//261 992//261 989//261
f 193//262 192//262 992//262
f 10//263 989//263 11//263
f 10//264 193//264 989//264
f 123//265 121//265 122//265
f 115//266 117//266 118//266
f 113//267 121//267 123//267
f 113//268 115//268 118//268
f 113//269 118//269 120//269
f 113//270 120//270 121//270
f 113//271 123//271 125//271
f 132//272 127//272 128//272
f 132//273 128//273 130//273
f 108//274 111//274 112//274
f 108//275 112//275 113//275
f 135//276 127//276 132//276
f 135//277 132//277 134//277
f 105//278 106//278 108//278
f 137//279 127//279 135//279
f 137//280 125//280 127//280
f 103//281 105//281 108//281
f 103//282 104//282 105//282
f 141//283 137//283 139//283
f 99//284 100//284 103//284
f 147//285 137//285 141//285
f 147//286 141//286 144//286
f 147//287 144//287 146//287
f 150//288 147//288 148//288
f 93//289 95//289 96//289
f 93//290 96//290 97//290
f 93//291 97//291 98//291
f 154//292 150//292 152//292
f 154//293 147//293 150//293
f 92//294 98//294 99//294
f 92//295 93//295 98//295
f 155//296 125//296 137//296
f 155//297 137//297 147//297
f 155//298 147//298 154//298
f 89//299 92//299 99//299
f 89//300 90//300 92//300
f 89//301 99//301 103//301
f 160//302 157//302 159//302
f 86//303 87//303 88//303
f 86//304 88//304 89//304
f 164//305 160//305 162//305
f 164//306 108//306 113//306
f 164//307 113//307 125//307
f 164//308 103//308 108//308
f 164//309 125//309 155//309
f 164//310 157//310 160//310
f 164//311 155//311 157//311
f 167//312 164//312 166//312
f 169//313 103//313 164//313
f 169//314 164//314 167//314
f 81//315 86//315 89//315
f 81//316 83//316 84//316
f 81//317 84//317 85//317
f 81//318 85//318 86//318
f 80//319 81//319 89//319
f 173//320 171//320 172//320
f 77//321 78//321 80//321
f 174//322 169//322 171//322
f 174//323 89//323 103//323
f 174//324 103//324 169//324
f 174//325 171//325 173//325
f 176//326 89//326 174//326
f 72//327 80//327 89//327
f 72//328 74//328 76//328
f 72//329 76//329 77//329
f 72//330 77//330 80//330
f 180//331 176//331 177//331
f 180//332 177//332 179//332
f 183//333 180//333 181//333
f 184//334 176//334 180//334
f 184//335 180//335 183//335
f 186//336 176//336 184//336
f 63//337 64//337 66//337
f 63//338 66//338 68//338
f 63//339 68//339 69//339
f 63//340 69//340 71//340
f 62//341 71//341 72//341
f 62//342 63//342 71//342
f 190//343 186//343 188//343
f 190//344 188//344 189//344
f 190//345 89//345 176//345
f 190//346 176//346 186//346
f 59//347 60//347 61//347
f 59//348 61//348 62//348
f 192//349 190//349 191//349
f 10//350 190//350 192//350
f 10//351 192//351 193//351
f 9//352 190//352 10//352
f 54//353 56//353 57//353
f 54//354 57//354 58//354
f 12//355 190//355 9//355
f 13//356 89//356 190//356
f 13//357 190//357 12//357
f 50//358 59//358 62//358
f 50//359 54//359 58//359
f 50//360 51//360 53//360
f 50//361 53//361 54//361
f 50//362 58//362 59//362
f 15//363 13//363 14//363
f 45//364 47//364 49//364
f 45//365 49//365 50//365
f 20//366 15//366 17//366
f 20//367 17//367 19//367
f 20//368 89//368 13//368
f 20//369 13//369 15//369
f 44//370 45//370 50//370
f 23//371 20//371 21//371
f 41//372 43//372 44//372
f 41//373 44//373 50//373
f 26//374 23//374 24//374
f 38//375 50//375 62//375
f 38//376 40//376 41//376
f 38//377 89//377 20//377
f 38//378 20//378 23//378
f 38//379 23//379 26//379
f 38//380 72//380 89//380
f 38//381 41//381 50//381
f 38//382 62//382 72//382
f 31//383 26//383 29//383
f 35//384 37//384 38//384
f 33//385 31//385 32//385
f 33//386 38//386 26//386
f 33//387 35//387 38//387
f 33//388 26//388 31//388
f 1056//389 124//389 1054//389
f 114//390 1065//390 116//390
f 116//391 1065//391 1061//391
f 1061//392 1065//392 119//392
f 119//393 1065//393 1058//393
f 1058//394 1065//394 1056//394
f 1050//395 131//395 129//395
f 110//396 109//396 1065//396
f 1050//397 1045//397 131//397
f 131//398 1045//398 133//398
f 1056//399 1070//399 124//399
f 1065//400 1070//400 1056//400
f 109//401 1070//401 1065//401
f 107//402 1070//402 109//402
f 124//403 1070//403 126//403
f 1045//404 138//404 136//404
f 1072//405 102//405 1070//405
f 138//406 143//406 140//406
f 140//407 143//407 142//407
f 101//408 1075//408 102//408
f 138//409 145//409 143//409
f 1050//410 1037//410 1045//410
f 1045//411 1037//411 138//411
f 126//412 1037//412 1050//412
f 138//413 1037//413 145//413
f 890//414 94//414 889//414
f 889//415 94//415 888//415
f 888//416 94//416 1078//416
f 1037//417 156//417 149//417
f 149//418 156//418 151//418
f 151//419 156//419 153//419
f 153//420 156//420 1032//420
f 91//421 897//421 893//421
f 893//422 897//422 94//422
f 1078//423 897//423 1075//423
f 1070//424 897//424 126//424
f 102//425 897//425 1070//425
f 1075//426 897//426 102//426
f 94//427 897//427 1078//427
f 1037//428 1028//428 156//428
f 126//429 1028//429 1037//429
f 156//430 1028//430 158//430
f 126//431 161//431 1028//431
f 901//432 903//432 898//432
f 898//433 903//433 897//433
f 163//434 1023//434 165//434
f 903//435 907//435 897//435
f 905//436 907//436 903//436
f 161//437 168//437 163//437
f 163//438 168//438 1023//438
f 909//439 82//439 907//439
f 168//440 1019//440 170//440
f 161//441 1019//441 168//441
f 907//442 79//442 897//442
f 82//443 79//443 907//443
f 911//444 79//444 82//444
f 1019//445 1015//445 1017//445
f 161//446 1015//446 1019//446
f 161//447 175//447 1015//447
f 161//448 1012//448 175//448
f 917//449 75//449 915//449
f 915//450 75//450 79//450
f 73//451 920//451 75//451
f 75//452 920//452 79//452
f 1012//453 1007//453 178//453
f 178//454 1007//454 1009//454
f 161//455 1007//455 1012//455
f 79//456 70//456 897//456
f 920//457 70//457 79//457
f 161//458 182//458 1007//458
f 897//459 185//459 126//459
f 182//460 185//460 1003//460
f 126//461 185//461 161//461
f 161//462 185//462 182//462
f 924//463 65//463 67//463
f 67//464 65//464 70//464
f 927//465 929//465 65//465
f 929//466 932//466 65//466
f 933//467 935//467 932//467
f 65//468 935//468 70//468
f 932//469 935//469 65//469
f 999//470 992//470 998//470
f 998//471 992//471 995//471
f 995//472 992//472 994//472
f 992//473 11//473 989//473
f 940//474 942//474 938//474
f 992//475 987//475 11//475
f 999//476 987//476 992//476
f 942//477 55//477 938//477
f 938//478 55//478 935//478
f 935//479 55//479 70//479
f 987//480 983//480 984//480
f 999//481 983//481 987//481
f 999//482 981//482 983//482
f 946//483 948//483 52//483
f 999//484 16//484 981//484
f 948//485 48//485 52//485
f 52//486 48//486 55//486
f 16//487 976//487 18//487
f 55//488 952//488 70//488
f 46//489 952//489 48//489
f 48//490 952//490 55//490
f 952//491 954//491 70//491
f 70//492 954//492 897//492
f 897//493 954//493 185//493
f 42//494 957//494 954//494
f 954//495 957//495 185//495
f 22//496 25//496 972//496
f 976//497 27//497 974//497
f 974//498 27//498 22//498
f 187//499 27//499 999//499
f 999//500 27//500 16//500
f 16//501 27//501 976//501
f 22//502 27//502 25//502
f 185//503 28//503 187//503
f 187//504 28//504 27//504
f 39//505 962//505 959//505
f 959//506 36//506 957//506
f 962//507 36//507 959//507
f 28//508 966//508 30//508
f 957//509 34//509 185//509
f 185//510 34//510 28//510
f 28//511 34//511 966//511
f 36//512 34//512 957//512
f 194//513 195//513 196//513
f 194//514 196//514 197//514
f 198//515 197//515 199//515
f 198//516 194//516 197//516
f 200//517 199//517 201//517
f 200//518 198//518 199//518
f 202//519 201//519 203//519
f 202//520 200//520 201//520
f 204//521 203//521 205//521
f 204//522 202//522 203//522
f 206//523 205//523 207//523
f 206//524 204//524 205//524
f 208//525 207//525 209//525
f 208//526 206//526 207//526
f 210//527 209//527 211//527
f 210//528 208//528 209//528
f 212//529 211//529 213//529
f 212//530 210//530 211//530
f 214//531 213//531 215//531
f 214//532 212//532 213//532
f 216//533 214//533 215//533
f 216//534 215//534 217//534
f 218//535 216//535 217//535
f 218//536 217//536 219//536
f 220//537 218//537 219//537
f 220//538 219//538 221//538
f 220//539 221//539 222//539
f 223//540 220//540 222//540
f 224//541 223//541 222//541
f 224//542 222//542 225//542
f 226//543 224//543 225//543
f 226//544 225//544 227//544
f 228//545 226//545 227//545
f 228//546 227//546 229//546
f 228//547 229//547 230//547
f 231//548 228//548 230//548
f 232//549 231//549 230//549
f 232//550 230//550 233//550
f 232//551 233//551 234//551
f 235//552 232//552 234//552
f 236//553 235//553 234//553
f 236//554 234//554 237//554
f 236//555 237//555 238//555
f 239//556 236//556 238//556
f 240//557 238//557 241//557
f 240//558 239//558 238//558
f 242//559 241//559 243//559
f 242//560 240//560 241//560
f 244//561 243//561 245//561
f 244//562 242//562 243//562
f 246//563 245//563 247//563
f 246//564 244//564 245//564
f 248//565 247//565 249//565
f 248//566 246//566 247//566
f 250//567 249//567 251//567
f 250//568 248//568 249//568
f 252//569 251//569 253//569
f 252//570 250//570 251//570
f 254//571 253//571 255//571
f 254//572 252//572 253//572
f 256//573 255//573 257//573
f 256//574 254//574 255//574
f 258//575 257//575 259//575
f 258//576 259//576 260//576
f 258//577 256//577 257//577
f 261//578 258//578 260//578
f 262//579 260//579 263//579
f 262//580 261//580 260//580
f 264//581 263//581 265//581
f 264//582 262//582 263//582
f 266//583 265//583 267//583
f 266//584 264//584 265//584
f 268//585 266//585 267//585
f 268//586 267//586 269//586
f 270//587 268//587 269//587
f 270//588 269//588 271//588
f 270//589 271//589 272//589
f 273//590 270//590 272//590
f 274//591 273//591 272//591
f 274//592 272//592 275//592
f 276//593 274//593 275//593
f 276//594 275//594 277//594
f 278//595 276//595 277//595
f 278//596 277//596 279//596
f 280//597 278//597 279//597
f 280//598 279//598 281//598
f 282//599 280//599 281//599
f 282//600 281//600 283//600
f 284//601 282//601 283//601
f 284//602 283//602 285//602
f 286//603 284//603 285//603
f 286//604 285//604 287//604
f 288//605 286//605 287//605
f 288//606 287//606 289//606
f 290//607 288//607 289//607
f 290//608 289//608 291//608
f 292//609 290//609 291//609
f 292//610 291//610 293//610
f 294//611 292//611 293//611
f 294//612 293//612 295//612
f 296//613 294//613 295//613
f 296//614 295//614 297//614
f 298//615 296//615 297//615
f 298//616 297//616 299//616
f 298//617 299//617 300//617
f 301//618 298//618 300//618
f 302//619 301//619 300//619
f 302//620 300//620 303//620
f 304//621 302//621 303//621
f 304//622 303//622 305//622
f 306//623 304//623 305//623
f 306//624 305//624 307//624
f 308//625 306//625 307//625
f 308//626 307//626 309//626
f 310//627 309//627 311//627
f 310//628 308//628 309//628
f 312//629 311//629 313//629
f 312//630 310//630 311//630
f 314//631 313//631 315//631
f 314//632 312//632 313//632
f 316//633 315//633 317//633
f 316//634 314//634 315//634
f 318//635 316//635 317//635
f 318//636 317//636 319//636
f 320//637 318//637 319//637
f 320//638 319//638 321//638
f 322//639 320//639 321//639
f 322//640 321//640 323//640
f 324//641 322//641 323//641
f 324//642 323//642 325//642
f 326//643 324//643 325//643
f 326//644 325//644 327//644
f 328//645 326//645 327//645
f 328//646 327//646 329//646
f 330//647 328//647 329//647
f 330//648 329//648 331//648
f 332//649 330//649 331//649
f 332//650 331//650 333//650
f 334//651 332//651 333//651
f 334//652 333//652 335//652
f 336//653 334//653 335//653
f 336//654 335//654 337//654
f 338//655 336//655 337//655
f 338//656 337//656 339//656
f 340//657 338//657 339//657
f 340//658 339//658 341//658
f 340//659 341//659 342//659
f 343//660 340//660 342//660
f 344//661 342//661 345//661
f 344//662 343//662 342//662
f 346//663 345//663 347//663
f 346//664 344//664 345//664
f 348//665 347//665 349//665
f 348//666 346//666 347//666
f 350//667 349//667 351//667
f 350//668 348//668 349//668
f 352//669 351//669 353//669
f 352//670 350//670 351//670
f 354//671 353//671 355//671
f 354//672 352//672 353//672
f 356//673 355//673 357//673
f 356//674 354//674 355//674
f 358//675 357//675 359//675
f 358//676 356//676 357//676
f 360//677 359//677 361//677
f 360//678 358//678 359//678
f 362//679 361//679 363//679
f 362//680 363//680 364//680
f 362//681 360//681 361//681
f 365//682 362//682 364//682
f 366//683 364//683 367//683
f 366//684 365//684 364//684
f 368//685 367//685 369//685
f 368//686 366//686 367//686
f 370//687 368//687 369//687
f 370//688 369//688 371//688
f 372//689 370//689 371//689
f 372//690 371//690 373//690
f 374//691 372//691 373//691
f 374//692 373//692 375//692
f 376//693 374//693 375//693
f 376//694 375//694 377//694
f 378//695 377//695 379//695
f 378//696 376//696 377//696
f 380//697 379//697 381//697
f 380//698 378//698 379//698
f 382//699 381//699 383//699
f 382//700 380//700 381//700
f 384//701 383//701 385//701
f 384//702 382//702 383//702
f 386//703 385//703 387//703
f 386//704 384//704 385//704
f 388//705 387//705 389//705
f 388//706 386//706 387//706
f 390//707 389//707 391//707
f 390//708 388//708 389//708
f 392//709 391//709 393//709
f 392//710 390//710 391//710
f 394//711 393//711 395//711
f 394//712 392//712 393//712
f 396//713 395//713 397//713
f 396//714 394//714 395//714
f 398//715 397//715 399//715
f 398//716 396//716 397//716
f 400//717 399//717 401//717
f 400//718 398//718 399//718
f 402//719 401//719 403//719
f 402//720 400//720 401//720
f 404//721 403//721 405//721
f 404//722 402//722 403//722
f 406//723 405//723 407//723
f 406//724 404//724 405//724
f 408//725 407//725 409//725
f 408//726 406//726 407//726
f 410//727 409//727 411//727
f 410//728 408//728 409//728
f 412//729 411//729 413//729
f 412//730 410//730 411//730
f 414//731 413//731 415//731
f 414//732 412//732 413//732
f 416//733 415//733 417//733
f 416//734 414//734 415//734
f 418//735 416//735 417//735
f 418//736 417//736 419//736
f 420//737 418//737 419//737
f 420//738 419//738 421//738
f 422//739 420//739 421//739
f 422//740 421//740 423//740
f 424//741 422//741 423//741
f 424//742 423//742 425//742
f 426//743 424//743 425//743
f 426//744 425//744 427//744
f 428//745 426//745 427//745
f 428//746 427//746 429//746
f 430//747 428//747 429//747
f 430//748 429//748 431//748
f 432//749 430//749 431//749
f 432//750 431//750 433//750
f 434//751 432//751 433//751
f 434//752 433//752 435//752
f 436//753 434//753 435//753
f 436//754 435//754 437//754
f 438//755 436//755 437//755
f 438//756 437//756 439//756
f 440//757 438//757 439//757
f 440//758 439//758 441//758
f 442//759 440//759 441//759
f 442//760 441//760 443//760
f 444//761 443//761 445//761
f 444//762 442//762 443//762
f 195//763 445//763 196//763
f 195//764 444//764 445//764
f 348//765 350//765 352//765
f 356//766 352//766 354//766
f 346//767 348//767 352//767
f 346//768 352//768 356//768
f 344//769 346//769 356//769
f 362//770 358//770 360//770
f 340//771 343//771 344//771
f 338//772 340//772 344//772
f 366//773 358//773 362//773
f 366//774 356//774 358//774
f 366//775 362//775 365//775
f 332//776 334//776 336//776
f 372//777 344//777 356//777
f 372//778 356//778 366//778
f 372//779 366//779 368//779
f 372//780 368//780 370//780
f 378//781 344//781 372//781
f 378//782 372//782 374//782
f 378//783 374//783 376//783
f 380//784 338//784 344//784
f 380//785 344//785 378//785
f 320//786 322//786 324//786
f 320//787 324//787 326//787
f 320//788 326//788 328//788
f 320//789 328//789 330//789
f 314//790 316//790 318//790
f 314//791 318//791 320//791
f 314//792 320//792 330//792
f 390//793 380//793 382//793
f 390//794 382//794 384//794
f 390//795 384//795 386//795
f 390//796 386//796 388//796
f 310//797 312//797 314//797
f 394//798 336//798 338//798
f 394//799 338//799 380//799
f 394//800 380//800 390//800
f 394//801 390//801 392//801
f 396//802 336//802 394//802
f 396//803 332//803 336//803
f 396//804 330//804 332//804
f 304//805 306//805 308//805
f 304//806 308//806 310//806
f 302//807 310//807 314//807
f 302//808 304//808 310//808
f 301//809 302//809 314//809
f 404//810 396//810 398//810
f 404//811 398//811 400//811
f 404//812 400//812 402//812
f 298//813 314//813 330//813
f 298//814 301//814 314//814
f 408//815 404//815 406//815
f 408//816 396//816 404//816
f 410//817 396//817 408//817
f 292//818 294//818 296//818
f 292//819 296//819 298//819
f 286//820 288//820 290//820
f 418//821 410//821 412//821
f 418//822 412//822 414//822
f 418//823 414//823 416//823
f 418//824 396//824 410//824
f 424//825 420//825 422//825
f 278//826 280//826 282//826
f 278//827 282//827 284//827
f 276//828 278//828 284//828
f 428//829 330//829 396//829
f 428//830 418//830 420//830
f 428//831 424//831 426//831
f 428//832 298//832 330//832
f 428//833 396//833 418//833
f 428//834 420//834 424//834
f 273//835 274//835 276//835
f 270//836 276//836 284//836
f 270//837 273//837 276//837
f 434//838 428//838 430//838
f 434//839 430//839 432//839
f 436//840 292//840 298//840
f 436//841 290//841 292//841
f 436//842 286//842 290//842
f 436//843 298//843 428//843
f 436//844 428//844 434//844
f 264//845 266//845 268//845
f 264//846 268//846 270//846
f 264//847 270//847 284//847
f 440//848 436//848 438//848
f 261//849 262//849 264//849
f 444//850 440//850 442//850
f 254//851 261//851 264//851
f 254//852 256//852 258//852
f 254//853 258//853 261//853
f 198//854 195//854 194//854
f 198//855 440//855 444//855
f 198//856 444//856 195//856
f 202//857 198//857 200//857
f 248//858 254//858 264//858
f 248//859 250//859 252//859
f 248//860 252//860 254//860
f 248//861 264//861 284//861
f 204//862 436//862 440//862
f 204//863 440//863 198//863
f 204//864 198//864 202//864
f 204//865 286//865 436//865
f 242//866 244//866 246//866
f 210//867 204//867 206//867
f 210//868 206//868 208//868
f 240//869 246//869 248//869
f 240//870 242//870 246//870
f 214//871 210//871 212//871
f 236//872 239//872 240//872
f 216//873 210//873 214//873
f 235//874 240//874 248//874
f 235//875 236//875 240//875
f 218//876 210//876 216//876
f 220//877 286//877 204//877
f 220//878 204//878 210//878
f 220//879 284//879 286//879
f 220//880 210//880 218//880
f 228//881 231//881 232//881
f 226//882 220//882 223//882
f 226//883 223//883 224//883
f 226//884 248//884 284//884
f 226//885 232//885 235//885
f 226//886 228//886 232//886
f 226//887 284//887 220//887
f 226//888 235//888 248//888
f 351//889 349//889 353//889
f 353//890 357//890 355//890
f 349//891 347//891 353//891
f 353//892 347//892 357//892
f 347//893 345//893 357//893
f 359//894 363//894 361//894
f 342//895 341//895 345//895
f 341//896 339//896 345//896
f 359//897 367//897 363//897
f 357//898 367//898 359//898
f 363//899 367//899 364//899
f 335//900 333//900 337//900
f 345//901 373//901 357//901
f 357//902 373//902 367//902
f 367//903 373//903 369//903
f 369//904 373//904 371//904
f 345//905 379//905 373//905
f 373//906 379//906 375//906
f 375//907 379//907 377//907
f 339//908 381//908 345//908
f 345//909 381//909 379//909
f 323//910 321//910 325//910
f 325//911 321//911 327//911
f 327//912 321//912 329//912
f 329//913 321//913 331//913
f 317//914 315//914 319//914
f 319//915 315//915 321//915
f 321//916 315//916 331//916
f 381//917 391//917 383//917
f 383//918 391//918 385//918
f 385//919 391//919 387//919
f 387//920 391//920 389//920
f 313//921 311//921 315//921
f 337//922 395//922 339//922
f 339//923 395//923 381//923
f 381//924 395//924 391//924
f 391//925 395//925 393//925
f 337//926 397//926 395//926
f 333//927 397//927 337//927
f 331//928 397//928 333//928
f 307//929 305//929 309//929
f 309//930 305//930 311//930
f 311//931 303//931 315//931
f 305//932 303//932 311//932
f 303//933 300//933 315//933
f 397//934 405//934 399//934
f 399//935 405//935 401//935
f 401//936 405//936 403//936
f 315//937 299//937 331//937
f 300//938 299//938 315//938
f 405//939 409//939 407//939
f 397//940 409//940 405//940
f 397//941 411//941 409//941
f 295//942 293//942 297//942
f 297//943 293//943 299//943
f 289//944 287//944 291//944
f 411//945 419//945 413//945
f 413//946 419//946 415//946
f 415//947 419//947 417//947
f 397//948 419//948 411//948
f 421//949 425//949 423//949
f 281//950 279//950 283//950
f 283//951 279//951 285//951
f 279//952 277//952 285//952
f 331//953 429//953 397//953
f 419//954 429//954 421//954
f 425//955 429//955 427//955
f 299//956 429//956 331//956
f 397//957 429//957 419//957
f 421//958 429//958 425//958
f 275//959 272//959 277//959
f 277//960 271//960 285//960
f 272//961 271//961 277//961
f 429//962 435//962 431//962
f 431//963 435//963 433//963
f 293//964 437//964 299//964
f 291//965 437//965 293//965
f 287//966 437//966 291//966
f 299//967 437//967 429//967
f 429//968 437//968 435//968
f 267//969 265//969 269//969
f 269//970 265//970 271//970
f 271//971 265//971 285//971
f 437//972 441//972 439//972
f 263//973 260//973 265//973
f 441//974 445//974 443//974
f 260//975 255//975 265//975
f 257//976 255//976 259//976
f 259//977 255//977 260//977
f 196//978 199//978 197//978
f 441//979 199//979 445//979
f 445//980 199//980 196//980
f 199//981 203//981 201//981
f 255//982 249//982 265//982
f 251//983 249//983 253//983
f 253//984 249//984 255//984
f 265//985 249//985 285//985
f 437//986 205//986 441//986
f 441//987 205//987 199//987
f 199//988 205//988 203//988
f 287//989 205//989 437//989
f 245//990 243//990 247//990
f 205//991 211//991 207//991
f 207//992 211//992 209//992
f 247//993 241//993 249//993
f 243//994 241//994 247//994
f 211//995 215//995 213//995
f 238//996 237//996 241//996
f 211//997 217//997 215//997
f 241//998 234//998 249//998
f 237//999 234//999 241//999
f 211//1000 219//1000 217//1000
f 287//1001 221//1001 205//1001
f 205//1002 221//1002 211//1002
f 285//1003 221//1003 287//1003
f 211//1004 221//1004 219//1004
f 230//1005 229//1005 233//1005
f 221//1006 227//1006 222//1006
f 222//1007 227//1007 225//1007
f 249//1008 227//1008 285//1008
f 233//1009 227//1009 234//1009
f 229//1010 227//1010 233//1010
f 285//1011 227//1011 221//1011
f 234//1012 227//1012 249//1012
f 446//1013 447//1013 1430//1013
f 446//1014 1430//1014 1428//1014
f 446//1015 1428//1015 448//1015
f 449//1016 446//1016 448//1016
f 450//1017 448//1017 1425//1017
f 450//1018 1425//1018 451//1018
f 450//1019 449//1019 448//1019
f 452//1020 450//1020 451//1020
f 453//1021 451//1021 1422//1021
f 453//1022 452//1022 451//1022
f 454//1023 1422//1023 455//1023
f 454//1024 455//1024 1418//1024
f 454//1025 453//1025 1422//1025
f 456//1026 454//1026 1418//1026
f 457//1027 1418//1027 1416//1027
f 457//1028 456//1028 1418//1028
f 458//1029 1416//1029 1414//1029
f 458//1030 457//1030 1416//1030
f 459//1031 1414//1031 460//1031
f 459//1032 458//1032 1414//1032
f 461//1033 459//1033 460//1033
f 461//1034 460//1034 1412//1034
f 462//1035 461//1035 1412//1035
f 462//1036 1412//1036 1409//1036
f 462//1037 1409//1037 1408//1037
f 463//1038 462//1038 1408//1038
f 463//1039 1408//1039 464//1039
f 465//1040 463//1040 464//1040
f 466//1041 465//1041 464//1041
f 466//1042 464//1042 467//1042
f 468//1043 466//1043 467//1043
f 468//1044 467//1044 1403//1044
f 469//1045 468//1045 1403//1045
f 469//1046 1403//1046 1402//1046
f 469//1047 1402//1047 470//1047
f 471//1048 469//1048 470//1048
f 472//1049 471//1049 470//1049
f 472//1050 470//1050 473//1050
f 472//1051 473//1051 474//1051
f 475//1052 472//1052 474//1052
f 476//1053 475//1053 474//1053
f 476//1054 474//1054 1397//1054
f 476//1055 1397//1055 477//1055
f 478//1056 476//1056 477//1056
f 478//1057 477//1057 1394//1057
f 479//1058 478//1058 1394//1058
f 480//1059 1394//1059 481//1059
f 480//1060 481//1060 482//1060
f 480//1061 479//1061 1394//1061
f 483//1062 482//1062 484//1062
f 483//1063 480//1063 482//1063
f 485//1064 483//1064 484//1064
f 486//1065 484//1065 1389//1065
f 486//1066 1389//1066 1387//1066
f 486//1067 485//1067 484//1067
f 487//1068 1387//1068 1385//1068
f 487//1069 486//1069 1387//1069
f 488//1070 487//1070 1385//1070
f 489//1071 1385//1071 1383//1071
f 489//1072 488//1072 1385//1072
f 490//1073 1383//1073 491//1073
f 490//1074 489//1074 1383//1074
f 492//1075 491//1075 1380//1075
f 492//1076 490//1076 491//1076
f 493//1077 1380//1077 494//1077
f 493//1078 492//1078 1380//1078
f 495//1079 494//1079 1376//1079
f 495//1080 493//1080 494//1080
f 496//1081 1376//1081 1374//1081
f 496//1082 495//1082 1376//1082
f 497//1083 1374//1083 498//1083
f 497//1084 496//1084 1374//1084
f 499//1085 497//1085 498//1085
f 499//1086 498//1086 1371//1086
f 500//1087 499//1087 1371//1087
f 500//1088 1371//1088 1369//1088
f 501//1089 500//1089 1369//1089
f 501//1090 1369//1090 1368//1090
f 502//1091 501//1091 1368//1091
f 502//1092 1368//1092 1365//1092
f 502//1093 1365//1093 503//1093
f 504//1094 502//1094 503//1094
f 505//1095 504//1095 503//1095
f 505//1096 503//1096 1363//1096
f 506//1097 505//1097 1363//1097
f 506//1098 1363//1098 507//1098
f 508//1099 506//1099 507//1099
f 508//1100 507//1100 1360//1100
f 509//1101 508//1101 1360//1101
f 509//1102 1360//1102 510//1102
f 511//1103 509//1103 510//1103
f 511//1104 510//1104 512//1104
f 511//1105 512//1105 513//1105
f 514//1106 511//1106 513//1106
f 515//1107 514//1107 513//1107
f 515//1108 513//1108 1355//1108
f 516//1109 515//1109 1355//1109
f 516//1110 1355//1110 1352//1110
f 517//1111 516//1111 1352//1111
f 517//1112 1352//1112 518//1112
f 517//1113 518//1113 519//1113
f 520//1114 517//1114 519//1114
f 521//1115 520//1115 519//1115
f 521//1116 519//1116 1349//1116
f 522//1117 521//1117 1349//1117
f 522//1118 1349//1118 523//1118
f 522//1119 523//1119 524//1119
f 525//1120 522//1120 524//1120
f 525//1121 524//1121 526//1121
f 527//1122 525//1122 526//1122
f 527//1123 526//1123 1343//1123
f 528//1124 527//1124 1343//1124
f 529//1125 528//1125 1343//1125
f 529//1126 1343//1126 1342//1126
f 530//1127 1342//1127 1340//1127
f 530//1128 529//1128 1342//1128
f 531//1129 1340//1129 532//1129
f 531//1130 530//1130 1340//1130
f 533//1131 532//1131 1337//1131
f 533//1132 1337//1132 1334//1132
f 533//1133 531//1133 532//1133
f 534//1134 533//1134 1334//1134
f 535//1135 534//1135 1334//1135
f 535//1136 1334//1136 1333//1136
f 536//1137 535//1137 1333//1137
f 536//1138 1333//1138 537//1138
f 536//1139 537//1139 538//1139
f 539//1140 536//1140 538//1140
f 540//1141 539//1141 538//1141
f 540//1142 538//1142 1518//1142
f 541//1143 540//1143 1518//1143
f 541//1144 1518//1144 542//1144
f 541//1145 542//1145 543//1145
f 544//1146 541//1146 543//1146
f 545//1147 544//1147 543//1147
f 545//1148 543//1148 1515//1148
f 545//1149 1515//1149 1513//1149
f 546//1150 545//1150 1513//1150
f 547//1151 546//1151 1513//1151
f 547//1152 1513//1152 548//1152
f 549//1153 547//1153 548//1153
f 549//1154 548//1154 1510//1154
f 549//1155 1510//1155 550//1155
f 551//1156 549//1156 550//1156
f 552//1157 551//1157 550//1157
f 552//1158 550//1158 553//1158
f 554//1159 552//1159 553//1159
f 554//1160 553//1160 555//1160
f 556//1161 555//1161 1505//1161
f 556//1162 554//1162 555//1162
f 557//1163 1505//1163 558//1163
f 557//1164 556//1164 1505//1164
f 559//1165 558//1165 1501//1165
f 559//1166 1501//1166 1500//1166
f 559//1167 557//1167 558//1167
f 560//1168 559//1168 1500//1168
f 561//1169 1500//1169 1498//1169
f 561//1170 560//1170 1500//1170
f 562//1171 1498//1171 1496//1171
f 562//1172 561//1172 1498//1172
f 563//1173 1496//1173 564//1173
f 563//1174 562//1174 1496//1174
f 565//1175 564//1175 566//1175
f 565//1176 563//1176 564//1176
f 567//1177 566//1177 568//1177
f 567//1178 565//1178 566//1178
f 569//1179 568//1179 570//1179
f 569//1180 567//1180 568//1180
f 571//1181 570//1181 1490//1181
f 571//1182 569//1182 570//1182
f 572//1183 1490//1183 573//1183
f 572//1184 573//1184 574//1184
f 572//1185 571//1185 1490//1185
f 575//1186 572//1186 574//1186
f 576//1187 575//1187 574//1187
f 576//1188 574//1188 577//1188
f 578//1189 576//1189 577//1189
f 578//1190 577//1190 1485//1190
f 579//1191 578//1191 1485//1191
f 579//1192 1485//1192 580//1192
f 581//1193 579//1193 580//1193
f 581//1194 580//1194 582//1194
f 581//1195 582//1195 583//1195
f 584//1196 581//1196 583//1196
f 584//1197 583//1197 585//1197
f 586//1198 584//1198 585//1198
f 587//1199 585//1199 1479//1199
f 587//1200 586//1200 585//1200
f 588//1201 1479//1201 589//1201
f 588//1202 587//1202 1479//1202
f 590//1203 589//1203 1475//1203
f 590//1204 588//1204 589//1204
f 591//1205 1475//1205 592//1205
f 591//1206 590//1206 1475//1206
f 593//1207 592//1207 1473//1207
f 593//1208 591//1208 592//1208
f 594//1209 1473//1209 595//1209
f 594//1210 593//1210 1473//1210
f 596//1211 595//1211 597//1211
f 596//1212 594//1212 595//1212
f 598//1213 597//1213 1469//1213
f 598//1214 596//1214 597//1214
f 599//1215 1469//1215 600//1215
f 599//1216 598//1216 1469//1216
f 601//1217 600//1217 1466//1217
f 601//1218 599//1218 600//1218
f 602//1219 1466//1219 1464//1219
f 602//1220 601//1220 1466//1220
f 603//1221 1464//1221 1462//1221
f 603//1222 602//1222 1464//1222
f 604//1223 1462//1223 1460//1223
f 604//1224 603//1224 1462//1224
f 605//1225 1460//1225 1458//1225
f 605//1226 604//1226 1460//1226
f 606//1227 1458//1227 607//1227
f 606//1228 605//1228 1458//1228
f 608//1229 607//1229 609//1229
f 608//1230 606//1230 607//1230
f 610//1231 609//1231 611//1231
f 610//1232 608//1232 609//1232
f 612//1233 611//1233 613//1233
f 612//1234 613//1234 1452//1234
f 612//1235 610//1235 611//1235
f 614//1236 612//1236 1452//1236
f 615//1237 614//1237 1452//1237
f 615//1238 1452//1238 616//1238
f 617//1239 615//1239 616//1239
f 617//1240 616//1240 1449//1240
f 618//1241 617//1241 1449//1241
f 618//1242 1449//1242 619//1242
f 620//1243 618//1243 619//1243
f 620//1244 619//1244 621//1244
f 622//1245 620//1245 621//1245
f 622//1246 621//1246 623//1246
f 624//1247 622//1247 623//1247
f 624//1248 623//1248 1444//1248
f 625//1249 624//1249 1444//1249
f 625//1250 1444//1250 1442//1250
f 626//1251 625//1251 1442//1251
f 626//1252 1442//1252 1439//1252
f 627//1253 626//1253 1439//1253
f 627//1254 1439//1254 1438//1254
f 627//1255 1438//1255 1435//1255
f 628//1256 627//1256 1435//1256
f 629//1257 628//1257 1435//1257
f 629//1258 1435//1258 1434//1258
f 629//1259 1434//1259 630//1259
f 631//1260 629//1260 630//1260
f 632//1261 630//1261 633//1261
f 632//1262 631//1262 630//1262
f 447//1263 633//1263 1430//1263
f 447//1264 632//1264 633//1264
f 563//1265 561//1265 562//1265
f 556//1266 557//1266 559//1266
f 554//1267 561//1267 563//1267
f 554//1268 556//1268 559//1268
f 554//1269 559//1269 560//1269
f 554//1270 560//1270 561//1270
f 554//1271 563//1271 565//1271
f 572//1272 567//1272 569//1272
f 572//1273 569//1273 571//1273
f 549//1274 551//1274 552//1274
f 549//1275 552//1275 554//1275
f 576//1276 567//1276 572//1276
f 576//1277 572//1277 575//1277
f 546//1278 547//1278 549//1278
f 578//1279 567//1279 576//1279
f 578//1280 565//1280 567//1280
f 544//1281 546//1281 549//1281
f 544//1282 545//1282 546//1282
f 581//1283 578//1283 579//1283
f 540//1284 541//1284 544//1284
f 587//1285 578//1285 581//1285
f 587//1286 581//1286 584//1286
f 587//1287 584//1287 586//1287
f 590//1288 587//1288 588//1288
f 533//1289 534//1289 535//1289
f 533//1290 535//1290 536//1290
f 533//1291 536//1291 539//1291
f 593//1292 590//1292 591//1292
f 593//1293 587//1293 590//1293
f 531//1294 539//1294 540//1294
f 531//1295 533//1295 539//1295
f 594//1296 565//1296 578//1296
f 594//1297 578//1297 587//1297
f 594//1298 587//1298 593//1298
f 529//1299 531//1299 540//1299
f 529//1300 530//1300 531//1300
f 529//1301 540//1301 544//1301
f 599//1302 596//1302 598//1302
f 525//1303 527//1303 528//1303
f 525//1304 528//1304 529//1304
f 602//1305 599//1305 601//1305
f 602//1306 549//1306 554//1306
f 602//1307 554//1307 565//1307
f 602//1308 544//1308 549//1308
f 602//1309 565//1309 594//1309
f 602//1310 596//1310 599//1310
f 602//1311 594//1311 596//1311
f 604//1312 602//1312 603//1312
f 605//1313 544//1313 602//1313
f 605//1314 602//1314 604//1314
f 517//1315 525//1315 529//1315
f 517//1316 520//1316 521//1316
f 517//1317 521//1317 522//1317
f 517//1318 522//1318 525//1318
f 516//1319 517//1319 529//1319
f 610//1320 606//1320 608//1320
f 514//1321 515//1321 516//1321
f 612//1322 605//1322 606//1322
f 612//1323 529//1323 544//1323
f 612//1324 544//1324 605//1324
f 612//1325 606//1325 610//1325
f 614//1326 529//1326 612//1326
f 508//1327 516//1327 529//1327
f 508//1328 509//1328 511//1328
f 508//1329 511//1329 514//1329
f 508//1330 514//1330 516//1330
f 618//1331 614//1331 615//1331
f 618//1332 615//1332 617//1332
f 622//1333 618//1333 620//1333
f 624//1334 614//1334 618//1334
f 624//1335 618//1335 622//1335
f 625//1336 614//1336 624//1336
f 500//1337 501//1337 502//1337
f 500//1338 502//1338 504//1338
f 500//1339 504//1339 505//1339
f 500//1340 505//1340 506//1340
f 499//1341 506//1341 508//1341
f 499//1342 500//1342 506//1342
f 628//1343 625//1343 626//1343
f 628//1344 626//1344 627//1344
f 628//1345 529//1345 614//1345
f 628//1346 614//1346 625//1346
f 495//1347 496//1347 497//1347
f 495//1348 497//1348 499//1348
f 631//1349 628//1349 629//1349
f 447//1350 628//1350 631//1350
f 447//1351 631//1351 632//1351
f 446//1352 628//1352 447//1352
f 489//1353 490//1353 492//1353
f 489//1354 492//1354 493//1354
f 449//1355 628//1355 446//1355
f 450//1356 529//1356 628//1356
f 450//1357 628//1357 449//1357
f 486//1358 495//1358 499//1358
f 486//1359 489//1359 493//1359
f 486//1360 487//1360 488//1360
f 486//1361 488//1361 489//1361
f 486//1362 493//1362 495//1362
f 453//1363 450//1363 452//1363
f 480//1364 483//1364 485//1364
f 480//1365 485//1365 486//1365
f 457//1366 453//1366 454//1366
f 457//1367 454//1367 456//1367
f 457//1368 529//1368 450//1368
f 457//1369 450//1369 453//1369
f 479//1370 480//1370 486//1370
f 459//1371 457//1371 458//1371
f 476//1372 478//1372 479//1372
f 476//1373 479//1373 486//1373
f 462//1374 459//1374 461//1374
f 472//1375 486//1375 499//1375
f 472//1376 475//1376 476//1376
f 472//1377 529//1377 457//1377
f 472//1378 457//1378 459//1378
f 472//1379 459//1379 462//1379
f 472//1380 508//1380 529//1380
f 472//1381 476//1381 486//1381
f 472//1382 499//1382 508//1382
f 465//1383 462//1383 463//1383
f 469//1384 471//1384 472//1384
f 468//1385 465//1385 466//1385
f 468//1386 472//1386 462//1386
f 468//1387 469//1387 472//1387
f 468//1388 462//1388 465//1388
f 1498//1389 564//1389 1496//1389
f 555//1390 553//1390 1505//1390
f 1505//1391 553//1391 558//1391
f 558//1392 553//1392 1501//1392
f 1501//1393 553//1393 1500//1393
f 1500//1394 553//1394 1498//1394
f 568//1395 1490//1395 570//1395
f 550//1396 1510//1396 553//1396
f 568//1397 574//1397 1490//1397
f 1490//1398 574//1398 573//1398
f 1498//1399 1513//1399 564//1399
f 553//1400 1513//1400 1498//1400
f 1510//1401 1513//1401 553//1401
f 548//1402 1513//1402 1510//1402
f 564//1403 1513//1403 566//1403
f 574//1404 1485//1404 577//1404
f 1515//1405 543//1405 1513//1405
f 1485//1406 583//1406 580//1406
f 580//1407 583//1407 582//1407
f 542//1408 1518//1408 543//1408
f 1485//1409 585//1409 583//1409
f 568//1410 1479//1410 574//1410
f 574//1411 1479//1411 1485//1411
f 566//1412 1479//1412 568//1412
f 1485//1413 1479//1413 585//1413
f 1334//1414 1337//1414 1333//1414
f 1333//1415 1337//1415 537//1415
f 537//1416 1337//1416 538//1416
f 1479//1417 595//1417 589//1417
f 589//1418 595//1418 1475//1418
f 1475//1419 595//1419 592//1419
f 592//1420 595//1420 1473//1420
f 1340//1421 1342//1421 532//1421
f 532//1422 1342//1422 1337//1422
f 538//1423 1342//1423 1518//1423
f 1513//1424 1342//1424 566//1424
f 543//1425 1342//1425 1513//1425
f 1518//1426 1342//1426 543//1426
f 1337//1427 1342//1427 538//1427
f 1479//1428 1469//1428 595//1428
f 566//1429 1469//1429 1479//1429
f 595//1430 1469//1430 597//1430
f 566//1431 600//1431 1469//1431
f 526//1432 524//1432 1343//1432
f 1343//1433 524//1433 1342//1433
f 1466//1434 1462//1434 1464//1434
f 524//1435 1349//1435 1342//1435
f 523//1436 1349//1436 524//1436
f 600//1437 1460//1437 1466//1437
f 1466//1438 1460//1438 1462//1438
f 519//1439 518//1439 1349//1439
f 1460//1440 607//1440 1458//1440
f 600//1441 607//1441 1460//1441
f 1349//1442 1355//1442 1342//1442
f 518//1443 1355//1443 1349//1443
f 1352//1444 1355//1444 518//1444
f 607//1445 611//1445 609//1445
f 600//1446 611//1446 607//1446
f 600//1447 613//1447 611//1447
f 600//1448 1452//1448 613//1448
f 512//1449 510//1449 513//1449
f 513//1450 510//1450 1355//1450
f 1360//1451 507//1451 510//1451
f 510//1452 507//1452 1355//1452
f 1452//1453 619//1453 616//1453
f 616//1454 619//1454 1449//1454
f 600//1455 619//1455 1452//1455
f 1355//1456 1363//1456 1342//1456
f 507//1457 1363//1457 1355//1457
f 600//1458 621//1458 619//1458
f 1342//1459 1444//1459 566//1459
f 621//1460 1444//1460 623//1460
f 566//1461 1444//1461 600//1461
f 600//1462 1444//1462 621//1462
f 1365//1463 1368//1463 503//1463
f 503//1464 1368//1464 1363//1464
f 1369//1465 1371//1465 1368//1465
f 1371//1466 498//1466 1368//1466
f 1374//1467 1376//1467 498//1467
f 1368//1468 1376//1468 1363//1468
f 498//1469 1376//1469 1368//1469
f 1439//1470 630//1470 1438//1470
f 1438//1471 630//1471 1435//1471
f 1435//1472 630//1472 1434//1472
f 630//1473 1430//1473 633//1473
f 1380//1474 491//1474 494//1474
f 630//1475 1428//1475 1430//1475
f 1439//1476 1428//1476 630//1476
f 491//1477 1383//1477 494//1477
f 494//1478 1383//1478 1376//1478
f 1376//1479 1383//1479 1363//1479
f 1428//1480 1425//1480 448//1480
f 1439//1481 1425//1481 1428//1481
f 1439//1482 451//1482 1425//1482
f 1387//1483 1389//1483 1385//1483
f 1439//1484 1422//1484 451//1484
f 1389//1485 484//1485 1385//1485
f 1385//1486 484//1486 1383//1486
f 1422//1487 1418//1487 455//1487
f 1383//1488 481//1488 1363//1488
f 482//1489 481//1489 484//1489
f 484//1490 481//1490 1383//1490
f 481//1491 1394//1491 1363//1491
f 1363//1492 1394//1492 1342//1492
f 1342//1493 1394//1493 1444//1493
f 477//1494 1397//1494 1394//1494
f 1394//1495 1397//1495 1444//1495
f 1414//1496 1412//1496 460//1496
f 1418//1497 1409//1497 1416//1497
f 1416//1498 1409//1498 1414//1498
f 1442//1499 1409//1499 1439//1499
f 1439//1500 1409//1500 1422//1500
f 1422//1501 1409//1501 1418//1501
f 1414//1502 1409//1502 1412//1502
f 1444//1503 1408//1503 1442//1503
f 1442//1504 1408//1504 1409//1504
f 473//1505 470//1505 474//1505
f 474//1506 1402//1506 1397//1506
f 470//1507 1402//1507 474//1507
f 1408//1508 467//1508 464//1508
f 1397//1509 1403//1509 1444//1509
f 1444//1510 1403//1510 1408//1510
f 1408//1511 1403//1511 467//1511
f 1402//1512 1403//1512 1397//1512
f 634//1513 635//1513 636//1513
f 634//1514 636//1514 637//1514
f 638//1515 637//1515 639//1515
f 638//1516 634//1516 637//1516
f 640//1517 639//1517 641//1517
f 640//1518 638//1518 639//1518
f 642//1519 641//1519 643//1519
f 642//1520 640//1520 641//1520
f 644//1521 643//1521 645//1521
f 644//1522 642//1522 643//1522
f 646//1523 645//1523 647//1523
f 646//1524 644//1524 645//1524
f 648//1525 647//1525 649//1525
f 648//1526 646//1526 647//1526
f 650//1527 649//1527 651//1527
f 650//1528 648//1528 649//1528
f 652//1529 651//1529 653//1529
f 652//1530 650//1530 651//1530
f 654//1531 653//1531 655//1531
f 654//1532 652//1532 653//1532
f 656//1533 654//1533 655//1533
f 656//1534 655//1534 657//1534
f 658//1535 656//1535 657//1535
f 658//1536 657//1536 659//1536
f 660//1537 658//1537 659//1537
f 660//1538 659//1538 661//1538
f 660//1539 661//1539 662//1539
f 663//1540 660//1540 662//1540
f 664//1541 663//1541 662//1541
f 664//1542 662//1542 665//1542
f 666//1543 664//1543 665//1543
f 666//1544 665//1544 667//1544
f 668//1545 666//1545 667//1545
f 668//1546 667//1546 669//1546
f 668//1547 669//1547 670//1547
f 671//1548 668//1548 670//1548
f 672//1549 671//1549 670//1549
f 672//1550 670//1550 673//1550
f 672//1551 673//1551 674//1551
f 675//1552 672//1552 674//1552
f 676//1553 675//1553 674//1553
f 676//1554 674//1554 677//1554
f 676//1555 677//1555 678//1555
f 679//1556 676//1556 678//1556
f 680//1557 678//1557 681//1557
f 680//1558 679//1558 678//1558
f 682//1559 681//1559 683//1559
f 682//1560 680//1560 681//1560
f 684//1561 683//1561 685//1561
f 684//1562 682//1562 683//1562
f 686//1563 685//1563 687//1563
f 686//1564 684//1564 685//1564
f 688//1565 687//1565 689//1565
f 688//1566 686//1566 687//1566
f 690//1567 689//1567 691//1567
f 690//1568 688//1568 689//1568
f 692//1569 691//1569 693//1569
f 692//1570 690//1570 691//1570
f 694//1571 693//1571 695//1571
f 694//1572 692//1572 693//1572
f 696//1573 695//1573 697//1573
f 696//1574 694//1574 695//1574
f 698//1575 697//1575 699//1575
f 698//1576 699//1576 700//1576
f 698//1577 696//1577 697//1577
f 701//1578 698//1578 700//1578
f 702//1579 700//1579 703//1579
f 702//1580 701//1580 700//1580
f 704//1581 703//1581 705//1581
f 704//1582 702//1582 703//1582
f 706//1583 705//1583 707//1583
f 706//1584 704//1584 705//1584
f 708//1585 706//1585 707//1585
f 708//1586 707//1586 709//1586
f 710//1587 708//1587 709//1587
f 710//1588 709//1588 711//1588
f 710//1589 711//1589 712//1589
f 713//1590 710//1590 712//1590
f 714//1591 713//1591 712//1591
f 714//1592 712//1592 715//1592
f 716//1593 714//1593 715//1593
f 716//1594 715//1594 717//1594
f 718//1595 716//1595 717//1595
f 718//1596 717//1596 719//1596
f 720//1597 718//1597 719//1597
f 720//1598 719//1598 721//1598
f 722//1599 720//1599 721//1599
f 722//1600 721//1600 723//1600
f 724//1601 722//1601 723//1601
f 724//1602 723//1602 725//1602
f 726//1603 724//1603 725//1603
f 726//1604 725//1604 727//1604
f 728//1605 726//1605 727//1605
f 728//1606 727//1606 729//1606
f 730//1607 728//1607 729//1607
f 730//1608 729//1608 731//1608
f 732//1609 730//1609 731//1609
f 732//1610 731//1610 733//1610
f 734//1611 732//1611 733//1611
f 734//1612 733//1612 735//1612
f 736//1613 734//1613 735//1613
f 736//1614 735//1614 737//1614
f 738//1615 736//1615 737//1615
f 738//1616 737//1616 739//1616
f 738//1617 739//1617 740//1617
f 741//1618 738//1618 740//1618
f 742//1619 741//1619 740//1619
f 742//1620 740//1620 743//1620
f 744//1621 742//1621 743//1621
f 744//1622 743//1622 745//1622
f 746//1623 744//1623 745//1623
f 746//1624 745//1624 747//1624
f 748//1625 746//1625 747//1625
f 748//1626 747//1626 749//1626
f 750//1627 749//1627 751//1627
f 750//1628 748//1628 749//1628
f 752//1629 751//1629 753//1629
f 752//1630 750//1630 751//1630
f 754//1631 753//1631 755//1631
f 754//1632 752//1632 753//1632
f 756//1633 755//1633 757//1633
f 756//1634 754//1634 755//1634
f 758//1635 756//1635 757//1635
f 758//1636 757//1636 759//1636
f 760//1637 758//1637 759//1637
f 760//1638 759//1638 761//1638
f 762//1639 760//1639 761//1639
f 762//1640 761//1640 763//1640
f 764//1641 762//1641 763//1641
f 764//1642 763//1642 765//1642
f 766//1643 764//1643 765//1643
f 766//1644 765//1644 767//1644
f 768//1645 766//1645 767//1645
f 768//1646 767//1646 769//1646
f 770//1647 768//1647 769//1647
f 770//1648 769//1648 771//1648
f 772//1649 770//1649 771//1649
f 772//1650 771//1650 773//1650
f 774//1651 772//1651 773//1651
f 774//1652 773//1652 775//1652
f 776//1653 774//1653 775//1653
f 776//1654 775//1654 777//1654
f 778//1655 776//1655 777//1655
f 778//1656 777//1656 779//1656
f 780//1657 778//1657 779//1657
f 780//1658 779//1658 781//1658
f 780//1659 781//1659 782//1659
f 783//1660 780//1660 782//1660
f 784//1661 782//1661 785//1661
f 784//1662 783//1662 782//1662
f 786//1663 785//1663 787//1663
f 786//1664 784//1664 785//1664
f 788//1665 787//1665 789//1665
f 788//1666 786//1666 787//1666
f 790//1667 789//1667 791//1667
f 790//1668 788//1668 789//1668
f 792//1669 791//1669 793//1669
f 792//1670 790//1670 791//1670
f 794//1671 793//1671 795//1671
f 794//1672 792//1672 793//1672
f 796//1673 795//1673 797//1673
f 796//1674 794//1674 795//1674
f 798//1675 797//1675 799//1675
f 798//1676 796//1676 797//1676
f 800//1677 799//1677 801//1677
f 800//1678 798//1678 799//1678
f 802//1679 801//1679 803//1679
f 802//1680 803//1680 804//1680
f 802//1681 800//1681 801//1681
f 805//1682 802//1682 804//1682
f 806//1683 804//1683 807//1683
f 806//1684 805//1684 804//1684
f 808//1685 807//1685 809//1685
f 808//1686 806//1686 807//1686
f 810//1687 808//1687 809//1687
f 810//1688 809//1688 811//1688
f 812//1689 810//1689 811//1689
f 812//1690 811//1690 813//1690
f 814//1691 812//1691 813//1691
f 814//1692 813//1692 815//1692
f 816//1693 814//1693 815//1693
f 816//1694 815//1694 817//1694
f 818//1695 817//1695 819//1695
f 818//1696 816//1696 817//1696
f 820//1697 819//1697 821//1697
f 820//1698 818//1698 819//1698
f 822//1699 821//1699 823//1699
f 822//1700 820//1700 821//1700
f 824//1701 823//1701 825//1701
f 824//1702 822//1702 823//1702
f 826//1703 825//1703 827//1703
f 826//1704 824//1704 825//1704
f 828//1705 827//1705 829//1705
f 828//1706 826//1706 827//1706
f 830//1707 829//1707 831//1707
f 830//1708 828//1708 829//1708
f 832//1709 831//1709 833//1709
f 832//1710 830//1710 831//1710
f 834//1711 833//1711 835//1711
f 834//1712 832//1712 833//1712
f 836//1713 835//1713 837//1713
f 836//1714 834//1714 835//1714
f 838//1715 837//1715 839//1715
f 838//1716 836//1716 837//1716
f 840//1717 839//1717 841//1717
f 840//1718 838//1718 839//1718
f 842//1719 841//1719 843//1719
f 842//1720 840//1720 841//1720
f 844//1721 843//1721 845//1721
f 844//1722 842//1722 843//1722
f 846//1723 845//1723 847//1723
f 846//1724 844//1724 845//1724
f 848//1725 847//1725 849//1725
f 848//1726 846//1726 847//1726
f 850//1727 849//1727 851//1727
f 850//1728 848//1728 849//1728
f 852//1729 851//1729 853//1729
f 852//1730 850//1730 851//1730
f 854//1731 853//1731 855//1731
f 854//1732 852//1732 853//1732
f 856//1733 855//1733 857//1733
f 856//1734 854//1734 855//1734
f 858//1735 856//1735 857//1735
f 858//1736 857//1736 859//1736
f 860//1737 858//1737 859//1737
f 860//1738 859//1738 861//1738
f 862//1739 860//1739 861//1739
f 862//1740 861//1740 863//1740
f 864//1741 862//1741 863//1741
f 864//1742 863//1742 865//1742
f 866//1743 864//1743 865//1743
f 866//1744 865//1744 867//1744
f 868//1745 866//1745 867//1745
f 868//1746 867//1746 869//1746
f 870//1747 868//1747 869//1747
f 870//1748 869//1748 871//1748
f 872//1749 870//1749 871//1749
f 872//1750 871//1750 873//1750
f 874//1751 872//1751 873//1751
f 874//1752 873//1752 875//1752
f 876//1753 874//1753 875//1753
f 876//1754 875//1754 877//1754
f 878//1755 876//1755 877//1755
f 878//1756 877//1756 879//1756
f 880//1757 878//1757 879//1757
f 880//1758 879//1758 881//1758
f 882//1759 880//1759 881//1759
f 882//1760 881//1760 883//1760
f 884//1761 883//1761 885//1761
f 884//1762 882//1762 883//1762
f 635//1763 885//1763 636//1763
f 635//1764 884//1764 885//1764
f 788//1765 790//1765 792//1765
f 796//1766 792//1766 794//1766
f 786//1767 788//1767 792//1767
f 786//1768 792//1768 796//1768
f 784//1769 786//1769 796//1769
f 802//1770 798//1770 800//1770
f 780//1771 783//1771 784//1771
f 778//1772 780//1772 784//1772
f 806//1773 798//1773 802//1773
f 806//1774 796//1774 798//1774
f 806//1775 802//1775 805//1775
f 772//1776 774//1776 776//1776
f 812//1777 784//1777 796//1777
f 812//1778 796//1778 806//1778
f 812//1779 806//1779 808//1779
f 812//1780 808//1780 810//1780
f 818//1781 784//1781 812//1781
f 818//1782 812//1782 814//1782
f 818//1783 814//1783 816//1783
f 820//1784 778//1784 784//1784
f 820//1785 784//1785 818//1785
f 760//1786 762//1786 764//1786
f 760//1787 764//1787 766//1787
f 760//1788 766//1788 768//1788
f 760//1789 768//1789 770//1789
f 754//1790 756//1790 758//1790
f 754//1791 758//1791 760//1791
f 754//1792 760//1792 770//1792
f 830//1793 820//1793 822//1793
f 830//1794 822//1794 824//1794
f 830//1795 824//1795 826//1795
f 830//1796 826//1796 828//1796
f 750//1797 752//1797 754//1797
f 834//1798 776//1798 778//1798
f 834//1799 778//1799 820//1799
f 834//1800 820//1800 830//1800
f 834//1801 830//1801 832//1801
f 836//1802 776//1802 834//1802
f 836//1803 772//1803 776//1803
f 836//1804 770//1804 772//1804
f 744//1805 746//1805 748//1805
f 744//1806 748//1806 750//1806
f 742//1807 750//1807 754//1807
f 742//1808 744//1808 750//1808
f 741//1809 742//1809 754//1809
f 844//1810 836//1810 838//1810
f 844//1811 838//1811 840//1811
f 844//1812 840//1812 842//1812
f 738//1813 754//1813 770//1813
f 738//1814 741//1814 754//1814
f 848//1815 844//1815 846//1815
f 848//1816 836//1816 844//1816
f 850//1817 836//1817 848//1817
f 732//1818 734//1818 736//1818
f 732//1819 736//1819 738//1819
f 726//1820 728//1820 730//1820
f 858//1821 850//1821 852//1821
f 858//1822 852//1822 854//1822
f 858//1823 854//1823 856//1823
f 858//1824 836//1824 850//1824
f 864//1825 860//1825 862//1825
f 718//1826 720//1826 722//1826
f 718//1827 722//1827 724//1827
f 716//1828 718//1828 724//1828
f 868//1829 770//1829 836//1829
f 868//1830 858//1830 860//1830
f 868//1831 864//1831 866//1831
f 868//1832 738//1832 770//1832
f 868//1833 836//1833 858//1833
f 868//1834 860//1834 864//1834
f 713//1835 714//1835 716//1835
f 710//1836 716//1836 724//1836
f 710//1837 713//1837 716//1837
f 874//1838 868//1838 870//1838
f 874//1839 870//1839 872//1839
f 876//1840 732//1840 738//1840
f 876//1841 730//1841 732//1841
f 876//1842 726//1842 730//1842
f 876//1843 738//1843 868//1843
f 876//1844 868//1844 874//1844
f 704//1845 706//1845 708//1845
f 704//1846 708//1846 710//1846
f 704//1847 710//1847 724//1847
f 880//1848 876//1848 878//1848
f 701//1849 702//1849 704//1849
f 884//1850 880//1850 882//1850
f 694//1851 701//1851 704//1851
f 694//1852 696//1852 698//1852
f 694//1853 698//1853 701//1853
f 638//1854 635//1854 634//1854
f 638//1855 880//1855 884//1855
f 638//1856 884//1856 635//1856
f 642//1857 638//1857 640//1857
f 688//1858 694//1858 704//1858
f 688//1859 690//1859 692//1859
f 688//1860 692//1860 694//1860
f 688//1861 704//1861 724//1861
f 644//1862 876//1862 880//1862
f 644//1863 880//1863 638//1863
f 644//1864 638//1864 642//1864
f 644//1865 726//1865 876//1865
f 682//1866 684//1866 686//1866
f 650//1867 644//1867 646//1867
f 650//1868 646//1868 648//1868
f 680//1869 686//1869 688//1869
f 680//1870 682//1870 686//1870
f 654//1871 650//1871 652//1871
f 676//1872 679//1872 680//1872
f 656//1873 650//1873 654//1873
f 675//1874 680//1874 688//1874
f 675//1875 676//1875 680//1875
f 658//1876 650//1876 656//1876
f 660//1877 726//1877 644//1877
f 660//1878 644//1878 650//1878
f 660//1879 724//1879 726//1879
f 660//1880 650//1880 658//1880
f 668//1881 671//1881 672//1881
f 666//1882 660//1882 663//1882
f 666//1883 663//1883 664//1883
f 666//1884 688//1884 724//1884
f 666//1885 672//1885 675//1885
f 666//1886 668//1886 672//1886
f 666//1887 724//1887 660//1887
f 666//1888 675//1888 688//1888
f 791//1889 789//1889 793//1889
f 793//1890 797//1890 795//1890
f 789//1891 787//1891 793//1891
f 793//1892 787//1892 797//1892
f 787//1893 785//1893 797//1893
f 799//1894 803//1894 801//1894
f 782//1895 781//1895 785//1895
f 781//1896 779//1896 785//1896
f 799//1897 807//1897 803//1897
f 797//1898 807//1898 799//1898
f 803//1899 807//1899 804//1899
f 775//1900 773//1900 777//1900
f 785//1901 813//1901 797//1901
f 797//1902 813//1902 807//1902
f 807//1903 813//1903 809//1903
f 809//1904 813//1904 811//1904
f 785//1905 819//1905 813//1905
f 813//1906 819//1906 815//1906
f 815//1907 819//1907 817//1907
f 779//1908 821//1908 785//1908
f 785//1909 821//1909 819//1909
f 763//1910 761//1910 765//1910
f 765//1911 761//1911 767//1911
f 767//1912 761//1912 769//1912
f 769//1913 761//1913 771//1913
f 757//1914 755//1914 759//1914
f 759//1915 755//1915 761//1915
f 761//1916 755//1916 771//1916
f 821//1917 831//1917 823//1917
f 823//1918 831//1918 825//1918
f 825//1919 831//1919 827//1919
f 827//1920 831//1920 829//1920
f 753//1921 751//1921 755//1921
f 777//1922 835//1922 779//1922
f 779//1923 835//1923 821//1923
f 821//1924 835//1924 831//1924
f 831//1925 835//1925 833//1925
f 777//1926 837//1926 835//1926
f 773//1927 837//1927 777//1927
f 771//1928 837//1928 773//1928
f 747//1929 745//1929 749//1929
f 749//1930 745//1930 751//1930
f 751//1931 743//1931 755//1931
f 745//1932 743//1932 751//1932
f 743//1933 740//1933 755//1933
f 837//1934 845//1934 839//1934
f 839//1935 845//1935 841//1935
f 841//1936 845//1936 843//1936
f 755//1937 739//1937 771//1937
f 740//1938 739//1938 755//1938
f 845//1939 849//1939 847//1939
f 837//1940 849//1940 845//1940
f 837//1941 851//1941 849//1941
f 735//1942 733//1942 737//1942
f 737//1943 733//1943 739//1943
f 729//1944 727//1944 731//1944
f 851//1945 859//1945 853//1945
f 853//1946 859//1946 855//1946
f 855//1947 859//1947 857//1947
f 837//1948 859//1948 851//1948
f 861//1949 865//1949 863//1949
f 721//1950 719//1950 723//1950
f 723//1951 719//1951 725//1951
f 719//1952 717//1952 725//1952
f 771//1953 869//1953 837//1953
f 859//1954 869//1954 861//1954
f 865//1955 869//1955 867//1955
f 739//1956 869//1956 771//1956
f 837//1957 869//1957 859//1957
f 861//1958 869//1958 865//1958
f 715//1959 712//1959 717//1959
f 717//1960 711//1960 725//1960
f 712//1961 711//1961 717//1961
f 869//1962 875//1962 871//1962
f 871//1963 875//1963 873//1963
f 733//1964 877//1964 739//1964
f 731//1965 877//1965 733//1965
f 727//1966 877//1966 731//1966
f 739//1967 877//1967 869//1967
f 869//1968 877//1968 875//1968
f 707//1969 705//1969 709//1969
f 709//1970 705//1970 711//1970
f 711//1971 705//1971 725//1971
f 877//1972 881//1972 879//1972
f 703//1973 700//1973 705//1973
f 881//1974 885//1974 883//1974
f 700//1975 695//1975 705//1975
f 697//1976 695//1976 699//1976
f 699//1977 695//1977 700//1977
f 636//1978 639//1978 637//1978
f 881//1979 639//1979 885//1979
f 885//1980 639//1980 636//1980
f 639//1981 643//1981 641//1981
f 695//1982 689//1982 705//1982
f 691//1983 689//1983 693//1983
f 693//1984 689//1984 695//1984
f 705//1985 689//1985 725//1985
f 877//1986 645//1986 881//1986
f 881//1987 645//1987 639//1987
f 639//1988 645//1988 643//1988
f 727//1989 645//1989 877//1989
f 685//1990 683//1990 687//1990
f 645//1991 651//1991 647//1991
f 647//1992 651//1992 649//1992
f 687//1993 681//1993 689//1993
f 683//1994 681//1994 687//1994
f 651//1995 655//1995 653//1995
f 678//1996 677//1996 681//1996
f 651//1997 657//1997 655//1997
f 681//1998 674//1998 689//1998
f 677//1999 674//1999 681//1999
f 651//2000 659//2000 657//2000
f 727//2001 661//2001 645//2001
f 645//2002 661//2002 651//2002
f 725//2003 661//2003 727//2003
f 651//2004 661//2004 659//2004
f 670//2005 669//2005 673//2005
f 661//2006 667//2006 662//2006
f 662//2007 667//2007 665//2007
f 689//2008 667//2008 725//2008
f 673//2009 667//2009 674//2009
f 669//2010 667//2010 673//2010
f 725//2011 667//2011 661//2011
f 674//2012 667//2012 689//2012
f 886//2013 887//2013 888//2013
f 886//2014 888//2014 889//2014
f 886//2015 889//2015 890//2015
f 891//2016 886//2016 890//2016
f 892//2017 890//2017 94//2017
f 892//2018 94//2018 893//2018
f 892//2019 891//2019 890//2019
f 894//2020 892//2020 893//2020
f 895//2021 893//2021 91//2021
f 895//2022 894//2022 893//2022
f 896//2023 91//2023 897//2023
f 896//2024 897//2024 898//2024
f 896//2025 895//2025 91//2025
f 899//2026 896//2026 898//2026
f 900//2027 898//2027 901//2027
f 900//2028 899//2028 898//2028
f 902//2029 901//2029 903//2029
f 902//2030 900//2030 901//2030
f 904//2031 903//2031 905//2031
f 904//2032 902//2032 903//2032
f 906//2033 904//2033 905//2033
f 906//2034 905//2034 907//2034
f 908//2035 906//2035 907//2035
f 908//2036 907//2036 909//2036
f 908//2037 909//2037 82//2037
f 910//2038 908//2038 82//2038
f 910//2039 82//2039 911//2039
f 912//2040 910//2040 911//2040
f 913//2041 912//2041 911//2041
f 913//2042 911//2042 79//2042
f 914//2043 913//2043 79//2043
f 914//2044 79//2044 915//2044
f 916//2045 914//2045 915//2045
f 916//2046 915//2046 917//2046
f 916//2047 917//2047 75//2047
f 918//2048 916//2048 75//2048
f 919//2049 918//2049 75//2049
f 919//2050 75//2050 73//2050
f 919//2051 73//2051 920//2051
f 921//2052 919//2052 920//2052
f 922//2053 921//2053 920//2053
f 922//2054 920//2054 70//2054
f 922//2055 70//2055 67//2055
f 923//2056 922//2056 67//2056
f 923//2057 67//2057 924//2057
f 925//2058 923//2058 924//2058
f 926//2059 924//2059 65//2059
f 926//2060 65//2060 927//2060
f 926//2061 925//2061 924//2061
f 928//2062 927//2062 929//2062
f 928//2063 926//2063 927//2063
f 930//2064 928//2064 929//2064
f 931//2065 929//2065 932//2065
f 931//2066 932//2066 933//2066
f 931//2067 930//2067 929//2067
f 934//2068 933//2068 935//2068
f 934//2069 931//2069 933//2069
f 936//2070 934//2070 935//2070
f 937//2071 935//2071 938//2071
f 937//2072 936//2072 935//2072
f 939//2073 938//2073 940//2073
f 939//2074 937//2074 938//2074
f 941//2075 940//2075 942//2075
f 941//2076 939//2076 940//2076
f 943//2077 942//2077 55//2077
f 943//2078 941//2078 942//2078
f 944//2079 55//2079 52//2079
f 944//2080 943//2080 55//2080
f 945//2081 52//2081 946//2081
f 945//2082 944//2082 52//2082
f 947//2083 946//2083 948//2083
f 947//2084 945//2084 946//2084
f 949//2085 947//2085 948//2085
f 949//2086 948//2086 48//2086
f 950//2087 949//2087 48//2087
f 950//2088 48//2088 46//2088
f 951//2089 950//2089 46//2089
f 951//2090 46//2090 952//2090
f 953//2091 951//2091 952//2091
f 953//2092 952//2092 954//2092
f 953//2093 954//2093 42//2093
f 955//2094 953//2094 42//2094
f 956//2095 955//2095 42//2095
f 956//2096 42//2096 957//2096
f 958//2097 956//2097 957//2097
f 958//2098 957//2098 959//2098
f 960//2099 958//2099 959//2099
f 960//2100 959//2100 39//2100
f 961//2101 960//2101 39//2101
f 961//2102 39//2102 962//2102
f 963//2103 961//2103 962//2103
f 963//2104 962//2104 36//2104
f 963//2105 36//2105 34//2105
f 964//2106 963//2106 34//2106
f 965//2107 964//2107 34//2107
f 965//2108 34//2108 966//2108
f 967//2109 965//2109 966//2109
f 967//2110 966//2110 30//2110
f 968//2111 967//2111 30//2111
f 968//2112 30//2112 28//2112
f 968//2113 28//2113 27//2113
f 969//2114 968//2114 27//2114
f 970//2115 969//2115 27//2115
f 970//2116 27//2116 25//2116
f 971//2117 970//2117 25//2117
f 971//2118 25//2118 972//2118
f 971//2119 972//2119 22//2119
f 973//2120 971//2120 22//2120
f 973//2121 22//2121 974//2121
f 975//2122 973//2122 974//2122
f 975//2123 974//2123 976//2123
f 977//2124 975//2124 976//2124
f 978//2125 977//2125 976//2125
f 978//2126 976//2126 18//2126
f 979//2127 18//2127 16//2127
f 979//2128 978//2128 18//2128
f 980//2129 16//2129 981//2129
f 980//2130 979//2130 16//2130
f 982//2131 981//2131 983//2131
f 982//2132 983//2132 984//2132
f 982//2133 980//2133 981//2133
f 985//2134 982//2134 984//2134
f 986//2135 985//2135 984//2135
f 986//2136 984//2136 987//2136
f 988//2137 986//2137 987//2137
f 988//2138 987//2138 11//2138
f 988//2139 11//2139 989//2139
f 990//2140 988//2140 989//2140
f 991//2141 990//2141 989//2141
f 991//2142 989//2142 992//2142
f 993//2143 991//2143 992//2143
f 993//2144 992//2144 994//2144
f 993//2145 994//2145 995//2145
f 996//2146 993//2146 995//2146
f 997//2147 996//2147 995//2147
f 997//2148 995//2148 998//2148
f 997//2149 998//2149 999//2149
f 1000//2150 997//2150 999//2150
f 1001//2151 1000//2151 999//2151
f 1001//2152 999//2152 187//2152
f 1002//2153 1001//2153 187//2153
f 1002//2154 187//2154 185//2154
f 1002//2155 185//2155 1003//2155
f 1004//2156 1002//2156 1003//2156
f 1005//2157 1004//2157 1003//2157
f 1005//2158 1003//2158 182//2158
f 1006//2159 1005//2159 182//2159
f 1006//2160 182//2160 1007//2160
f 1008//2161 1007//2161 1009//2161
f 1008//2162 1006//2162 1007//2162
f 1010//2163 1009//2163 178//2163
f 1010//2164 1008//2164 1009//2164
f 1011//2165 178//2165 1012//2165
f 1011//2166 1012//2166 175//2166
f 1011//2167 1010//2167 178//2167
f 1013//2168 1011//2168 175//2168
f 1014//2169 175//2169 1015//2169
f 1014//2170 1013//2170 175//2170
f 1016//2171 1015//2171 1017//2171
f 1016//2172 1014//2172 1015//2172
f 1018//2173 1017//2173 1019//2173
f 1018//2174 1016//2174 1017//2174
f 1020//2175 1019//2175 170//2175
f 1020//2176 1018//2176 1019//2176
f 1021//2177 170//2177 168//2177
f 1021//2178 1020//2178 170//2178
f 1022//2179 168//2179 1023//2179
f 1022//2180 1021//2180 168//2180
f 1024//2181 1023//2181 165//2181
f 1024//2182 1022//2182 1023//2182
f 1025//2183 165//2183 163//2183
f 1025//2184 163//2184 161//2184
f 1025//2185 1024//2185 165//2185
f 1026//2186 1025//2186 161//2186
f 1027//2187 1026//2187 161//2187
f 1027//2188 161//2188 1028//2188
f 1029//2189 1027//2189 1028//2189
f 1029//2190 1028//2190 158//2190
f 1030//2191 1029//2191 158//2191
f 1030//2192 158//2192 156//2192
f 1031//2193 1030//2193 156//2193
f 1031//2194 156//2194 1032//2194
f 1031//2195 1032//2195 153//2195
f 1033//2196 1031//2196 153//2196
f 1033//2197 153//2197 151//2197
f 1034//2198 1033//2198 151//2198
f 1035//2199 151//2199 149//2199
f 1035//2200 1034//2200 151//2200
f 1036//2201 149//2201 1037//2201
f 1036//2202 1035//2202 149//2202
f 1038//2203 1037//2203 145//2203
f 1038//2204 1036//2204 1037//2204
f 1039//2205 145//2205 143//2205
f 1039//2206 1038//2206 145//2206
f 1040//2207 143//2207 142//2207
f 1040//2208 1039//2208 143//2208
f 1041//2209 142//2209 140//2209
f 1041//2210 1040//2210 142//2210
f 1042//2211 140//2211 138//2211
f 1042//2212 1041//2212 140//2212
f 1043//2213 138//2213 136//2213
f 1043//2214 1042//2214 138//2214
f 1044//2215 136//2215 1045//2215
f 1044//2216 1043//2216 136//2216
f 1046//2217 1045//2217 133//2217
f 1046//2218 1044//2218 1045//2218
f 1047//2219 133//2219 131//2219
f 1047//2220 1046//2220 133//2220
f 1048//2221 131//2221 129//2221
f 1048//2222 1047//2222 131//2222
f 1049//2223 129//2223 1050//2223
f 1049//2224 1048//2224 129//2224
f 1051//2225 1050//2225 126//2225
f 1051//2226 1049//2226 1050//2226
f 1052//2227 126//2227 124//2227
f 1052//2228 1051//2228 126//2228
f 1053//2229 124//2229 1054//2229
f 1053//2230 1052//2230 124//2230
f 1055//2231 1054//2231 1056//2231
f 1055//2232 1053//2232 1054//2232
f 1057//2233 1056//2233 1058//2233
f 1057//2234 1058//2234 119//2234
f 1057//2235 1055//2235 1056//2235
f 1059//2236 1057//2236 119//2236
f 1060//2237 1059//2237 119//2237
f 1060//2238 119//2238 1061//2238
f 1062//2239 1060//2239 1061//2239
f 1062//2240 1061//2240 116//2240
f 1063//2241 1062//2241 116//2241
f 1063//2242 116//2242 114//2242
f 1064//2243 1063//2243 114//2243
f 1064//2244 114//2244 1065//2244
f 1066//2245 1064//2245 1065//2245
f 1066//2246 1065//2246 110//2246
f 1067//2247 1066//2247 110//2247
f 1067//2248 110//2248 109//2248
f 1068//2249 1067//2249 109//2249
f 1068//2250 109//2250 107//2250
f 1069//2251 1068//2251 107//2251
f 1069//2252 107//2252 1070//2252
f 1071//2253 1069//2253 1070//2253
f 1071//2254 1070//2254 1072//2254
f 1071//2255 1072//2255 102//2255
f 1073//2256 1071//2256 102//2256
f 1074//2257 1073//2257 102//2257
f 1074//2258 102//2258 101//2258
f 1074//2259 101//2259 1075//2259
f 1076//2260 1074//2260 1075//2260
f 1077//2261 1075//2261 1078//2261
f 1077//2262 1076//2262 1075//2262
f 887//2263 1078//2263 888//2263
f 887//2264 1077//2264 1078//2264
f 1018//2265 1014//2265 1016//2265
f 1008//2266 1010//2266 1011//2266
f 1006//2267 1014//2267 1018//2267
f 1006//2268 1008//2268 1011//2268
f 1006//2269 1011//2269 1013//2269
f 1006//2270 1013//2270 1014//2270
f 1006//2271 1018//2271 1020//2271
f 1025//2272 1021//2272 1022//2272
f 1025//2273 1022//2273 1024//2273
f 1002//2274 1004//2274 1005//2274
f 1002//2275 1005//2275 1006//2275
f 1027//2276 1021//2276 1025//2276
f 1027//2277 1025//2277 1026//2277
f 1000//2278 1001//2278 1002//2278
f 1029//2279 1021//2279 1027//2279
f 1029//2280 1020//2280 1021//2280
f 996//2281 1000//2281 1002//2281
f 996//2282 997//2282 1000//2282
f 1031//2283 1029//2283 1030//2283
f 991//2284 993//2284 996//2284
f 1035//2285 1029//2285 1031//2285
f 1035//2286 1031//2286 1033//2286
f 1035//2287 1033//2287 1034//2287
f 1038//2288 1035//2288 1036//2288
f 982//2289 985//2289 986//2289
f 982//2290 986//2290 988//2290
f 982//2291 988//2291 990//2291
f 1040//2292 1038//2292 1039//2292
f 1040//2293 1035//2293 1038//2293
f 980//2294 990//2294 991//2294
f 980//2295 982//2295 990//2295
f 1041//2296 1020//2296 1029//2296
f 1041//2297 1029//2297 1035//2297
f 1041//2298 1035//2298 1040//2298
f 978//2299 980//2299 991//2299
f 978//2300 979//2300 980//2300
f 978//2301 991//2301 996//2301
f 1044//2302 1042//2302 1043//2302
f 973//2303 975//2303 977//2303
f 973//2304 977//2304 978//2304
f 1047//2305 1044//2305 1046//2305
f 1047//2306 1002//2306 1006//2306
f 1047//2307 1006//2307 1020//2307
f 1047//2308 996//2308 1002//2308
f 1047//2309 1020//2309 1041//2309
f 1047//2310 1042//2310 1044//2310
f 1047//2311 1041//2311 1042//2311
f 1049//2312 1047//2312 1048//2312
f 1051//2313 996//2313 1047//2313
f 1051//2314 1047//2314 1049//2314
f 968//2315 973//2315 978//2315
f 968//2316 969//2316 970//2316
f 968//2317 970//2317 971//2317
f 968//2318 971//2318 973//2318
f 967//2319 968//2319 978//2319
f 1055//2320 1052//2320 1053//2320
f 964//2321 965//2321 967//2321
f 1057//2322 1051//2322 1052//2322
f 1057//2323 978//2323 996//2323
f 1057//2324 996//2324 1051//2324
f 1057//2325 1052//2325 1055//2325
f 1059//2326 978//2326 1057//2326
f 960//2327 967//2327 978//2327
f 960//2328 961//2328 963//2328
f 960//2329 963//2329 964//2329
f 960//2330 964//2330 967//2330
f 1063//2331 1059//2331 1060//2331
f 1063//2332 1060//2332 1062//2332
f 1066//2333 1063//2333 1064//2333
f 1067//2334 1059//2334 1063//2334
f 1067//2335 1063//2335 1066//2335
f 1068//2336 1059//2336 1067//2336
f 950//2337 951//2337 953//2337
f 950//2338 953//2338 955//2338
f 950//2339 955//2339 956//2339
f 950//2340 956//2340 958//2340
f 949//2341 958//2341 960//2341
f 949//2342 950//2342 958//2342
f 1073//2343 1068//2343 1069//2343
f 1073//2344 1069//2344 1071//2344
f 1073//2345 978//2345 1059//2345
f 1073//2346 1059//2346 1068//2346
f 944//2347 945//2347 947//2347
f 944//2348 947//2348 949//2348
f 1076//2349 1073//2349 1074//2349
f 887//2350 1073//2350 1076//2350
f 887//2351 1076//2351 1077//2351
f 886//2352 1073//2352 887//2352
f 937//2353 939//2353 941//2353
f 937//2354 941//2354 943//2354
f 891//2355 1073//2355 886//2355
f 892//2356 978//2356 1073//2356
f 892//2357 1073//2357 891//2357
f 931//2358 944//2358 949//2358
f 931//2359 937//2359 943//2359
f 931//2360 934//2360 936//2360
f 931//2361 936//2361 937//2361
f 931//2362 943//2362 944//2362
f 895//2363 892//2363 894//2363
f 926//2364 928//2364 930//2364
f 926//2365 930//2365 931//2365
f 900//2366 895//2366 896//2366
f 900//2367 896//2367 899//2367
f 900//2368 978//2368 892//2368
f 900//2369 892//2369 895//2369
f 925//2370 926//2370 931//2370
f 904//2371 900//2371 902//2371
f 922//2372 923//2372 925//2372
f 922//2373 925//2373 931//2373
f 908//2374 904//2374 906//2374
f 919//2375 931//2375 949//2375
f 919//2376 921//2376 922//2376
f 919//2377 978//2377 900//2377
f 919//2378 900//2378 904//2378
f 919//2379 904//2379 908//2379
f 919//2380 960//2380 978//2380
f 919//2381 922//2381 931//2381
f 919//2382 949//2382 960//2382
f 912//2383 908//2383 910//2383
f 916//2384 918//2384 919//2384
f 914//2385 912//2385 913//2385
f 914//2386 919//2386 908//2386
f 914//2387 916//2387 919//2387
f 914//2388 908//2388 912//2388
f 1015//2389 1019//2389 1017//2389
f 1007//2390 182//2390 1009//2390
f 1009//2391 182//2391 178//2391
f 178//2392 182//2392 1012//2392
f 1012//2393 182//2393 175//2393
f 175//2394 182//2394 1015//2394
f 168//2395 165//2395 1023//2395
f 1003//2396 185//2396 182//2396
f 168//2397 161//2397 165//2397
f 165//2398 161//2398 163//2398
f 1015//2399 999//2399 1019//2399
f 182//2400 999//2400 1015//2400
f 185//2401 999//2401 182//2401
f 187//2402 999//2402 185//2402
f 1019//2403 999//2403 170//2403
f 161//2404 158//2404 1028//2404
f 998//2405 995//2405 999//2405
f 158//2406 153//2406 156//2406
f 156//2407 153//2407 1032//2407
f 994//2408 992//2408 995//2408
f 158//2409 151//2409 153//2409
f 168//2410 149//2410 161//2410
f 161//2411 149//2411 158//2411
f 170//2412 149//2412 168//2412
f 158//2413 149//2413 151//2413
f 984//2414 983//2414 987//2414
f 987//2415 983//2415 11//2415
f 11//2416 983//2416 989//2416
f 149//2417 140//2417 1037//2417
f 1037//2418 140//2418 145//2418
f 145//2419 140//2419 143//2419
f 143//2420 140//2420 142//2420
f 16//2421 18//2421 981//2421
f 981//2422 18//2422 983//2422
f 989//2423 18//2423 992//2423
f 999//2424 18//2424 170//2424
f 995//2425 18//2425 999//2425
f 992//2426 18//2426 995//2426
f 983//2427 18//2427 989//2427
f 149//2428 136//2428 140//2428
f 170//2429 136//2429 149//2429
f 140//2430 136//2430 138//2430
f 170//2431 1045//2431 136//2431
f 974//2432 22//2432 976//2432
f 976//2433 22//2433 18//2433
f 133//2434 129//2434 131//2434
f 22//2435 25//2435 18//2435
f 972//2436 25//2436 22//2436
f 1045//2437 1050//2437 133//2437
f 133//2438 1050//2438 129//2438
f 27//2439 28//2439 25//2439
f 1050//2440 124//2440 126//2440
f 1045//2441 124//2441 1050//2441
f 25//2442 966//2442 18//2442
f 28//2443 966//2443 25//2443
f 30//2444 966//2444 28//2444
f 124//2445 1056//2445 1054//2445
f 1045//2446 1056//2446 124//2446
f 1045//2447 1058//2447 1056//2447
f 1045//2448 119//2448 1058//2448
f 36//2449 962//2449 34//2449
f 34//2450 962//2450 966//2450
f 39//2451 959//2451 962//2451
f 962//2452 959//2452 966//2452
f 119//2453 114//2453 1061//2453
f 1061//2454 114//2454 116//2454
f 1045//2455 114//2455 119//2455
f 966//2456 957//2456 18//2456
f 959//2457 957//2457 966//2457
f 1045//2458 1065//2458 114//2458
f 18//2459 109//2459 170//2459
f 1065//2460 109//2460 110//2460
f 170//2461 109//2461 1045//2461
f 1045//2462 109//2462 1065//2462
f 954//2463 952//2463 42//2463
f 42//2464 952//2464 957//2464
f 46//2465 48//2465 952//2465
f 48//2466 948//2466 952//2466
f 946//2467 52//2467 948//2467
f 952//2468 52//2468 957//2468
f 948//2469 52//2469 952//2469
f 1070//2470 1075//2470 1072//2470
f 1072//2471 1075//2471 102//2471
f 102//2472 1075//2472 101//2472
f 1075//2473 888//2473 1078//2473
f 942//2474 940//2474 55//2474
f 1075//2475 889//2475 888//2475
f 1070//2476 889//2476 1075//2476
f 940//2477 938//2477 55//2477
f 55//2478 938//2478 52//2478
f 52//2479 938//2479 957//2479
f 889//2480 94//2480 890//2480
f 1070//2481 94//2481 889//2481
f 1070//2482 893//2482 94//2482
f 933//2483 932//2483 935//2483
f 1070//2484 91//2484 893//2484
f 932//2485 929//2485 935//2485
f 935//2486 929//2486 938//2486
f 91//2487 898//2487 897//2487
f 938//2488 65//2488 957//2488
f 927//2489 65//2489 929//2489
f 929//2490 65//2490 938//2490
f 65//2491 924//2491 957//2491
f 957//2492 924//2492 18//2492
f 18//2493 924//2493 109//2493
f 67//2494 70//2494 924//2494
f 924//2495 70//2495 109//2495
f 903//2496 907//2496 905//2496
f 898//2497 909//2497 901//2497
f 901//2498 909//2498 903//2498
f 107//2499 909//2499 1070//2499
f 1070//2500 909//2500 91//2500
f 91//2501 909//2501 898//2501
f 903//2502 909//2502 907//2502
f 109//2503 82//2503 107//2503
f 107//2504 82//2504 909//2504
f 73//2505 75//2505 920//2505
f 920//2506 917//2506 70//2506
f 75//2507 917//2507 920//2507
f 82//2508 79//2508 911//2508
f 70//2509 915//2509 109//2509
f 109//2510 915//2510 82//2510
f 82//2511 915//2511 79//2511
f 917//2512 915//2512 70//2512
f 1079//2513 1080//2513 1081//2513
f 1079//2514 1081//2514 1082//2514
f 1083//2515 1082//2515 1084//2515
f 1083//2516 1079//2516 1082//2516
f 1085//2517 1084//2517 1086//2517
f 1085//2518 1083//2518 1084//2518
f 1087//2519 1086//2519 1088//2519
f 1087//2520 1085//2520 1086//2520
f 1089//2521 1088//2521 1090//2521
f 1089//2522 1087//2522 1088//2522
f 1091//2523 1090//2523 1092//2523
f 1091//2524 1089//2524 1090//2524
f 1093//2525 1092//2525 1094//2525
f 1093//2526 1091//2526 1092//2526
f 1095//2527 1094//2527 1096//2527
f 1095//2528 1093//2528 1094//2528
f 1097//2529 1096//2529 1098//2529
f 1097//2530 1095//2530 1096//2530
f 1099//2531 1098//2531 1100//2531
f 1099//2532 1097//2532 1098//2532
f 1101//2533 1099//2533 1100//2533
f 1101//2534 1100//2534 1102//2534
f 1103//2535 1101//2535 1102//2535
f 1103//2536 1102//2536 1104//2536
f 1105//2537 1103//2537 1104//2537
f 1105//2538 1104//2538 1106//2538
f 1105//2539 1106//2539 1107//2539
f 1108//2540 1105//2540 1107//2540
f 1109//2541 1108//2541 1107//2541
f 1109//2542 1107//2542 1110//2542
f 1111//2543 1109//2543 1110//2543
f 1111//2544 1110//2544 1112//2544
f 1113//2545 1111//2545 1112//2545
f 1113//2546 1112//2546 1114//2546
f 1113//2547 1114//2547 1115//2547
f 1116//2548 1113//2548 1115//2548
f 1117//2549 1116//2549 1115//2549
f 1117//2550 1115//2550 1118//2550
f 1117//2551 1118//2551 1119//2551
f 1120//2552 1117//2552 1119//2552
f 1121//2553 1120//2553 1119//2553
f 1121//2554 1119//2554 1122//2554
f 1121//2555 1122//2555 1123//2555
f 1124//2556 1121//2556 1123//2556
f 1125//2557 1123//2557 1126//2557
f 1125//2558 1124//2558 1123//2558
f 1127//2559 1126//2559 1128//2559
f 1127//2560 1125//2560 1126//2560
f 1129//2561 1128//2561 1130//2561
f 1129//2562 1127//2562 1128//2562
f 1131//2563 1130//2563 1132//2563
f 1131//2564 1129//2564 1130//2564
f 1133//2565 1132//2565 1134//2565
f 1133//2566 1131//2566 1132//2566
f 1135//2567 1134//2567 1136//2567
f 1135//2568 1133//2568 1134//2568
f 1137//2569 1136//2569 1138//2569
f 1137//2570 1135//2570 1136//2570
f 1139//2571 1138//2571 1140//2571
f 1139//2572 1137//2572 1138//2572
f 1141//2573 1140//2573 1142//2573
f 1141//2574 1139//2574 1140//2574
f 1143//2575 1142//2575 1144//2575
f 1143//2576 1144//2576 1145//2576
f 1143//2577 1141//2577 1142//2577
f 1146//2578 1143//2578 1145//2578
f 1147//2579 1145//2579 1148//2579
f 1147//2580 1146//2580 1145//2580
f 1149//2581 1148//2581 1150//2581
f 1149//2582 1147//2582 1148//2582
f 1151//2583 1150//2583 1152//2583
f 1151//2584 1149//2584 1150//2584
f 1153//2585 1151//2585 1152//2585
f 1153//2586 1152//2586 1154//2586
f 1155//2587 1153//2587 1154//2587
f 1155//2588 1154//2588 1156//2588
f 1155//2589 1156//2589 1157//2589
f 1158//2590 1155//2590 1157//2590
f 1159//2591 1158//2591 1157//2591
f 1159//2592 1157//2592 1160//2592
f 1161//2593 1159//2593 1160//2593
f 1161//2594 1160//2594 1162//2594
f 1163//2595 1161//2595 1162//2595
f 1163//2596 1162//2596 1164//2596
f 1165//2597 1163//2597 1164//2597
f 1165//2598 1164//2598 1166//2598
f 1167//2599 1165//2599 1166//2599
f 1167//2600 1166//2600 1168//2600
f 1169//2601 1167//2601 1168//2601
f 1169//2602 1168//2602 1170//2602
f 1171//2603 1169//2603 1170//2603
f 1171//2604 1170//2604 1172//2604
f 1173//2605 1171//2605 1172//2605
f 1173//2606 1172//2606 1174//2606
f 1175//2607 1173//2607 1174//2607
f 1175//2608 1174//2608 1176//2608
f 1177//2609 1175//2609 1176//2609
f 1177//2610 1176//2610 1178//2610
f 1179//2611 1177//2611 1178//2611
f 1179//2612 1178//2612 1180//2612
f 1181//2613 1179//2613 1180//2613
f 1181//2614 1180//2614 1182//2614
f 1183//2615 1181//2615 1182//2615
f 1183//2616 1182//2616 1184//2616
f 1183//2617 1184//2617 1185//2617
f 1186//2618 1183//2618 1185//2618
f 1187//2619 1186//2619 1185//2619
f 1187//2620 1185//2620 1188//2620
f 1189//2621 1187//2621 1188//2621
f 1189//2622 1188//2622 1190//2622
f 1191//2623 1189//2623 1190//2623
f 1191//2624 1190//2624 1192//2624
f 1193//2625 1191//2625 1192//2625
f 1193//2626 1192//2626 1194//2626
f 1195//2627 1194//2627 1196//2627
f 1195//2628 1193//2628 1194//2628
f 1197//2629 1196//2629 1198//2629
f 1197//2630 1195//2630 1196//2630
f 1199//2631 1198//2631 1200//2631
f 1199//2632 1197//2632 1198//2632
f 1201//2633 1200//2633 1202//2633
f 1201//2634 1199//2634 1200//2634
f 1203//2635 1201//2635 1202//2635
f 1203//2636 1202//2636 1204//2636
f 1205//2637 1203//2637 1204//2637
f 1205//2638 1204//2638 1206//2638
f 1207//2639 1205//2639 1206//2639
f 1207//2640 1206//2640 1208//2640
f 1209//2641 1207//2641 1208//2641
f 1209//2642 1208//2642 1210//2642
f 1211//2643 1209//2643 1210//2643
f 1211//2644 1210//2644 1212//2644
f 1213//2645 1211//2645 1212//2645
f 1213//2646 1212//2646 1214//2646
f 1215//2647 1213//2647 1214//2647
f 1215//2648 1214//2648 1216//2648
f 1217//2649 1215//2649 1216//2649
f 1217//2650 1216//2650 1218//2650
f 1219//2651 1217//2651 1218//2651
f 1219//2652 1218//2652 1220//2652
f 1221//2653 1219//2653 1220//2653
f 1221//2654 1220//2654 1222//2654
f 1223//2655 1221//2655 1222//2655
f 1223//2656 1222//2656 1224//2656
f 1225//2657 1223//2657 1224//2657
f 1225//2658 1224//2658 1226//2658
f 1225//2659 1226//2659 1227//2659
f 1228//2660 1225//2660 1227//2660
f 1229//2661 1227//2661 1230//2661
f 1229//2662 1228//2662 1227//2662
f 1231//2663 1230//2663 1232//2663
f 1231//2664 1229//2664 1230//2664
f 1233//2665 1232//2665 1234//2665
f 1233//2666 1231//2666 1232//2666
f 1235//2667 1234//2667 1236//2667
f 1235//2668 1233//2668 1234//2668
f 1237//2669 1236//2669 1238//2669
f 1237//2670 1235//2670 1236//2670
f 1239//2671 1238//2671 1240//2671
f 1239//2672 1237//2672 1238//2672
f 1241//2673 1240//2673 1242//2673
f 1241//2674 1239//2674 1240//2674
f 1243//2675 1242//2675 1244//2675
f 1243//2676 1241//2676 1242//2676
f 1245//2677 1244//2677 1246//2677
f 1245//2678 1243//2678 1244//2678
f 1247//2679 1246//2679 1248//2679
f 1247//2680 1248//2680 1249//2680
f 1247//2681 1245//2681 1246//2681
f 1250//2682 1247//2682 1249//2682
f 1251//2683 1249//2683 1252//2683
f 1251//2684 1250//2684 1249//2684
f 1253//2685 1252//2685 1254//2685
f 1253//2686 1251//2686 1252//2686
f 1255//2687 1253//2687 1254//2687
f 1255//2688 1254//2688 1256//2688
f 1257//2689 1255//2689 1256//2689
f 1257//2690 1256//2690 1258//2690
f 1259//2691 1257//2691 1258//2691
f 1259//2692 1258//2692 1260//2692
f 1261//2693 1259//2693 1260//2693
f 1261//2694 1260//2694 1262//2694
f 1263//2695 1262//2695 1264//2695
f 1263//2696 1261//2696 1262//2696
f 1265//2697 1264//2697 1266//2697
f 1265//2698 1263//2698 1264//2698
f 1267//2699 1266//2699 1268//2699
f 1267//2700 1265//2700 1266//2700
f 1269//2701 1268//2701 1270//2701
f 1269//2702 1267//2702 1268//2702
f 1271//2703 1270//2703 1272//2703
f 1271//2704 1269//2704 1270//2704
f 1273//2705 1272//2705 1274//2705
f 1273//2706 1271//2706 1272//2706
f 1275//2707 1274//2707 1276//2707
f 1275//2708 1273//2708 1274//2708
f 1277//2709 1276//2709 1278//2709
f 1277//2710 1275//2710 1276//2710
f 1279//2711 1278//2711 1280//2711
f 1279//2712 1277//2712 1278//2712
f 1281//2713 1280//2713 1282//2713
f 1281//2714 1279//2714 1280//2714
f 1283//2715 1282//2715 1284//2715
f 1283//2716 1281//2716 1282//2716
f 1285//2717 1284//2717 1286//2717
f 1285//2718 1283//2718 1284//2718
f 1287//2719 1286//2719 1288//2719
f 1287//2720 1285//2720 1286//2720
f 1289//2721 1288//2721 1290//2721
f 1289//2722 1287//2722 1288//2722
f 1291//2723 1290//2723 1292//2723
f 1291//2724 1289//2724 1290//2724
f 1293//2725 1292//2725 1294//2725
f 1293//2726 1291//2726 1292//2726
f 1295//2727 1294//2727 1296//2727
f 1295//2728 1293//2728 1294//2728
f 1297//2729 1296//2729 1298//2729
f 1297//2730 1295//2730 1296//2730
f 1299//2731 1298//2731 1300//2731
f 1299//2732 1297//2732 1298//2732
f 1301//2733 1300//2733 1302//2733
f 1301//2734 1299//2734 1300//2734
f 1303//2735 1301//2735 1302//2735
f 1303//2736 1302//2736 1304//2736
f 1305//2737 1303//2737 1304//2737
f 1305//2738 1304//2738 1306//2738
f 1307//2739 1305//2739 1306//2739
f 1307//2740 1306//2740 1308//2740
f 1309//2741 1307//2741 1308//2741
f 1309//2742 1308//2742 1310//2742
f 1311//2743 1309//2743 1310//2743
f 1311//2744 1310//2744 1312//2744
f 1313//2745 1311//2745 1312//2745
f 1313//2746 1312//2746 1314//2746
f 1315//2747 1313//2747 1314//2747
f 1315//2748 1314//2748 1316//2748
f 1317//2749 1315//2749 1316//2749
f 1317//2750 1316//2750 1318//2750
f 1319//2751 1317//2751 1318//2751
f 1319//2752 1318//2752 1320//2752
f 1321//2753 1319//2753 1320//2753
f 1321//2754 1320//2754 1322//2754
f 1323//2755 1321//2755 1322//2755
f 1323//2756 1322//2756 1324//2756
f 1325//2757 1323//2757 1324//2757
f 1325//2758 1324//2758 1326//2758
f 1327//2759 1325//2759 1326//2759
f 1327//2760 1326//2760 1328//2760
f 1329//2761 1328//2761 1330//2761
f 1329//2762 1327//2762 1328//2762
f 1080//2763 1330//2763 1081//2763
f 1080//2764 1329//2764 1330//2764
f 1233//2765 1235//2765 1237//2765
f 1241//2766 1237//2766 1239//2766
f 1231//2767 1233//2767 1237//2767
f 1231//2768 1237//2768 1241//2768
f 1229//2769 1231//2769 1241//2769
f 1247//2770 1243//2770 1245//2770
f 1225//2771 1228//2771 1229//2771
f 1223//2772 1225//2772 1229//2772
f 1251//2773 1243//2773 1247//2773
f 1251//2774 1241//2774 1243//2774
f 1251//2775 1247//2775 1250//2775
f 1217//2776 1219//2776 1221//2776
f 1257//2777 1229//2777 1241//2777
f 1257//2778 1241//2778 1251//2778
f 1257//2779 1251//2779 1253//2779
f 1257//2780 1253//2780 1255//2780
f 1263//2781 1229//2781 1257//2781
f 1263//2782 1257//2782 1259//2782
f 1263//2783 1259//2783 1261//2783
f 1265//2784 1223//2784 1229//2784
f 1265//2785 1229//2785 1263//2785
f 1205//2786 1207//2786 1209//2786
f 1205//2787 1209//2787 1211//2787
f 1205//2788 1211//2788 1213//2788
f 1205//2789 1213//2789 1215//2789
f 1199//2790 1201//2790 1203//2790
f 1199//2791 1203//2791 1205//2791
f 1199//2792 1205//2792 1215//2792
f 1275//2793 1265//2793 1267//2793
f 1275//2794 1267//2794 1269//2794
f 1275//2795 1269//2795 1271//2795
f 1275//2796 1271//2796 1273//2796
f 1195//2797 1197//2797 1199//2797
f 1279//2798 1221//2798 1223//2798
f 1279//2799 1223//2799 1265//2799
f 1279//2800 1265//2800 1275//2800
f 1279//2801 1275//2801 1277//2801
f 1281//2802 1221//2802 1279//2802
f 1281//2803 1217//2803 1221//2803
f 1281//2804 1215//2804 1217//2804
f 1189//2805 1191//2805 1193//2805
f 1189//2806 1193//2806 1195//2806
f 1187//2807 1195//2807 1199//2807
f 1187//2808 1189//2808 1195//2808
f 1186//2809 1187//2809 1199//2809
f 1289//2810 1281//2810 1283//2810
f 1289//2811 1283//2811 1285//2811
f 1289//2812 1285//2812 1287//2812
f 1183//2813 1199//2813 1215//2813
f 1183//2814 1186//2814 1199//2814
f 1293//2815 1289//2815 1291//2815
f 1293//2816 1281//2816 1289//2816
f 1295//2817 1281//2817 1293//2817
f 1177//2818 1179//2818 1181//2818
f 1177//2819 1181//2819 1183//2819
f 1171//2820 1173//2820 1175//2820
f 1303//2821 1295//2821 1297//2821
f 1303//2822 1297//2822 1299//2822
f 1303//2823 1299//2823 1301//2823
f 1303//2824 1281//2824 1295//2824
f 1309//2825 1305//2825 1307//2825
f 1163//2826 1165//2826 1167//2826
f 1163//2827 1167//2827 1169//2827
f 1161//2828 1163//2828 1169//2828
f 1313//2829 1215//2829 1281//2829
f 1313//2830 1303//2830 1305//2830
f 1313//2831 1309//2831 1311//2831
f 1313//2832 1183//2832 1215//2832
f 1313//2833 1281//2833 1303//2833
f 1313//2834 1305//2834 1309//2834
f 1158//2835 1159//2835 1161//2835
f 1155//2836 1161//2836 1169//2836
f 1155//2837 1158//2837 1161//2837
f 1319//2838 1313//2838 1315//2838
f 1319//2839 1315//2839 1317//2839
f 1321//2840 1177//2840 1183//2840
f 1321//2841 1175//2841 1177//2841
f 1321//2842 1171//2842 1175//2842
f 1321//2843 1183//2843 1313//2843
f 1321//2844 1313//2844 1319//2844
f 1149//2845 1151//2845 1153//2845
f 1149//2846 1153//2846 1155//2846
f 1149//2847 1155//2847 1169//2847
f 1325//2848 1321//2848 1323//2848
f 1146//2849 1147//2849 1149//2849
f 1329//2850 1325//2850 1327//2850
f 1139//2851 1146//2851 1149//2851
f 1139//2852 1141//2852 1143//2852
f 1139//2853 1143//2853 1146//2853
f 1083//2854 1080//2854 1079//2854
f 1083//2855 1325//2855 1329//2855
f 1083//2856 1329//2856 1080//2856
f 1087//2857 1083//2857 1085//2857
f 1133//2858 1139//2858 1149//2858
f 1133//2859 1135//2859 1137//2859
f 1133//2860 1137//2860 1139//2860
f 1133//2861 1149//2861 1169//2861
f 1089//2862 1321//2862 1325//2862
f 1089//2863 1325//2863 1083//2863
f 1089//2864 1083//2864 1087//2864
f 1089//2865 1171//2865 1321//2865
f 1127//2866 1129//2866 1131//2866
f 1095//2867 1089//2867 1091//2867
f 1095//2868 1091//2868 1093//2868
f 1125//2869 1131//2869 1133//2869
f 1125//2870 1127//2870 1131//2870
f 1099//2871 1095//2871 1097//2871
f 1121//2872 1124//2872 1125//2872
f 1101//2873 1095//2873 1099//2873
f 1120//2874 1125//2874 1133//2874
f 1120//2875 1121//2875 1125//2875
f 1103//2876 1095//2876 1101//2876
f 1105//2877 1171//2877 1089//2877
f 1105//2878 1089//2878 1095//2878
f 1105//2879 1169//2879 1171//2879
f 1105//2880 1095//2880 1103//2880
f 1113//2881 1116//2881 1117//2881
f 1111//2882 1105//2882 1108//2882
f 1111//2883 1108//2883 1109//2883
f 1111//2884 1133//2884 1169//2884
f 1111//2885 1117//2885 1120//2885
f 1111//2886 1113//2886 1117//2886
f 1111//2887 1169//2887 1105//2887
f 1111//2888 1120//2888 1133//2888
f 1236//2889 1234//2889 1238//2889
f 1238//2890 1242//2890 1240//2890
f 1234//2891 1232//2891 1238//2891
f 1238//2892 1232//2892 1242//2892
f 1232//2893 1230//2893 1242//2893
f 1244//2894 1248//2894 1246//2894
f 1227//2895 1226//2895 1230//2895
f 1226//2896 1224//2896 1230//2896
f 1244//2897 1252//2897 1248//2897
f 1242//2898 1252//2898 1244//2898
f 1248//2899 1252//2899 1249//2899
f 1220//2900 1218//2900 1222//2900
f 1230//2901 1258//2901 1242//2901
f 1242//2902 1258//2902 1252//2902
f 1252//2903 1258//2903 1254//2903
f 1254//2904 1258//2904 1256//2904
f 1230//2905 1264//2905 1258//2905
f 1258//2906 1264//2906 1260//2906
f 1260//2907 1264//2907 1262//2907
f 1224//2908 1266//2908 1230//2908
f 1230//2909 1266//2909 1264//2909
f 1208//2910 1206//2910 1210//2910
f 1210//2911 1206//2911 1212//2911
f 1212//2912 1206//2912 1214//2912
f 1214//2913 1206//2913 1216//2913
f 1202//2914 1200//2914 1204//2914
f 1204//2915 1200//2915 1206//2915
f 1206//2916 1200//2916 1216//2916
f 1266//2917 1276//2917 1268//2917
f 1268//2918 1276//2918 1270//2918
f 1270//2919 1276//2919 1272//2919
f 1272//2920 1276//2920 1274//2920
f 1198//2921 1196//2921 1200//2921
f 1222//2922 1280//2922 1224//2922
f 1224//2923 1280//2923 1266//2923
f 1266//2924 1280//2924 1276//2924
f 1276//2925 1280//2925 1278//2925
f 1222//2926 1282//2926 1280//2926
f 1218//2927 1282//2927 1222//2927
f 1216//2928 1282//2928 1218//2928
f 1192//2929 1190//2929 1194//2929
f 1194//2930 1190//2930 1196//2930
f 1196//2931 1188//2931 1200//2931
f 1190//2932 1188//2932 1196//2932
f 1188//2933 1185//2933 1200//2933
f 1282//2934 1290//2934 1284//2934
f 1284//2935 1290//2935 1286//2935
f 1286//2936 1290//2936 1288//2936
f 1200//2937 1184//2937 1216//2937
f 1185//2938 1184//2938 1200//2938
f 1290//2939 1294//2939 1292//2939
f 1282//2940 1294//2940 1290//2940
f 1282//2941 1296//2941 1294//2941
f 1180//2942 1178//2942 1182//2942
f 1182//2943 1178//2943 1184//2943
f 1174//2944 1172//2944 1176//2944
f 1296//2945 1304//2945 1298//2945
f 1298//2946 1304//2946 1300//2946
f 1300//2947 1304//2947 1302//2947
f 1282//2948 1304//2948 1296//2948
f 1306//2949 1310//2949 1308//2949
f 1166//2950 1164//2950 1168//2950
f 1168//2951 1164//2951 1170//2951
f 1164//2952 1162//2952 1170//2952
f 1216//2953 1314//2953 1282//2953
f 1304//2954 1314//2954 1306//2954
f 1310//2955 1314//2955 1312//2955
f 1184//2956 1314//2956 1216//2956
f 1282//2957 1314//2957 1304//2957
f 1306//2958 1314//2958 1310//2958
f 1160//2959 1157//2959 1162//2959
f 1162//2960 1156//2960 1170//2960
f 1157//2961 1156//2961 1162//2961
f 1314//2962 1320//2962 1316//2962
f 1316//2963 1320//2963 1318//2963
f 1178//2964 1322//2964 1184//2964
f 1176//2965 1322//2965 1178//2965
f 1172//2966 1322//2966 1176//2966
f 1184//2967 1322//2967 1314//2967
f 1314//2968 1322//2968 1320//2968
f 1152//2969 1150//2969 1154//2969
f 1154//2970 1150//2970 1156//2970
f 1156//2971 1150//2971 1170//2971
f 1322//2972 1326//2972 1324//2972
f 1148//2973 1145//2973 1150//2973
f 1326//2974 1330//2974 1328//2974
f 1145//2975 1140//2975 1150//2975
f 1142//2976 1140//2976 1144//2976
f 1144//2977 1140//2977 1145//2977
f 1081//2978 1084//2978 1082//2978
f 1326//2979 1084//2979 1330//2979
f 1330//2980 1084//2980 1081//2980
f 1084//2981 1088//2981 1086//2981
f 1140//2982 1134//2982 1150//2982
f 1136//2983 1134//2983 1138//2983
f 1138//2984 1134//2984 1140//2984
f 1150//2985 1134//2985 1170//2985
f 1322//2986 1090//2986 1326//2986
f 1326//2987 1090//2987 1084//2987
f 1084//2988 1090//2988 1088//2988
f 1172//2989 1090//2989 1322//2989
f 1130//2990 1128//2990 1132//2990
f 1090//2991 1096//2991 1092//2991
f 1092//2992 1096//2992 1094//2992
f 1132//2993 1126//2993 1134//2993
f 1128//2994 1126//2994 1132//2994
f 1096//2995 1100//2995 1098//2995
f 1123//2996 1122//2996 1126//2996
f 1096//2997 1102//2997 1100//2997
f 1126//2998 1119//2998 1134//2998
f 1122//2999 1119//2999 1126//2999
f 1096//3000 1104//3000 1102//3000
f 1172//3001 1106//3001 1090//3001
f 1090//3002 1106//3002 1096//3002
f 1170//3003 1106//3003 1172//3003
f 1096//3004 1106//3004 1104//3004
f 1115//3005 1114//3005 1118//3005
f 1106//3006 1112//3006 1107//3006
f 1107//3007 1112//3007 1110//3007
f 1134//3008 1112//3008 1170//3008
f 1118//3009 1112//3009 1119//3009
f 1114//3010 1112//3010 1118//3010
f 1170//3011 1112//3011 1106//3011
f 1119//3012 1112//3012 1134//3012
f 1331//3013 1332//3013 537//3013
f 1331//3014 537//3014 1333//3014
f 1331//3015 1333//3015 1334//3015
f 1335//3016 1331//3016 1334//3016
f 1336//3017 1334//3017 1337//3017
f 1336//3018 1337//3018 532//3018
f 1336//3019 1335//3019 1334//3019
f 1338//3020 1336//3020 532//3020
f 1339//3021 532//3021 1340//3021
f 1339//3022 1338//3022 532//3022
f 1341//3023 1340//3023 1342//3023
f 1341//3024 1342//3024 1343//3024
f 1341//3025 1339//3025 1340//3025
f 1344//3026 1341//3026 1343//3026
f 1345//3027 1343//3027 526//3027
f 1345//3028 1344//3028 1343//3028
f 1346//3029 526//3029 524//3029
f 1346//3030 1345//3030 526//3030
f 1347//3031 524//3031 523//3031
f 1347//3032 1346//3032 524//3032
f 1348//3033 1347//3033 523//3033
f 1348//3034 523//3034 1349//3034
f 1350//3035 1348//3035 1349//3035
f 1350//3036 1349//3036 519//3036
f 1350//3037 519//3037 518//3037
f 1351//3038 1350//3038 518//3038
f 1351//3039 518//3039 1352//3039
f 1353//3040 1351//3040 1352//3040
f 1354//3041 1353//3041 1352//3041
f 1354//3042 1352//3042 1355//3042
f 1356//3043 1354//3043 1355//3043
f 1356//3044 1355//3044 513//3044
f 1357//3045 1356//3045 513//3045
f 1357//3046 513//3046 512//3046
f 1357//3047 512//3047 510//3047
f 1358//3048 1357//3048 510//3048
f 1359//3049 1358//3049 510//3049
f 1359//3050 510//3050 1360//3050
f 1359//3051 1360//3051 507//3051
f 1361//3052 1359//3052 507//3052
f 1362//3053 1361//3053 507//3053
f 1362//3054 507//3054 1363//3054
f 1362//3055 1363//3055 503//3055
f 1364//3056 1362//3056 503//3056
f 1364//3057 503//3057 1365//3057
f 1366//3058 1364//3058 1365//3058
f 1367//3059 1365//3059 1368//3059
f 1367//3060 1368//3060 1369//3060
f 1367//3061 1366//3061 1365//3061
f 1370//3062 1369//3062 1371//3062
f 1370//3063 1367//3063 1369//3063
f 1372//3064 1370//3064 1371//3064
f 1373//3065 1371//3065 498//3065
f 1373//3066 498//3066 1374//3066
f 1373//3067 1372//3067 1371//3067
f 1375//3068 1374//3068 1376//3068
f 1375//3069 1373//3069 1374//3069
f 1377//3070 1375//3070 1376//3070
f 1378//3071 1376//3071 494//3071
f 1378//3072 1377//3072 1376//3072
f 1379//3073 494//3073 1380//3073
f 1379//3074 1378//3074 494//3074
f 1381//3075 1380//3075 491//3075
f 1381//3076 1379//3076 1380//3076
f 1382//3077 491//3077 1383//3077
f 1382//3078 1381//3078 491//3078
f 1384//3079 1383//3079 1385//3079
f 1384//3080 1382//3080 1383//3080
f 1386//3081 1385//3081 1387//3081
f 1386//3082 1384//3082 1385//3082
f 1388//3083 1387//3083 1389//3083
f 1388//3084 1386//3084 1387//3084
f 1390//3085 1388//3085 1389//3085
f 1390//3086 1389//3086 484//3086
f 1391//3087 1390//3087 484//3087
f 1391//3088 484//3088 482//3088
f 1392//3089 1391//3089 482//3089
f 1392//3090 482//3090 481//3090
f 1393//3091 1392//3091 481//3091
f 1393//3092 481//3092 1394//3092
f 1393//3093 1394//3093 477//3093
f 1395//3094 1393//3094 477//3094
f 1396//3095 1395//3095 477//3095
f 1396//3096 477//3096 1397//3096
f 1398//3097 1396//3097 1397//3097
f 1398//3098 1397//3098 474//3098
f 1399//3099 1398//3099 474//3099
f 1399//3100 474//3100 473//3100
f 1400//3101 1399//3101 473//3101
f 1400//3102 473//3102 470//3102
f 1401//3103 1400//3103 470//3103
f 1401//3104 470//3104 1402//3104
f 1401//3105 1402//3105 1403//3105
f 1404//3106 1401//3106 1403//3106
f 1405//3107 1404//3107 1403//3107
f 1405//3108 1403//3108 467//3108
f 1406//3109 1405//3109 467//3109
f 1406//3110 467//3110 464//3110
f 1407//3111 1406//3111 464//3111
f 1407//3112 464//3112 1408//3112
f 1407//3113 1408//3113 1409//3113
f 1410//3114 1407//3114 1409//3114
f 1411//3115 1410//3115 1409//3115
f 1411//3116 1409//3116 1412//3116
f 1413//3117 1411//3117 1412//3117
f 1413//3118 1412//3118 460//3118
f 1413//3119 460//3119 1414//3119
f 1415//3120 1413//3120 1414//3120
f 1415//3121 1414//3121 1416//3121
f 1417//3122 1415//3122 1416//3122
f 1417//3123 1416//3123 1418//3123
f 1419//3124 1417//3124 1418//3124
f 1420//3125 1419//3125 1418//3125
f 1420//3126 1418//3126 455//3126
f 1421//3127 455//3127 1422//3127
f 1421//3128 1420//3128 455//3128
f 1423//3129 1422//3129 451//3129
f 1423//3130 1421//3130 1422//3130
f 1424//3131 451//3131 1425//3131
f 1424//3132 1425//3132 448//3132
f 1424//3133 1423//3133 451//3133
f 1426//3134 1424//3134 448//3134
f 1427//3135 1426//3135 448//3135
f 1427//3136 448//3136 1428//3136
f 1429//3137 1427//3137 1428//3137
f 1429//3138 1428//3138 1430//3138
f 1429//3139 1430//3139 633//3139
f 1431//3140 1429//3140 633//3140
f 1432//3141 1431//3141 633//3141
f 1432//3142 633//3142 630//3142
f 1433//3143 1432//3143 630//3143
f 1433//3144 630//3144 1434//3144
f 1433//3145 1434//3145 1435//3145
f 1436//3146 1433//3146 1435//3146
f 1437//3147 1436//3147 1435//3147
f 1437//3148 1435//3148 1438//3148
f 1437//3149 1438//3149 1439//3149
f 1440//3150 1437//3150 1439//3150
f 1441//3151 1440//3151 1439//3151
f 1441//3152 1439//3152 1442//3152
f 1443//3153 1441//3153 1442//3153
f 1443//3154 1442//3154 1444//3154
f 1443//3155 1444//3155 623//3155
f 1445//3156 1443//3156 623//3156
f 1446//3157 1445//3157 623//3157
f 1446//3158 623//3158 621//3158
f 1447//3159 1446//3159 621//3159
f 1447//3160 621//3160 619//3160
f 1448//3161 619//3161 1449//3161
f 1448//3162 1447//3162 619//3162
f 1450//3163 1449//3163 616//3163
f 1450//3164 1448//3164 1449//3164
f 1451//3165 616//3165 1452//3165
f 1451//3166 1452//3166 613//3166
f 1451//3167 1450//3167 616//3167
f 1453//3168 1451//3168 613//3168
f 1454//3169 613//3169 611//3169
f 1454//3170 1453//3170 613//3170
f 1455//3171 611//3171 609//3171
f 1455//3172 1454//3172 611//3172
f 1456//3173 609//3173 607//3173
f 1456//3174 1455//3174 609//3174
f 1457//3175 607//3175 1458//3175
f 1457//3176 1456//3176 607//3176
f 1459//3177 1458//3177 1460//3177
f 1459//3178 1457//3178 1458//3178
f 1461//3179 1460//3179 1462//3179
f 1461//3180 1459//3180 1460//3180
f 1463//3181 1462//3181 1464//3181
f 1463//3182 1461//3182 1462//3182
f 1465//3183 1464//3183 1466//3183
f 1465//3184 1466//3184 600//3184
f 1465//3185 1463//3185 1464//3185
f 1467//3186 1465//3186 600//3186
f 1468//3187 1467//3187 600//3187
f 1468//3188 600//3188 1469//3188
f 1470//3189 1468//3189 1469//3189
f 1470//3190 1469//3190 597//3190
f 1471//3191 1470//3191 597//3191
f 1471//3192 597//3192 595//3192
f 1472//3193 1471//3193 595//3193
f 1472//3194 595//3194 1473//3194
f 1472//3195 1473//3195 592//3195
f 1474//3196 1472//3196 592//3196
f 1474//3197 592//3197 1475//3197
f 1476//3198 1474//3198 1475//3198
f 1477//3199 1475//3199 589//3199
f 1477//3200 1476//3200 1475//3200
f 1478//3201 589//3201 1479//3201
f 1478//3202 1477//3202 589//3202
f 1480//3203 1479//3203 585//3203
f 1480//3204 1478//3204 1479//3204
f 1481//3205 585//3205 583//3205
f 1481//3206 1480//3206 585//3206
f 1482//3207 583//3207 582//3207
f 1482//3208 1481//3208 583//3208
f 1483//3209 582//3209 580//3209
f 1483//3210 1482//3210 582//3210
f 1484//3211 580//3211 1485//3211
f 1484//3212 1483//3212 580//3212
f 1486//3213 1485//3213 577//3213
f 1486//3214 1484//3214 1485//3214
f 1487//3215 577//3215 574//3215
f 1487//3216 1486//3216 577//3216
f 1488//3217 574//3217 573//3217
f 1488//3218 1487//3218 574//3218
f 1489//3219 573//3219 1490//3219
f 1489//3220 1488//3220 573//3220
f 1491//3221 1490//3221 570//3221
f 1491//3222 1489//3222 1490//3222
f 1492//3223 570//3223 568//3223
f 1492//3224 1491//3224 570//3224
f 1493//3225 568//3225 566//3225
f 1493//3226 1492//3226 568//3226
f 1494//3227 566//3227 564//3227
f 1494//3228 1493//3228 566//3228
f 1495//3229 564//3229 1496//3229
f 1495//3230 1494//3230 564//3230
f 1497//3231 1496//3231 1498//3231
f 1497//3232 1495//3232 1496//3232
f 1499//3233 1498//3233 1500//3233
f 1499//3234 1500//3234 1501//3234
f 1499//3235 1497//3235 1498//3235
f 1502//3236 1499//3236 1501//3236
f 1503//3237 1502//3237 1501//3237
f 1503//3238 1501//3238 558//3238
f 1504//3239 1503//3239 558//3239
f 1504//3240 558//3240 1505//3240
f 1506//3241 1504//3241 1505//3241
f 1506//3242 1505//3242 555//3242
f 1507//3243 1506//3243 555//3243
f 1507//3244 555//3244 553//3244
f 1508//3245 1507//3245 553//3245
f 1508//3246 553//3246 550//3246
f 1509//3247 1508//3247 550//3247
f 1509//3248 550//3248 1510//3248
f 1511//3249 1509//3249 1510//3249
f 1511//3250 1510//3250 548//3250
f 1512//3251 1511//3251 548//3251
f 1512//3252 548//3252 1513//3252
f 1514//3253 1512//3253 1513//3253
f 1514//3254 1513//3254 1515//3254
f 1514//3255 1515//3255 543//3255
f 1516//3256 1514//3256 543//3256
f 1517//3257 1516//3257 543//3257
f 1517//3258 543//3258 542//3258
f 1517//3259 542//3259 1518//3259
f 1519//3260 1517//3260 1518//3260
f 1520//3261 1518//3261 538//3261
f 1520//3262 1519//3262 1518//3262
f 1332//3263 538//3263 537//3263
f 1332//3264 1520//3264 538//3264
f 1456//3265 1454//3265 1455//3265
f 1448//3266 1450//3266 1451//3266
f 1447//3267 1454//3267 1456//3267
f 1447//3268 1448//3268 1451//3268
f 1447//3269 1451//3269 1453//3269
f 1447//3270 1453//3270 1454//3270
f 1447//3271 1456//3271 1457//3271
f 1465//3272 1459//3272 1461//3272
f 1465//3273 1461//3273 1463//3273
f 1443//3274 1445//3274 1446//3274
f 1443//3275 1446//3275 1447//3275
f 1468//3276 1459//3276 1465//3276
f 1468//3277 1465//3277 1467//3277
f 1440//3278 1441//3278 1443//3278
f 1470//3279 1459//3279 1468//3279
f 1470//3280 1457//3280 1459//3280
f 1436//3281 1440//3281 1443//3281
f 1436//3282 1437//3282 1440//3282
f 1472//3283 1470//3283 1471//3283
f 1432//3284 1433//3284 1436//3284
f 1477//3285 1470//3285 1472//3285
f 1477//3286 1472//3286 1474//3286
f 1477//3287 1474//3287 1476//3287
f 1480//3288 1477//3288 1478//3288
f 1424//3289 1426//3289 1427//3289
f 1424//3290 1427//3290 1429//3290
f 1424//3291 1429//3291 1431//3291
f 1482//3292 1480//3292 1481//3292
f 1482//3293 1477//3293 1480//3293
f 1423//3294 1431//3294 1432//3294
f 1423//3295 1424//3295 1431//3295
f 1483//3296 1457//3296 1470//3296
f 1483//3297 1470//3297 1477//3297
f 1483//3298 1477//3298 1482//3298
f 1420//3299 1423//3299 1432//3299
f 1420//3300 1421//3300 1423//3300
f 1420//3301 1432//3301 1436//3301
f 1487//3302 1484//3302 1486//3302
f 1415//3303 1417//3303 1419//3303
f 1415//3304 1419//3304 1420//3304
f 1489//3305 1487//3305 1488//3305
f 1489//3306 1443//3306 1447//3306
f 1489//3307 1447//3307 1457//3307
f 1489//3308 1436//3308 1443//3308
f 1489//3309 1457//3309 1483//3309
f 1489//3310 1484//3310 1487//3310
f 1489//3311 1483//3311 1484//3311
f 1492//3312 1489//3312 1491//3312
f 1493//3313 1436//3313 1489//3313
f 1493//3314 1489//3314 1492//3314
f 1407//3315 1415//3315 1420//3315
f 1407//3316 1410//3316 1411//3316
f 1407//3317 1411//3317 1413//3317
f 1407//3318 1413//3318 1415//3318
f 1406//3319 1407//3319 1420//3319
f 1497//3320 1494//3320 1495//3320
f 1404//3321 1405//3321 1406//3321
f 1499//3322 1493//3322 1494//3322
f 1499//3323 1420//3323 1436//3323
f 1499//3324 1436//3324 1493//3324
f 1499//3325 1494//3325 1497//3325
f 1502//3326 1420//3326 1499//3326
f 1399//3327 1406//3327 1420//3327
f 1399//3328 1400//3328 1401//3328
f 1399//3329 1401//3329 1404//3329
f 1399//3330 1404//3330 1406//3330
f 1506//3331 1502//3331 1503//3331
f 1506//3332 1503//3332 1504//3332
f 1508//3333 1506//3333 1507//3333
f 1509//3334 1502//3334 1506//3334
f 1509//3335 1506//3335 1508//3335
f 1511//3336 1502//3336 1509//3336
f 1391//3337 1392//3337 1393//3337
f 1391//3338 1393//3338 1395//3338
f 1391//3339 1395//3339 1396//3339
f 1391//3340 1396//3340 1398//3340
f 1390//3341 1398//3341 1399//3341
f 1390//3342 1391//3342 1398//3342
f 1516//3343 1511//3343 1512//3343
f 1516//3344 1512//3344 1514//3344
f 1516//3345 1420//3345 1502//3345
f 1516//3346 1502//3346 1511//3346
f 1384//3347 1386//3347 1388//3347
f 1384//3348 1388//3348 1390//3348
f 1519//3349 1516//3349 1517//3349
f 1332//3350 1516//3350 1519//3350
f 1332//3351 1519//3351 1520//3351
f 1331//3352 1516//3352 1332//3352
f 1378//3353 1379//3353 1381//3353
f 1378//3354 1381//3354 1382//3354
f 1335//3355 1516//3355 1331//3355
f 1336//3356 1420//3356 1516//3356
f 1336//3357 1516//3357 1335//3357
f 1373//3358 1384//3358 1390//3358
f 1373//3359 1378//3359 1382//3359
f 1373//3360 1375//3360 1377//3360
f 1373//3361 1377//3361 1378//3361
f 1373//3362 1382//3362 1384//3362
f 1339//3363 1336//3363 1338//3363
f 1367//3364 1370//3364 1372//3364
f 1367//3365 1372//3365 1373//3365
f 1345//3366 1339//3366 1341//3366
f 1345//3367 1341//3367 1344//3367
f 1345//3368 1420//3368 1336//3368
f 1345//3369 1336//3369 1339//3369
f 1366//3370 1367//3370 1373//3370
f 1347//3371 1345//3371 1346//3371
f 1362//3372 1364//3372 1366//3372
f 1362//3373 1366//3373 1373//3373
f 1350//3374 1347//3374 1348//3374
f 1359//3375 1373//3375 1390//3375
f 1359//3376 1361//3376 1362//3376
f 1359//3377 1420//3377 1345//3377
f 1359//3378 1345//3378 1347//3378
f 1359//3379 1347//3379 1350//3379
f 1359//3380 1399//3380 1420//3380
f 1359//3381 1362//3381 1373//3381
f 1359//3382 1390//3382 1399//3382
f 1353//3383 1350//3383 1351//3383
f 1357//3384 1358//3384 1359//3384
f 1356//3385 1353//3385 1354//3385
f 1356//3386 1359//3386 1350//3386
f 1356//3387 1357//3387 1359//3387
f 1356//3388 1350//3388 1353//3388
f 611//3389 607//3389 609//3389
f 619//3390 621//3390 1449//3390
f 1449//3391 621//3391 616//3391
f 616//3392 621//3392 1452//3392
f 1452//3393 621//3393 613//3393
f 613//3394 621//3394 611//3394
f 1460//3395 1464//3395 1462//3395
f 623//3396 1444//3396 621//3396
f 1460//3397 600//3397 1464//3397
f 1464//3398 600//3398 1466//3398
f 611//3399 1439//3399 607//3399
f 621//3400 1439//3400 611//3400
f 1444//3401 1439//3401 621//3401
f 1442//3402 1439//3402 1444//3402
f 607//3403 1439//3403 1458//3403
f 600//3404 597//3404 1469//3404
f 1438//3405 1435//3405 1439//3405
f 597//3406 592//3406 595//3406
f 595//3407 592//3407 1473//3407
f 1434//3408 630//3408 1435//3408
f 597//3409 1475//3409 592//3409
f 1460//3410 589//3410 600//3410
f 600//3411 589//3411 597//3411
f 1458//3412 589//3412 1460//3412
f 597//3413 589//3413 1475//3413
f 448//3414 1425//3414 1428//3414
f 1428//3415 1425//3415 1430//3415
f 1430//3416 1425//3416 633//3416
f 589//3417 580//3417 1479//3417
f 1479//3418 580//3418 585//3418
f 585//3419 580//3419 583//3419
f 583//3420 580//3420 582//3420
f 1422//3421 455//3421 451//3421
f 451//3422 455//3422 1425//3422
f 633//3423 455//3423 630//3423
f 1439//3424 455//3424 1458//3424
f 1435//3425 455//3425 1439//3425
f 630//3426 455//3426 1435//3426
f 1425//3427 455//3427 633//3427
f 589//3428 577//3428 580//3428
f 1458//3429 577//3429 589//3429
f 580//3430 577//3430 1485//3430
f 1458//3431 574//3431 577//3431
f 1416//3432 1414//3432 1418//3432
f 1418//3433 1414//3433 455//3433
f 573//3434 570//3434 1490//3434
f 1414//3435 1412//3435 455//3435
f 460//3436 1412//3436 1414//3436
f 574//3437 568//3437 573//3437
f 573//3438 568//3438 570//3438
f 1409//3439 1408//3439 1412//3439
f 568//3440 564//3440 566//3440
f 574//3441 564//3441 568//3441
f 1412//3442 467//3442 455//3442
f 1408//3443 467//3443 1412//3443
f 464//3444 467//3444 1408//3444
f 564//3445 1498//3445 1496//3445
f 574//3446 1498//3446 564//3446
f 574//3447 1500//3447 1498//3447
f 574//3448 1501//3448 1500//3448
f 1402//3449 470//3449 1403//3449
f 1403//3450 470//3450 467//3450
f 473//3451 474//3451 470//3451
f 470//3452 474//3452 467//3452
f 1501//3453 555//3453 558//3453
f 558//3454 555//3454 1505//3454
f 574//3455 555//3455 1501//3455
f 467//3456 1397//3456 455//3456
f 474//3457 1397//3457 467//3457
f 574//3458 553//3458 555//3458
f 455//3459 1510//3459 1458//3459
f 553//3460 1510//3460 550//3460
f 1458//3461 1510//3461 574//3461
f 574//3462 1510//3462 553//3462
f 1394//3463 481//3463 477//3463
f 477//3464 481//3464 1397//3464
f 482//3465 484//3465 481//3465
f 484//3466 1389//3466 481//3466
f 1387//3467 1385//3467 1389//3467
f 481//3468 1385//3468 1397//3468
f 1389//3469 1385//3469 481//3469
f 1513//3470 1518//3470 1515//3470
f 1515//3471 1518//3471 543//3471
f 543//3472 1518//3472 542//3472
f 1518//3473 537//3473 538//3473
f 491//3474 1380//3474 1383//3474
f 1518//3475 1333//3475 537//3475
f 1513//3476 1333//3476 1518//3476
f 1380//3477 494//3477 1383//3477
f 1383//3478 494//3478 1385//3478
f 1385//3479 494//3479 1397//3479
f 1333//3480 1337//3480 1334//3480
f 1513//3481 1337//3481 1333//3481
f 1513//3482 532//3482 1337//3482
f 1374//3483 498//3483 1376//3483
f 1513//3484 1340//3484 532//3484
f 498//3485 1371//3485 1376//3485
f 1376//3486 1371//3486 494//3486
f 1340//3487 1343//3487 1342//3487
f 494//3488 1368//3488 1397//3488
f 1369//3489 1368//3489 1371//3489
f 1371//3490 1368//3490 494//3490
f 1368//3491 1365//3491 1397//3491
f 1397//3492 1365//3492 455//3492
f 455//3493 1365//3493 1510//3493
f 503//3494 1363//3494 1365//3494
f 1365//3495 1363//3495 1510//3495
f 524//3496 1349//3496 523//3496
f 1343//3497 519//3497 526//3497
f 526//3498 519//3498 524//3498
f 548//3499 519//3499 1513//3499
f 1513//3500 519//3500 1340//3500
f 1340//3501 519//3501 1343//3501
f 524//3502 519//3502 1349//3502
f 1510//3503 518//3503 548//3503
f 548//3504 518//3504 519//3504
f 1360//3505 510//3505 507//3505
f 507//3506 512//3506 1363//3506
f 510//3507 512//3507 507//3507
f 518//3508 1355//3508 1352//3508
f 1363//3509 513//3509 1510//3509
f 1510//3510 513//3510 518//3510
f 518//3511 513//3511 1355//3511
f 512//3512 513//3512 1363//3512
f 1521//3513 1522//3513 1523//3513
f 1521//3514 1523//3514 1524//3514
f 1525//3515 1524//3515 1526//3515
f 1525//3516 1521//3516 1524//3516
f 1527//3517 1526//3517 1528//3517
f 1527//3518 1525//3518 1526//3518
f 1529//3519 1528//3519 1530//3519
f 1529//3520 1527//3520 1528//3520
f 1531//3521 1530//3521 1532//3521
f 1531//3522 1529//3522 1530//3522
f 1533//3523 1532//3523 1534//3523
f 1533//3524 1531//3524 1532//3524
f 1535//3525 1534//3525 1536//3525
f 1535//3526 1533//3526 1534//3526
f 1537//3527 1536//3527 1538//3527
f 1537//3528 1535//3528 1536//3528
f 1539//3529 1538//3529 1540//3529
f 1539//3530 1537//3530 1538//3530
f 1541//3531 1540//3531 1542//3531
f 1541//3532 1539//3532 1540//3532
f 1543//3533 1541//3533 1542//3533
f 1543//3534 1542//3534 1544//3534
f 1545//3535 1543//3535 1544//3535
f 1545//3536 1544//3536 1546//3536
f 1547//3537 1545//3537 1546//3537
f 1547//3538 1546//3538 1548//3538
f 1547//3539 1548//3539 1549//3539
f 1550//3540 1547//3540 1549//3540
f 1551//3541 1550//3541 1549//3541
f 1551//3542 1549//3542 1552//3542
f 1553//3543 1551//3543 1552//3543
f 1553//3544 1552//3544 1554//3544
f 1555//3545 1553//3545 1554//3545
f 1555//3546 1554//3546 1556//3546
f 1555//3547 1556//3547 1557//3547
f 1558//3548 1555//3548 1557//3548
f 1559//3549 1558//3549 1557//3549
f 1559//3550 1557//3550 1560//3550
f 1559//3551 1560//3551 1561//3551
f 1562//3552 1559//3552 1561//3552
f 1563//3553 1562//3553 1561//3553
f 1563//3554 1561//3554 1564//3554
f 1563//3555 1564//3555 1565//3555
f 1566//3556 1563//3556 1565//3556
f 1567//3557 1565//3557 1568//3557
f 1567//3558 1566//3558 1565//3558
f 1569//3559 1568//3559 1570//3559
f 1569//3560 1567//3560 1568//3560
f 1571//3561 1570//3561 1572//3561
f 1571//3562 1569//3562 1570//3562
f 1573//3563 1572//3563 1574//3563
f 1573//3564 1571//3564 1572//3564
f 1575//3565 1574//3565 1576//3565
f 1575//3566 1573//3566 1574//3566
f 1577//3567 1576//3567 1578//3567
f 1577//3568 1575//3568 1576//3568
f 1579//3569 1578//3569 1580//3569
f 1579//3570 1577//3570 1578//3570
f 1581//3571 1580//3571 1582//3571
f 1581//3572 1579//3572 1580//3572
f 1583//3573 1582//3573 1584//3573
f 1583//3574 1581//3574 1582//3574
f 1585//3575 1584//3575 1586//3575
f 1585//3576 1586//3576 1587//3576
f 1585//3577 1583//3577 1584//3577
f 1588//3578 1585//3578 1587//3578
f 1589//3579 1587//3579 1590//3579
f 1589//3580 1588//3580 1587//3580
f 1591//3581 1590//3581 1592//3581
f 1591//3582 1589//3582 1590//3582
f 1593//3583 1592//3583 1594//3583
f 1593//3584 1591//3584 1592//3584
f 1595//3585 1593//3585 1594//3585
f 1595//3586 1594//3586 1596//3586
f 1597//3587 1595//3587 1596//3587
f 1597//3588 1596//3588 1598//3588
f 1597//3589 1598//3589 1599//3589
f 1600//3590 1597//3590 1599//3590
f 1601//3591 1600//3591 1599//3591
f 1601//3592 1599//3592 1602//3592
f 1603//3593 1601//3593 1602//3593
f 1603//3594 1602//3594 1604//3594
f 1605//3595 1603//3595 1604//3595
f 1605//3596 1604//3596 1606//3596
f 1607//3597 1605//3597 1606//3597
f 1607//3598 1606//3598 1608//3598
f 1609//3599 1607//3599 1608//3599
f 1609//3600 1608//3600 1610//3600
f 1611//3601 1609//3601 1610//3601
f 1611//3602 1610//3602 1612//3602
f 1613//3603 1611//3603 1612//3603
f 1613//3604 1612//3604 1614//3604
f 1615//3605 1613//3605 1614//3605
f 1615//3606 1614//3606 1616//3606
f 1617//3607 1615//3607 1616//3607
f 1617//3608 1616//3608 1618//3608
f 1619//3609 1617//3609 1618//3609
f 1619//3610 1618//3610 1620//3610
f 1621//3611 1619//3611 1620//3611
f 1621//3612 1620//3612 1622//3612
f 1623//3613 1621//3613 1622//3613
f 1623//3614 1622//3614 1624//3614
f 1625//3615 1623//3615 1624//3615
f 1625//3616 1624//3616 1626//3616
f 1625//3617 1626//3617 1627//3617
f 1628//3618 1625//3618 1627//3618
f 1629//3619 1628//3619 1627//3619
f 1629//3620 1627//3620 1630//3620
f 1631//3621 1629//3621 1630//3621
f 1631//3622 1630//3622 1632//3622
f 1633//3623 1631//3623 1632//3623
f 1633//3624 1632//3624 1634//3624
f 1635//3625 1633//3625 1634//3625
f 1635//3626 1634//3626 1636//3626
f 1637//3627 1636//3627 1638//3627
f 1637//3628 1635//3628 1636//3628
f 1639//3629 1638//3629 1640//3629
f 1639//3630 1637//3630 1638//3630
f 1641//3631 1640//3631 1642//3631
f 1641//3632 1639//3632 1640//3632
f 1643//3633 1642//3633 1644//3633
f 1643//3634 1641//3634 1642//3634
f 1645//3635 1643//3635 1644//3635
f 1645//3636 1644//3636 1646//3636
f 1647//3637 1645//3637 1646//3637
f 1647//3638 1646//3638 1648//3638
f 1649//3639 1647//3639 1648//3639
f 1649//3640 1648//3640 1650//3640
f 1651//3641 1649//3641 1650//3641
f 1651//3642 1650//3642 1652//3642
f 1653//3643 1651//3643 1652//3643
f 1653//3644 1652//3644 1654//3644
f 1655//3645 1653//3645 1654//3645
f 1655//3646 1654//3646 1656//3646
f 1657//3647 1655//3647 1656//3647
f 1657//3648 1656//3648 1658//3648
f 1659//3649 1657//3649 1658//3649
f 1659//3650 1658//3650 1660//3650
f 1661//3651 1659//3651 1660//3651
f 1661//3652 1660//3652 1662//3652
f 1663//3653 1661//3653 1662//3653
f 1663//3654 1662//3654 1664//3654
f 1665//3655 1663//3655 1664//3655
f 1665//3656 1664//3656 1666//3656
f 1667//3657 1665//3657 1666//3657
f 1667//3658 1666//3658 1668//3658
f 1667//3659 1668//3659 1669//3659
f 1670//3660 1667//3660 1669//3660
f 1671//3661 1669//3661 1672//3661
f 1671//3662 1670//3662 1669//3662
f 1673//3663 1672//3663 1674//3663
f 1673//3664 1671//3664 1672//3664
f 1675//3665 1674//3665 1676//3665
f 1675//3666 1673//3666 1674//3666
f 1677//3667 1676//3667 1678//3667
f 1677//3668 1675//3668 1676//3668
f 1679//3669 1678//3669 1680//3669
f 1679//3670 1677//3670 1678//3670
f 1681//3671 1680//3671 1682//3671
f 1681//3672 1679//3672 1680//3672
f 1683//3673 1682//3673 1684//3673
f 1683//3674 1681//3674 1682//3674
f 1685//3675 1684//3675 1686//3675
f 1685//3676 1683//3676 1684//3676
f 1687//3677 1686//3677 1688//3677
f 1687//3678 1685//3678 1686//3678
f 1689//3679 1688//3679 1690//3679
f 1689//3680 1690//3680 1691//3680
f 1689//3681 1687//3681 1688//3681
f 1692//3682 1689//3682 1691//3682
f 1693//3683 1691//3683 1694//3683
f 1693//3684 1692//3684 1691//3684
f 1695//3685 1694//3685 1696//3685
f 1695//3686 1693//3686 1694//3686
f 1697//3687 1695//3687 1696//3687
f 1697//3688 1696//3688 1698//3688
f 1699//3689 1697//3689 1698//3689
f 1699//3690 1698//3690 1700//3690
f 1701//3691 1699//3691 1700//3691
f 1701//3692 1700//3692 1702//3692
f 1703//3693 1701//3693 1702//3693
f 1703//3694 1702//3694 1704//3694
f 1705//3695 1704//3695 1706//3695
f 1705//3696 1703//3696 1704//3696
f 1707//3697 1706//3697 1708//3697
f 1707//3698 1705//3698 1706//3698
f 1709//3699 1708//3699 1710//3699
f 1709//3700 1707//3700 1708//3700
f 1711//3701 1710//3701 1712//3701
f 1711//3702 1709//3702 1710//3702
f 1713//3703 1712//3703 1714//3703
f 1713//3704 1711//3704 1712//3704
f 1715//3705 1714//3705 1716//3705
f 1715//3706 1713//3706 1714//3706
f 1717//3707 1716//3707 1718//3707
f 1717//3708 1715//3708 1716//3708
f 1719//3709 1718//3709 1720//3709
f 1719//3710 1717//3710 1718//3710
f 1721//3711 1720//3711 1722//3711
f 1721//3712 1719//3712 1720//3712
f 1723//3713 1722//3713 1724//3713
f 1723//3714 1721//3714 1722//3714
f 1725//3715 1724//3715 1726//3715
f 1725//3716 1723//3716 1724//3716
f 1727//3717 1726//3717 1728//3717
f 1727//3718 1725//3718 1726//3718
f 1729//3719 1728//3719 1730//3719
f 1729//3720 1727//3720 1728//3720
f 1731//3721 1730//3721 1732//3721
f 1731//3722 1729//3722 1730//3722
f 1733//3723 1732//3723 1734//3723
f 1733//3724 1731//3724 1732//3724
f 1735//3725 1734//3725 1736//3725
f 1735//3726 1733//3726 1734//3726
f 1737//3727 1736//3727 1738//3727
f 1737//3728 1735//3728 1736//3728
f 1739//3729 1738//3729 1740//3729
f 1739//3730 1737//3730 1738//3730
f 1741//3731 1740//3731 1742//3731
f 1741//3732 1739//3732 1740//3732
f 1743//3733 1742//3733 1744//3733
f 1743//3734 1741//3734 1742//3734
f 1745//3735 1743//3735 1744//3735
f 1745//3736 1744//3736 1746//3736
f 1747//3737 1745//3737 1746//3737
f 1747//3738 1746//3738 1748//3738
f 1749//3739 1747//3739 1748//3739
f 1749//3740 1748//3740 1750//3740
f 1751//3741 1749//3741 1750//3741
f 1751//3742 1750//3742 1752//3742
f 1753//3743 1751//3743 1752//3743
f 1753//3744 1752//3744 1754//3744
f 1755//3745 1753//3745 1754//3745
f 1755//3746 1754//3746 1756//3746
f 1757//3747 1755//3747 1756//3747
f 1757//3748 1756//3748 1758//3748
f 1759//3749 1757//3749 1758//3749
f 1759//3750 1758//3750 1760//3750
f 1761//3751 1759//3751 1760//3751
f 1761//3752 1760//3752 1762//3752
f 1763//3753 1761//3753 1762//3753
f 1763//3754 1762//3754 1764//3754
f 1765//3755 1763//3755 1764//3755
f 1765//3756 1764//3756 1766//3756
f 1767//3757 1765//3757 1766//3757
f 1767//3758 1766//3758 1768//3758
f 1769//3759 1767//3759 1768//3759
f 1769//3760 1768//3760 1770//3760
f 1771//3761 1770//3761 1772//3761
f 1771//3762 1769//3762 1770//3762
f 1522//3763 1772//3763 1523//3763
f 1522//3764 1771//3764 1772//3764
f 1675//3765 1677//3765 1679//3765
f 1683//3766 1679//3766 1681//3766
f 1673//3767 1675//3767 1679//3767
f 1673//3768 1679//3768 1683//3768
f 1671//3769 1673//3769 1683//3769
f 1689//3770 1685//3770 1687//3770
f 1667//3771 1670//3771 1671//3771
f 1665//3772 1667//3772 1671//3772
f 1693//3773 1685//3773 1689//3773
f 1693//3774 1683//3774 1685//3774
f 1693//3775 1689//3775 1692//3775
f 1659//3776 1661//3776 1663//3776
f 1699//3777 1671//3777 1683//3777
f 1699//3778 1683//3778 1693//3778
f 1699//3779 1693//3779 1695//3779
f 1699//3780 1695//3780 1697//3780
f 1705//3781 1671//3781 1699//3781
f 1705//3782 1699//3782 1701//3782
f 1705//3783 1701//3783 1703//3783
f 1707//3784 1665//3784 1671//3784
f 1707//3785 1671//3785 1705//3785
f 1647//3786 1649//3786 1651//3786
f 1647//3787 1651//3787 1653//3787
f 1647//3788 1653//3788 1655//3788
f 1647//3789 1655//3789 1657//3789
f 1641//3790 1643//3790 1645//3790
f 1641//3791 1645//3791 1647//3791
f 1641//3792 1647//3792 1657//3792
f 1717//3793 1707//3793 1709//3793
f 1717//3794 1709//3794 1711//3794
f 1717//3795 1711//3795 1713//3795
f 1717//3796 1713//3796 1715//3796
f 1637//3797 1639//3797 1641//3797
f 1721//3798 1663//3798 1665//3798
f 1721//3799 1665//3799 1707//3799
f 1721//3800 1707//3800 1717//3800
f 1721//3801 1717//3801 1719//3801
f 1723//3802 1663//3802 1721//3802
f 1723//3803 1659//3803 1663//3803
f 1723//3804 1657//3804 1659//3804
f 1631//3805 1633//3805 1635//3805
f 1631//3806 1635//3806 1637//3806
f 1629//3807 1637//3807 1641//3807
f 1629//3808 1631//3808 1637//3808
f 1628//3809 1629//3809 1641//3809
f 1731//3810 1723//3810 1725//3810
f 1731//3811 1725//3811 1727//3811
f 1731//3812 1727//3812 1729//3812
f 1625//3813 1641//3813 1657//3813
f 1625//3814 1628//3814 1641//3814
f 1735//3815 1731//3815 1733//3815
f 1735//3816 1723//3816 1731//3816
f 1737//3817 1723//3817 1735//3817
f 1619//3818 1621//3818 1623//3818
f 1619//3819 1623//3819 1625//3819
f 1613//3820 1615//3820 1617//3820
f 1745//3821 1737//3821 1739//3821
f 1745//3822 1739//3822 1741//3822
f 1745//3823 1741//3823 1743//3823
f 1745//3824 1723//3824 1737//3824
f 1751//3825 1747//3825 1749//3825
f 1605//3826 1607//3826 1609//3826
f 1605//3827 1609//3827 1611//3827
f 1603//3828 1605//3828 1611//3828
f 1755//3829 1657//3829 1723//3829
f 1755//3830 1745//3830 1747//3830
f 1755//3831 1751//3831 1753//3831
f 1755//3832 1625//3832 1657//3832
f 1755//3833 1723//3833 1745//3833
f 1755//3834 1747//3834 1751//3834
f 1600//3835 1601//3835 1603//3835
f 1597//3836 1603//3836 1611//3836
f 1597//3837 1600//3837 1603//3837
f 1761//3838 1755//3838 1757//3838
f 1761//3839 1757//3839 1759//3839
f 1763//3840 1619//3840 1625//3840
f 1763//3841 1617//3841 1619//3841
f 1763//3842 1613//3842 1617//3842
f 1763//3843 1625//3843 1755//3843
f 1763//3844 1755//3844 1761//3844
f 1591//3845 1593//3845 1595//3845
f 1591//3846 1595//3846 1597//3846
f 1591//3847 1597//3847 1611//3847
f 1767//3848 1763//3848 1765//3848
f 1588//3849 1589//3849 1591//3849
f 1771//3850 1767//3850 1769//3850
f 1581//3851 1588//3851 1591//3851
f 1581//3852 1583//3852 1585//3852
f 1581//3853 1585//3853 1588//3853
f 1525//3854 1522//3854 1521//3854
f 1525//3855 1767//3855 1771//3855
f 1525//3856 1771//3856 1522//3856
f 1529//3857 1525//3857 1527//3857
f 1575//3858 1581//3858 1591//3858
f 1575//3859 1577//3859 1579//3859
f 1575//3860 1579//3860 1581//3860
f 1575//3861 1591//3861 1611//3861
f 1531//3862 1763//3862 1767//3862
f 1531//3863 1767//3863 1525//3863
f 1531//3864 1525//3864 1529//3864
f 1531//3865 1613//3865 1763//3865
f 1569//3866 1571//3866 1573//3866
f 1537//3867 1531//3867 1533//3867
f 1537//3868 1533//3868 1535//3868
f 1567//3869 1573//3869 1575//3869
f 1567//3870 1569//3870 1573//3870
f 1541//3871 1537//3871 1539//3871
f 1563//3872 1566//3872 1567//3872
f 1543//3873 1537//3873 1541//3873
f 1562//3874 1567//3874 1575//3874
f 1562//3875 1563//3875 1567//3875
f 1545//3876 1537//3876 1543//3876
f 1547//3877 1613//3877 1531//3877
f 1547//3878 1531//3878 1537//3878
f 1547//3879 1611//3879 1613//3879
f 1547//3880 1537//3880 1545//3880
f 1555//3881 1558//3881 1559//3881
f 1553//3882 1547//3882 1550//3882
f 1553//3883 1550//3883 1551//3883
f 1553//3884 1575//3884 1611//3884
f 1553//3885 1559//3885 1562//3885
f 1553//3886 1555//3886 1559//3886
f 1553//3887 1611//3887 1547//3887
f 1553//3888 1562//3888 1575//3888
f 1678//3889 1676//3889 1680//3889
f 1680//3890 1684//3890 1682//3890
f 1676//3891 1674//3891 1680//3891
f 1680//3892 1674//3892 1684//3892
f 1674//3893 1672//3893 1684//3893
f 1686//3894 1690//3894 1688//3894
f 1669//3895 1668//3895 1672//3895
f 1668//3896 1666//3896 1672//3896
f 1686//3897 1694//3897 1690//3897
f 1684//3898 1694//3898 1686//3898
f 1690//3899 1694//3899 1691//3899
f 1662//3900 1660//3900 1664//3900
f 1672//3901 1700//3901 1684//3901
f 1684//3902 1700//3902 1694//3902
f 1694//3903 1700//3903 1696//3903
f 1696//3904 1700//3904 1698//3904
f 1672//3905 1706//3905 1700//3905
f 1700//3906 1706//3906 1702//3906
f 1702//3907 1706//3907 1704//3907
f 1666//3908 1708//3908 1672//3908
f 1672//3909 1708//3909 1706//3909
f 1650//3910 1648//3910 1652//3910
f 1652//3911 1648//3911 1654//3911
f 1654//3912 1648//3912 1656//3912
f 1656//3913 1648//3913 1658//3913
f 1644//3914 1642//3914 1646//3914
f 1646//3915 1642//3915 1648//3915
f 1648//3916 1642//3916 1658//3916
f 1708//3917 1718//3917 1710//3917
f 1710//3918 1718//3918 1712//3918
f 1712//3919 1718//3919 1714//3919
f 1714//3920 1718//3920 1716//3920
f 1640//3921 1638//3921 1642//3921
f 1664//3922 1722//3922 1666//3922
f 1666//3923 1722//3923 1708//3923
f 1708//3924 1722//3924 1718//3924
f 1718//3925 1722//3925 1720//3925
f 1664//3926 1724//3926 1722//3926
f 1660//3927 1724//3927 1664//3927
f 1658//3928 1724//3928 1660//3928
f 1634//3929 1632//3929 1636//3929
f 1636//3930 1632//3930 1638//3930
f 1638//3931 1630//3931 1642//3931
f 1632//3932 1630//3932 1638//3932
f 1630//3933 1627//3933 1642//3933
f 1724//3934 1732//3934 1726//3934
f 1726//3935 1732//3935 1728//3935
f 1728//3936 1732//3936 1730//3936
f 1642//3937 1626//3937 1658//3937
f 1627//3938 1626//3938 1642//3938
f 1732//3939 1736//3939 1734//3939
f 1724//3940 1736//3940 1732//3940
f 1724//3941 1738//3941 1736//3941
f 1622//3942 1620//3942 1624//3942
f 1624//3943 1620//3943 1626//3943
f 1616//3944 1614//3944 1618//3944
f 1738//3945 1746//3945 1740//3945
f 1740//3946 1746//3946 1742//3946
f 1742//3947 1746//3947 1744//3947
f 1724//3948 1746//3948 1738//3948
f 1748//3949 1752//3949 1750//3949
f 1608//3950 1606//3950 1610//3950
f 1610//3951 1606//3951 1612//3951
f 1606//3952 1604//3952 1612//3952
f 1658//3953 1756//3953 1724//3953
f 1746//3954 1756//3954 1748//3954
f 1752//3955 1756//3955 1754//3955
f 1626//3956 1756//3956 1658//3956
f 1724//3957 1756//3957 1746//3957
f 1748//3958 1756//3958 1752//3958
f 1602//3959 1599//3959 1604//3959
f 1604//3960 1598//3960 1612//3960
f 1599//3961 1598//3961 1604//3961
f 1756//3962 1762//3962 1758//3962
f 1758//3963 1762//3963 1760//3963
f 1620//3964 1764//3964 1626//3964
f 1618//3965 1764//3965 1620//3965
f 1614//3966 1764//3966 1618//3966
f 1626//3967 1764//3967 1756//3967
f 1756//3968 1764//3968 1762//3968
f 1594//3969 1592//3969 1596//3969
f 1596//3970 1592//3970 1598//3970
f 1598//3971 1592//3971 1612//3971
f 1764//3972 1768//3972 1766//3972
f 1590//3973 1587//3973 1592//3973
f 1768//3974 1772//3974 1770//3974
f 1587//3975 1582//3975 1592//3975
f 1584//3976 1582//3976 1586//3976
f 1586//3977 1582//3977 1587//3977
f 1523//3978 1526//3978 1524//3978
f 1768//3979 1526//3979 1772//3979
f 1772//3980 1526//3980 1523//3980
f 1526//3981 1530//3981 1528//3981
f 1582//3982 1576//3982 1592//3982
f 1578//3983 1576//3983 1580//3983
f 1580//3984 1576//3984 1582//3984
f 1592//3985 1576//3985 1612//3985
f 1764//3986 1532//3986 1768//3986
f 1768//3987 1532//3987 1526//3987
f 1526//3988 1532//3988 1530//3988
f 1614//3989 1532//3989 1764//3989
f 1572//3990 1570//3990 1574//3990
f 1532//3991 1538//3991 1534//3991
f 1534//3992 1538//3992 1536//3992
f 1574//3993 1568//3993 1576//3993
f 1570//3994 1568//3994 1574//3994
f 1538//3995 1542//3995 1540//3995
f 1565//3996 1564//3996 1568//3996
f 1538//3997 1544//3997 1542//3997
f 1568//3998 1561//3998 1576//3998
f 1564//3999 1561//3999 1568//3999
f 1538//4000 1546//4000 1544//4000
f 1614//4001 1548//4001 1532//4001
f 1532//4002 1548//4002 1538//4002
f 1612//4003 1548//4003 1614//4003
f 1538//4004 1548//4004 1546//4004
f 1557//4005 1556//4005 1560//4005
f 1548//4006 1554//4006 1549//4006
f 1549//4007 1554//4007 1552//4007
f 1576//4008 1554//4008 1612//4008
f 1560//4009 1554//4009 1561//4009
f 1556//4010 1554//4010 1560//4010
f 1612//4011 1554//4011 1548//4011
f 1561//4012 1554//4012 1576//4012
f 1773//4013 1774//4013 1775//4013
f 1773//4014 1775//4014 1776//4014
f 1777//4015 1776//4015 1778//4015
f 1777//4016 1778//4016 1779//4016
f 1777//4017 1773//4017 1776//4017
f 1780//4018 1777//4018 1779//4018
f 1781//4019 1779//4019 1782//4019
f 1781//4020 1780//4020 1779//4020
f 1783//4021 1782//4021 1784//4021
f 1783//4022 1784//4022 1785//4022
f 1783//4023 1781//4023 1782//4023
f 1786//4024 1783//4024 1785//4024
f 1787//4025 1785//4025 1788//4025
f 1787//4026 1788//4026 1789//4026
f 1787//4027 1786//4027 1785//4027
f 1790//4028 1787//4028 1789//4028
f 1791//4029 1789//4029 1792//4029
f 1791//4030 1792//4030 1793//4030
f 1791//4031 1790//4031 1789//4031
f 1794//4032 1793//4032 1795//4032
f 1794//4033 1791//4033 1793//4033
f 1796//4034 1794//4034 1795//4034
f 1796//4035 1795//4035 1797//4035
f 1798//4036 1796//4036 1797//4036
f 1799//4037 1798//4037 1797//4037
f 1799//4038 1797//4038 1800//4038
f 1801//4039 1799//4039 1800//4039
f 1801//4040 1800//4040 1802//4040
f 1801//4041 1802//4041 1803//4041
f 1804//4042 1801//4042 1803//4042
f 1805//4043 1804//4043 1803//4043
f 1805//4044 1803//4044 1806//4044
f 1805//4045 1806//4045 1807//4045
f 1808//4046 1805//4046 1807//4046
f 1809//4047 1808//4047 1807//4047
f 1809//4048 1807//4048 1810//4048
f 1811//4049 1809//4049 1810//4049
f 1811//4050 1810//4050 1812//4050
f 1813//4051 1811//4051 1812//4051
f 1813//4052 1812//4052 1814//4052
f 1813//4053 1814//4053 1815//4053
f 1816//4054 1813//4054 1815//4054
f 1817//4055 1816//4055 1815//4055
f 1817//4056 1815//4056 1818//4056
f 1819//4057 1818//4057 1820//4057
f 1819//4058 1817//4058 1818//4058
f 1821//4059 1820//4059 1822//4059
f 1821//4060 1819//4060 1820//4060
f 1823//4061 1822//4061 1824//4061
f 1823//4062 1824//4062 1825//4062
f 1823//4063 1821//4063 1822//4063
f 1826//4064 1823//4064 1825//4064
f 1827//4065 1825//4065 1828//4065
f 1827//4066 1828//4066 1829//4066
f 1827//4067 1826//4067 1825//4067
f 1830//4068 1827//4068 1829//4068
f 1831//4069 1829//4069 1832//4069
f 1831//4070 1832//4070 1833//4070
f 1831//4071 1830//4071 1829//4071
f 1834//4072 1833//4072 1835//4072
f 1834//4073 1831//4073 1833//4073
f 1836//4074 1834//4074 1835//4074
f 1837//4075 1835//4075 1838//4075
f 1837//4076 1836//4076 1835//4076
f 1839//4077 1838//4077 1840//4077
f 1839//4078 1837//4078 1838//4078
f 1841//4079 1840//4079 1842//4079
f 1841//4080 1839//4080 1840//4080
f 1843//4081 1842//4081 1844//4081
f 1843//4082 1841//4082 1842//4082
f 1845//4083 1844//4083 1846//4083
f 1845//4084 1846//4084 1847//4084
f 1845//4085 1843//4085 1844//4085
f 1848//4086 1845//4086 1847//4086
f 1849//4087 1848//4087 1847//4087
f 1849//4088 1847//4088 1850//4088
f 1851//4089 1849//4089 1850//4089
f 1851//4090 1850//4090 1852//4090
f 1853//4091 1851//4091 1852//4091
f 1853//4092 1852//4092 1854//4092
f 1853//4093 1854//4093 1855//4093
f 1856//4094 1853//4094 1855//4094
f 1857//4095 1856//4095 1855//4095
f 1857//4096 1855//4096 1858//4096
f 1859//4097 1857//4097 1858//4097
f 1859//4098 1858//4098 1860//4098
f 1861//4099 1859//4099 1860//4099
f 1861//4100 1860//4100 1862//4100
f 1863//4101 1861//4101 1862//4101
f 1863//4102 1862//4102 1864//4102
f 1865//4103 1863//4103 1864//4103
f 1865//4104 1864//4104 1866//4104
f 1867//4105 1865//4105 1866//4105
f 1867//4106 1866//4106 1868//4106
f 1869//4107 1867//4107 1868//4107
f 1869//4108 1868//4108 1870//4108
f 1869//4109 1870//4109 1871//4109
f 1872//4110 1869//4110 1871//4110
f 1873//4111 1872//4111 1871//4111
f 1873//4112 1871//4112 1874//4112
f 1875//4113 1873//4113 1874//4113
f 1875//4114 1874//4114 1876//4114
f 1877//4115 1875//4115 1876//4115
f 1877//4116 1876//4116 1878//4116
f 1877//4117 1878//4117 1879//4117
f 1880//4118 1877//4118 1879//4118
f 1881//4119 1880//4119 1879//4119
f 1881//4120 1879//4120 1882//4120
f 1883//4121 1881//4121 1882//4121
f 1883//4122 1882//4122 1884//4122
f 1885//4123 1883//4123 1884//4123
f 1885//4124 1884//4124 1886//4124
f 1887//4125 1885//4125 1886//4125
f 1887//4126 1886//4126 1888//4126
f 1889//4127 1888//4127 1890//4127
f 1889//4128 1887//4128 1888//4128
f 1891//4129 1890//4129 1892//4129
f 1891//4130 1892//4130 1893//4130
f 1891//4131 1889//4131 1890//4131
f 1894//4132 1891//4132 1893//4132
f 1895//4133 1893//4133 1896//4133
f 1895//4134 1896//4134 1897//4134
f 1895//4135 1894//4135 1893//4135
f 1898//4136 1895//4136 1897//4136
f 1898//4137 1897//4137 1899//4137
f 1900//4138 1898//4138 1899//4138
f 1901//4139 1900//4139 1899//4139
f 1901//4140 1899//4140 1902//4140
f 1903//4141 1901//4141 1902//4141
f 1903//4142 1902//4142 1904//4142
f 1903//4143 1904//4143 1905//4143
f 1906//4144 1903//4144 1905//4144
f 1907//4145 1906//4145 1905//4145
f 1907//4146 1905//4146 1908//4146
f 1909//4147 1907//4147 1908//4147
f 1909//4148 1908//4148 1910//4148
f 1909//4149 1910//4149 1911//4149
f 1912//4150 1909//4150 1911//4150
f 1913//4151 1912//4151 1911//4151
f 1913//4152 1911//4152 1914//4152
f 1915//4153 1913//4153 1914//4153
f 1915//4154 1914//4154 1916//4154
f 1915//4155 1916//4155 1917//4155
f 1918//4156 1915//4156 1917//4156
f 1918//4157 1917//4157 1919//4157
f 1920//4158 1918//4158 1919//4158
f 1921//4159 1920//4159 1919//4159
f 1921//4160 1919//4160 1922//4160
f 1923//4161 1922//4161 1924//4161
f 1923//4162 1921//4162 1922//4162
f 1925//4163 1924//4163 1926//4163
f 1925//4164 1926//4164 1927//4164
f 1925//4165 1923//4165 1924//4165
f 1928//4166 1925//4166 1927//4166
f 1929//4167 1927//4167 1930//4167
f 1929//4168 1930//4168 1931//4168
f 1929//4169 1928//4169 1927//4169
f 1932//4170 1929//4170 1931//4170
f 1933//4171 1931//4171 1934//4171
f 1933//4172 1932//4172 1931//4172
f 1935//4173 1934//4173 1936//4173
f 1935//4174 1933//4174 1934//4174
f 1937//4175 1936//4175 1938//4175
f 1937//4176 1935//4176 1936//4176
f 1939//4177 1938//4177 1940//4177
f 1939//4178 1937//4178 1938//4178
f 1941//4179 1940//4179 1942//4179
f 1941//4180 1939//4180 1940//4180
f 1943//4181 1942//4181 1944//4181
f 1943//4182 1941//4182 1942//4182
f 1945//4183 1944//4183 1946//4183
f 1945//4184 1943//4184 1944//4184
f 1947//4185 1946//4185 1948//4185
f 1947//4186 1945//4186 1946//4186
f 1949//4187 1947//4187 1948//4187
f 1949//4188 1948//4188 1950//4188
f 1951//4189 1949//4189 1950//4189
f 1951//4190 1950//4190 1952//4190
f 1951//4191 1952//4191 1953//4191
f 1954//4192 1951//4192 1953//4192
f 1955//4193 1954//4193 1953//4193
f 1955//4194 1953//4194 1956//4194
f 1957//4195 1956//4195 1958//4195
f 1957//4196 1955//4196 1956//4196
f 1959//4197 1958//4197 1960//4197
f 1959//4198 1957//4198 1958//4198
f 1961//4199 1960//4199 1962//4199
f 1961//4200 1962//4200 1963//4200
f 1961//4201 1959//4201 1960//4201
f 1964//4202 1961//4202 1963//4202
f 1965//4203 1963//4203 1966//4203
f 1965//4204 1966//4204 1967//4204
f 1965//4205 1964//4205 1963//4205
f 1968//4206 1965//4206 1967//4206
f 1969//4207 1967//4207 1970//4207
f 1969//4208 1968//4208 1967//4208
f 1971//4209 1970//4209 1972//4209
f 1971//4210 1969//4210 1970//4210
f 1973//4211 1972//4211 1974//4211
f 1973//4212 1971//4212 1972//4212
f 1975//4213 1974//4213 1976//4213
f 1975//4214 1973//4214 1974//4214
f 1977//4215 1976//4215 1978//4215
f 1977//4216 1975//4216 1976//4216
f 1979//4217 1978//4217 1980//4217
f 1979//4218 1977//4218 1978//4218
f 1981//4219 1980//4219 1982//4219
f 1981//4220 1979//4220 1980//4220
f 1983//4221 1982//4221 1984//4221
f 1983//4222 1984//4222 1985//4222
f 1983//4223 1981//4223 1982//4223
f 1986//4224 1983//4224 1985//4224
f 1987//4225 1985//4225 1988//4225
f 1987//4226 1986//4226 1985//4226
f 1989//4227 1988//4227 1990//4227
f 1989//4228 1987//4228 1988//4228
f 1991//4229 1990//4229 1992//4229
f 1991//4230 1989//4230 1990//4230
f 1993//4231 1992//4231 1994//4231
f 1993//4232 1991//4232 1992//4232
f 1995//4233 1994//4233 1996//4233
f 1995//4234 1993//4234 1994//4234
f 1997//4235 1996//4235 1998//4235
f 1997//4236 1998//4236 1999//4236
f 1997//4237 1995//4237 1996//4237
f 2000//4238 1997//4238 1999//4238
f 2000//4239 1999//4239 2001//4239
f 2002//4240 2000//4240 2001//4240
f 2003//4241 2002//4241 2001//4241
f 2003//4242 2001//4242 2004//4242
f 2005//4243 2003//4243 2004//4243
f 2005//4244 2004//4244 2006//4244
f 2007//4245 2005//4245 2006//4245
f 2007//4246 2006//4246 2008//4246
f 2009//4247 2007//4247 2008//4247
f 2009//4248 2008//4248 2010//4248
f 2011//4249 2009//4249 2010//4249
f 2011//4250 2010//4250 2012//4250
f 2013//4251 2011//4251 2012//4251
f 2013//4252 2012//4252 2014//4252
f 2015//4253 2013//4253 2014//4253
f 2015//4254 2014//4254 2016//4254
f 2017//4255 2015//4255 2016//4255
f 2017//4256 2016//4256 2018//4256
f 2019//4257 2017//4257 2018//4257
f 2019//4258 2018//4258 2020//4258
f 2021//4259 2019//4259 2020//4259
f 2021//4260 2020//4260 2022//4260
f 2023//4261 2022//4261 2024//4261
f 2023//4262 2021//4262 2022//4262
f 1774//4263 2024//4263 1775//4263
f 1774//4264 2023//4264 2024//4264
f 1937//4265 1932//4265 1933//4265
f 1937//4266 1933//4266 1935//4266
f 1923//4267 1925//4267 1928//4267
f 1943//4268 1937//4268 1939//4268
f 1943//4269 1939//4269 1941//4269
f 1915//4270 1923//4270 1928//4270
f 1915//4271 1918//4271 1920//4271
f 1915//4272 1920//4272 1921//4272
f 1915//4273 1921//4273 1923//4273
f 1915//4274 1928//4274 1929//4274
f 1949//4275 1932//4275 1937//4275
f 1949//4276 1937//4276 1943//4276
f 1949//4277 1929//4277 1932//4277
f 1949//4278 1943//4278 1945//4278
f 1949//4279 1945//4279 1947//4279
f 1909//4280 1912//4280 1913//4280
f 1909//4281 1913//4281 1915//4281
f 1954//4282 1949//4282 1951//4282
f 1955//4283 1949//4283 1954//4283
f 1906//4284 1907//4284 1909//4284
f 1959//4285 1955//4285 1957//4285
f 1964//4286 1949//4286 1955//4286
f 1964//4287 1955//4287 1959//4287
f 1964//4288 1959//4288 1961//4288
f 1895//4289 1898//4289 1900//4289
f 1895//4290 1900//4290 1901//4290
f 1968//4291 1964//4291 1965//4291
f 1969//4292 1964//4292 1968//4292
f 1971//4293 1964//4293 1969//4293
f 1887//4294 1889//4294 1891//4294
f 1887//4295 1891//4295 1894//4295
f 1887//4296 1894//4296 1895//4296
f 1887//4297 1901//4297 1903//4297
f 1887//4298 1903//4298 1906//4298
f 1887//4299 1909//4299 1915//4299
f 1887//4300 1906//4300 1909//4300
f 1887//4301 1895//4301 1901//4301
f 1979//4302 1973//4302 1975//4302
f 1979//4303 1975//4303 1977//4303
f 1979//4304 1971//4304 1973//4304
f 1880//4305 1881//4305 1883//4305
f 1880//4306 1883//4306 1885//4306
f 1880//4307 1885//4307 1887//4307
f 1875//4308 1877//4308 1880//4308
f 1987//4309 1979//4309 1981//4309
f 1987//4310 1981//4310 1983//4310
f 1987//4311 1983//4311 1986//4311
f 1989//4312 1979//4312 1987//4312
f 1989//4313 1971//4313 1979//4313
f 1869//4314 1872//4314 1873//4314
f 1869//4315 1873//4315 1875//4315
f 1993//4316 1989//4316 1991//4316
f 1993//4317 1971//4317 1989//4317
f 1993//4318 1964//4318 1971//4318
f 1865//4319 1869//4319 1875//4319
f 1865//4320 1867//4320 1869//4320
f 2000//4321 1993//4321 1995//4321
f 2000//4322 1995//4322 1997//4322
f 2002//4323 1993//4323 2000//4323
f 1859//4324 1861//4324 1863//4324
f 1859//4325 1863//4325 1865//4325
f 2007//4326 2002//4326 2003//4326
f 2007//4327 2003//4327 2005//4327
f 1853//4328 1856//4328 1857//4328
f 1853//4329 1857//4329 1859//4329
f 1853//4330 1865//4330 1875//4330
f 1853//4331 1859//4331 1865//4331
f 2011//4332 2007//4332 2009//4332
f 2013//4333 1887//4333 1915//4333
f 2013//4334 1964//4334 1993//4334
f 2013//4335 1915//4335 1929//4335
f 2013//4336 2002//4336 2007//4336
f 2013//4337 1929//4337 1949//4337
f 2013//4338 1993//4338 2002//4338
f 2013//4339 2007//4339 2011//4339
f 2013//4340 1949//4340 1964//4340
f 1848//4341 1849//4341 1851//4341
f 1848//4342 1851//4342 1853//4342
f 1848//4343 1875//4343 1880//4343
f 1848//4344 1853//4344 1875//4344
f 1845//4345 1848//4345 1880//4345
f 1843//4346 1845//4346 1880//4346
f 2021//4347 2013//4347 2015//4347
f 2021//4348 2015//4348 2017//4348
f 2021//4349 2017//4349 2019//4349
f 2023//4350 2013//4350 2021//4350
f 1837//4351 1843//4351 1880//4351
f 1837//4352 1839//4352 1841//4352
f 1837//4353 1841//4353 1843//4353
f 1774//4354 2013//4354 2023//4354
f 1834//4355 1836//4355 1837//4355
f 1830//4356 1831//4356 1834//4356
f 1781//4357 1777//4357 1780//4357
f 1827//4358 1834//4358 1837//4358
f 1827//4359 1830//4359 1834//4359
f 1783//4360 1773//4360 1777//4360
f 1783//4361 1777//4361 1781//4361
f 1786//4362 1774//4362 1773//4362
f 1786//4363 1773//4363 1783//4363
f 1787//4364 1774//4364 1786//4364
f 1821//4365 1823//4365 1826//4365
f 1821//4366 1826//4366 1827//4366
f 1791//4367 1787//4367 1790//4367
f 1816//4368 1817//4368 1819//4368
f 1816//4369 1819//4369 1821//4369
f 1816//4370 1821//4370 1827//4370
f 1799//4371 1791//4371 1794//4371
f 1799//4372 1794//4372 1796//4372
f 1799//4373 1796//4373 1798//4373
f 1799//4374 1880//4374 1887//4374
f 1799//4375 1787//4375 1791//4375
f 1799//4376 1774//4376 1787//4376
f 1799//4377 1887//4377 2013//4377
f 1799//4378 2013//4378 1774//4378
f 1809//4379 1811//4379 1813//4379
f 1804//4380 1837//4380 1880//4380
f 1804//4381 1799//4381 1801//4381
f 1804//4382 1827//4382 1837//4382
f 1804//4383 1880//4383 1799//4383
f 1805//4384 1808//4384 1809//4384
f 1805//4385 1813//4385 1816//4385
f 1805//4386 1809//4386 1813//4386
f 1805//4387 1816//4387 1827//4387
f 1805//4388 1827//4388 1804//4388
f 1931//4389 1938//4389 1934//4389
f 1934//4390 1938//4390 1936//4390
f 1926//4391 1924//4391 1927//4391
f 1938//4392 1944//4392 1940//4392
f 1940//4393 1944//4393 1942//4393
f 1924//4394 1916//4394 1927//4394
f 1917//4395 1916//4395 1919//4395
f 1919//4396 1916//4396 1922//4396
f 1922//4397 1916//4397 1924//4397
f 1927//4398 1916//4398 1930//4398
f 1931//4399 1950//4399 1938//4399
f 1938//4400 1950//4400 1944//4400
f 1930//4401 1950//4401 1931//4401
f 1944//4402 1950//4402 1946//4402
f 1946//4403 1950//4403 1948//4403
f 1911//4404 1910//4404 1914//4404
f 1914//4405 1910//4405 1916//4405
f 1950//4406 1953//4406 1952//4406
f 1950//4407 1956//4407 1953//4407
f 1908//4408 1905//4408 1910//4408
f 1956//4409 1960//4409 1958//4409
f 1950//4410 1963//4410 1956//4410
f 1956//4411 1963//4411 1960//4411
f 1960//4412 1963//4412 1962//4412
f 1897//4413 1896//4413 1899//4413
f 1899//4414 1896//4414 1902//4414
f 1963//4415 1967//4415 1966//4415
f 1963//4416 1970//4416 1967//4416
f 1963//4417 1972//4417 1970//4417
f 1890//4418 1888//4418 1892//4418
f 1892//4419 1888//4419 1893//4419
f 1893//4420 1888//4420 1896//4420
f 1902//4421 1888//4421 1904//4421
f 1904//4422 1888//4422 1905//4422
f 1910//4423 1888//4423 1916//4423
f 1905//4424 1888//4424 1910//4424
f 1896//4425 1888//4425 1902//4425
f 1974//4426 1980//4426 1976//4426
f 1976//4427 1980//4427 1978//4427
f 1972//4428 1980//4428 1974//4428
f 1882//4429 1879//4429 1884//4429
f 1884//4430 1879//4430 1886//4430
f 1886//4431 1879//4431 1888//4431
f 1878//4432 1876//4432 1879//4432
f 1980//4433 1988//4433 1982//4433
f 1982//4434 1988//4434 1984//4434
f 1984//4435 1988//4435 1985//4435
f 1980//4436 1990//4436 1988//4436
f 1972//4437 1990//4437 1980//4437
f 1871//4438 1870//4438 1874//4438
f 1874//4439 1870//4439 1876//4439
f 1990//4440 1994//4440 1992//4440
f 1972//4441 1994//4441 1990//4441
f 1963//4442 1994//4442 1972//4442
f 1870//4443 1866//4443 1876//4443
f 1868//4444 1866//4444 1870//4444
f 1994//4445 1999//4445 1996//4445
f 1996//4446 1999//4446 1998//4446
f 1994//4447 2001//4447 1999//4447
f 1862//4448 1860//4448 1864//4448
f 1864//4449 1860//4449 1866//4449
f 2001//4450 2008//4450 2004//4450
f 2004//4451 2008//4451 2006//4451
f 1855//4452 1854//4452 1858//4452
f 1858//4453 1854//4453 1860//4453
f 1866//4454 1854//4454 1876//4454
f 1860//4455 1854//4455 1866//4455
f 2008//4456 2012//4456 2010//4456
f 1888//4457 2014//4457 1916//4457
f 1963//4458 2014//4458 1994//4458
f 1916//4459 2014//4459 1930//4459
f 2001//4460 2014//4460 2008//4460
f 1930//4461 2014//4461 1950//4461
f 1994//4462 2014//4462 2001//4462
f 2008//4463 2014//4463 2012//4463
f 1950//4464 2014//4464 1963//4464
f 1850//4465 1847//4465 1852//4465
f 1852//4466 1847//4466 1854//4466
f 1876//4467 1847//4467 1879//4467
f 1854//4468 1847//4468 1876//4468
f 1847//4469 1846//4469 1879//4469
f 1846//4470 1844//4470 1879//4470
f 2014//4471 2022//4471 2016//4471
f 2016//4472 2022//4472 2018//4472
f 2018//4473 2022//4473 2020//4473
f 2014//4474 2024//4474 2022//4474
f 1844//4475 1838//4475 1879//4475
f 1840//4476 1838//4476 1842//4476
f 1842//4477 1838//4477 1844//4477
f 2014//4478 1775//4478 2024//4478
f 1835//4479 1833//4479 1838//4479
f 1832//4480 1829//4480 1833//4480
f 1778//4481 1782//4481 1779//4481
f 1833//4482 1828//4482 1838//4482
f 1829//4483 1828//4483 1833//4483
f 1776//4484 1784//4484 1778//4484
f 1778//4485 1784//4485 1782//4485
f 1775//4486 1785//4486 1776//4486
f 1776//4487 1785//4487 1784//4487
f 1775//4488 1788//4488 1785//4488
f 1824//4489 1822//4489 1825//4489
f 1825//4490 1822//4490 1828//4490
f 1788//4491 1792//4491 1789//4491
f 1818//4492 1815//4492 1820//4492
f 1820//4493 1815//4493 1822//4493
f 1822//4494 1815//4494 1828//4494
f 1792//4495 1800//4495 1793//4495
f 1793//4496 1800//4496 1795//4496
f 1795//4497 1800//4497 1797//4497
f 1879//4498 1800//4498 1888//4498
f 1788//4499 1800//4499 1792//4499
f 1775//4500 1800//4500 1788//4500
f 1888//4501 1800//4501 2014//4501
f 2014//4502 1800//4502 1775//4502
f 1812//4503 1810//4503 1814//4503
f 1838//4504 1803//4504 1879//4504
f 1800//4505 1803//4505 1802//4505
f 1828//4506 1803//4506 1838//4506
f 1879//4507 1803//4507 1800//4507
f 1807//4508 1806//4508 1810//4508
f 1814//4509 1806//4509 1815//4509
f 1810//4510 1806//4510 1814//4510
f 1815//4511 1806//4511 1828//4511
f 1828//4512 1806//4512 1803//4512
f 2025//4513 2026//4513 2027//4513
f 2025//4514 2027//4514 2028//4514
f 2029//4515 2028//4515 2030//4515
f 2029//4516 2025//4516 2028//4516
f 2031//4517 2030//4517 2032//4517
f 2031//4518 2029//4518 2030//4518
f 2033//4519 2032//4519 2034//4519
f 2033//4520 2034//4520 2035//4520
f 2033//4521 2031//4521 2032//4521
f 2036//4522 2033//4522 2035//4522
f 2037//4523 2035//4523 2038//4523
f 2037//4524 2036//4524 2035//4524
f 2039//4525 2038//4525 2040//4525
f 2039//4526 2037//4526 2038//4526
f 2041//4527 2040//4527 2042//4527
f 2041//4528 2042//4528 2043//4528
f 2041//4529 2039//4529 2040//4529
f 2044//4530 2041//4530 2043//4530
f 2045//4531 2043//4531 2046//4531
f 2045//4532 2046//4532 2047//4532
f 2045//4533 2044//4533 2043//4533
f 2048//4534 2045//4534 2047//4534
f 2049//4535 2048//4535 2047//4535
f 2049//4536 2047//4536 2050//4536
f 2051//4537 2049//4537 2050//4537
f 2051//4538 2050//4538 2052//4538
f 2051//4539 2052//4539 2053//4539
f 2054//4540 2051//4540 2053//4540
f 2055//4541 2054//4541 2053//4541
f 2055//4542 2053//4542 2056//4542
f 2057//4543 2055//4543 2056//4543
f 2057//4544 2056//4544 2058//4544
f 2059//4545 2057//4545 2058//4545
f 2059//4546 2058//4546 2060//4546
f 2059//4547 2060//4547 2061//4547
f 2062//4548 2059//4548 2061//4548
f 2062//4549 2061//4549 2063//4549
f 2064//4550 2062//4550 2063//4550
f 2065//4551 2064//4551 2063//4551
f 2065//4552 2063//4552 2066//4552
f 2067//4553 2065//4553 2066//4553
f 2067//4554 2066//4554 2068//4554
f 2069//4555 2067//4555 2068//4555
f 2069//4556 2068//4556 2070//4556
f 2071//4557 2070//4557 2072//4557
f 2071//4558 2069//4558 2070//4558
f 2073//4559 2072//4559 2074//4559
f 2073//4560 2071//4560 2072//4560
f 2075//4561 2074//4561 2076//4561
f 2075//4562 2076//4562 2077//4562
f 2075//4563 2073//4563 2074//4563
f 2078//4564 2075//4564 2077//4564
f 2079//4565 2077//4565 2080//4565
f 2079//4566 2080//4566 2081//4566
f 2079//4567 2078//4567 2077//4567
f 2082//4568 2079//4568 2081//4568
f 2083//4569 2081//4569 2084//4569
f 2083//4570 2082//4570 2081//4570
f 2085//4571 2084//4571 2086//4571
f 2085//4572 2083//4572 2084//4572
f 2087//4573 2086//4573 2088//4573
f 2087//4574 2088//4574 2089//4574
f 2087//4575 2085//4575 2086//4575
f 2090//4576 2089//4576 2091//4576
f 2090//4577 2087//4577 2089//4577
f 2092//4578 2090//4578 2091//4578
f 2093//4579 2091//4579 2094//4579
f 2093//4580 2092//4580 2091//4580
f 2095//4581 2094//4581 2096//4581
f 2095//4582 2096//4582 2097//4582
f 2095//4583 2093//4583 2094//4583
f 2098//4584 2095//4584 2097//4584
f 2099//4585 2098//4585 2097//4585
f 2099//4586 2097//4586 2100//4586
f 2101//4587 2099//4587 2100//4587
f 2101//4588 2100//4588 2102//4588
f 2103//4589 2101//4589 2102//4589
f 2103//4590 2102//4590 2104//4590
f 2105//4591 2103//4591 2104//4591
f 2105//4592 2104//4592 2106//4592
f 2107//4593 2105//4593 2106//4593
f 2107//4594 2106//4594 2108//4594
f 2109//4595 2107//4595 2108//4595
f 2109//4596 2108//4596 2110//4596
f 2111//4597 2109//4597 2110//4597
f 2111//4598 2110//4598 2112//4598
f 2113//4599 2111//4599 2112//4599
f 2113//4600 2112//4600 2114//4600
f 2115//4601 2113//4601 2114//4601
f 2115//4602 2114//4602 2116//4602
f 2117//4603 2115//4603 2116//4603
f 2117//4604 2116//4604 2118//4604
f 2119//4605 2117//4605 2118//4605
f 2119//4606 2118//4606 2120//4606
f 2121//4607 2119//4607 2120//4607
f 2121//4608 2120//4608 2122//4608
f 2123//4609 2121//4609 2122//4609
f 2123//4610 2122//4610 2124//4610
f 2125//4611 2123//4611 2124//4611
f 2125//4612 2124//4612 2126//4612
f 2127//4613 2125//4613 2126//4613
f 2127//4614 2126//4614 2128//4614
f 2129//4615 2127//4615 2128//4615
f 2129//4616 2128//4616 2130//4616
f 2131//4617 2129//4617 2130//4617
f 2131//4618 2130//4618 2132//4618
f 2133//4619 2131//4619 2132//4619
f 2133//4620 2132//4620 2134//4620
f 2135//4621 2133//4621 2134//4621
f 2135//4622 2134//4622 2136//4622
f 2137//4623 2135//4623 2136//4623
f 2137//4624 2136//4624 2138//4624
f 2139//4625 2137//4625 2138//4625
f 2139//4626 2138//4626 2140//4626
f 2141//4627 2140//4627 2142//4627
f 2141//4628 2139//4628 2140//4628
f 2143//4629 2142//4629 2144//4629
f 2143//4630 2141//4630 2142//4630
f 2145//4631 2144//4631 2146//4631
f 2145//4632 2143//4632 2144//4632
f 2147//4633 2146//4633 2148//4633
f 2147//4634 2145//4634 2146//4634
f 2149//4635 2147//4635 2148//4635
f 2149//4636 2148//4636 2150//4636
f 2151//4637 2149//4637 2150//4637
f 2151//4638 2150//4638 2152//4638
f 2153//4639 2151//4639 2152//4639
f 2153//4640 2152//4640 2154//4640
f 2155//4641 2153//4641 2154//4641
f 2155//4642 2154//4642 2156//4642
f 2157//4643 2155//4643 2156//4643
f 2157//4644 2156//4644 2158//4644
f 2159//4645 2157//4645 2158//4645
f 2159//4646 2158//4646 2160//4646
f 2161//4647 2159//4647 2160//4647
f 2161//4648 2160//4648 2162//4648
f 2163//4649 2161//4649 2162//4649
f 2163//4650 2162//4650 2164//4650
f 2165//4651 2163//4651 2164//4651
f 2165//4652 2164//4652 2166//4652
f 2167//4653 2165//4653 2166//4653
f 2167//4654 2166//4654 2168//4654
f 2169//4655 2167//4655 2168//4655
f 2169//4656 2168//4656 2170//4656
f 2171//4657 2169//4657 2170//4657
f 2171//4658 2170//4658 2172//4658
f 2173//4659 2171//4659 2172//4659
f 2173//4660 2172//4660 2174//4660
f 2175//4661 2174//4661 2176//4661
f 2175//4662 2173//4662 2174//4662
f 2177//4663 2176//4663 2178//4663
f 2177//4664 2175//4664 2176//4664
f 2179//4665 2178//4665 2180//4665
f 2179//4666 2177//4666 2178//4666
f 2181//4667 2180//4667 2182//4667
f 2181//4668 2179//4668 2180//4668
f 2183//4669 2182//4669 2184//4669
f 2183//4670 2181//4670 2182//4670
f 2185//4671 2184//4671 2186//4671
f 2185//4672 2183//4672 2184//4672
f 2187//4673 2186//4673 2188//4673
f 2187//4674 2185//4674 2186//4674
f 2189//4675 2188//4675 2190//4675
f 2189//4676 2187//4676 2188//4676
f 2191//4677 2190//4677 2192//4677
f 2191//4678 2189//4678 2190//4678
f 2193//4679 2192//4679 2194//4679
f 2193//4680 2194//4680 2195//4680
f 2193//4681 2191//4681 2192//4681
f 2196//4682 2193//4682 2195//4682
f 2197//4683 2195//4683 2198//4683
f 2197//4684 2196//4684 2195//4684
f 2199//4685 2198//4685 2200//4685
f 2199//4686 2197//4686 2198//4686
f 2201//4687 2199//4687 2200//4687
f 2201//4688 2200//4688 2202//4688
f 2203//4689 2201//4689 2202//4689
f 2203//4690 2202//4690 2204//4690
f 2205//4691 2203//4691 2204//4691
f 2205//4692 2204//4692 2206//4692
f 2207//4693 2205//4693 2206//4693
f 2207//4694 2206//4694 2208//4694
f 2209//4695 2208//4695 2210//4695
f 2209//4696 2207//4696 2208//4696
f 2211//4697 2210//4697 2212//4697
f 2211//4698 2209//4698 2210//4698
f 2213//4699 2212//4699 2214//4699
f 2213//4700 2211//4700 2212//4700
f 2215//4701 2214//4701 2216//4701
f 2215//4702 2213//4702 2214//4702
f 2217//4703 2216//4703 2218//4703
f 2217//4704 2215//4704 2216//4704
f 2219//4705 2218//4705 2220//4705
f 2219//4706 2217//4706 2218//4706
f 2221//4707 2220//4707 2222//4707
f 2221//4708 2219//4708 2220//4708
f 2223//4709 2222//4709 2224//4709
f 2223//4710 2221//4710 2222//4710
f 2225//4711 2224//4711 2226//4711
f 2225//4712 2223//4712 2224//4712
f 2227//4713 2226//4713 2228//4713
f 2227//4714 2225//4714 2226//4714
f 2229//4715 2228//4715 2230//4715
f 2229//4716 2227//4716 2228//4716
f 2231//4717 2230//4717 2232//4717
f 2231//4718 2232//4718 2233//4718
f 2231//4719 2229//4719 2230//4719
f 2234//4720 2231//4720 2233//4720
f 2234//4721 2233//4721 2235//4721
f 2236//4722 2234//4722 2235//4722
f 2237//4723 2235//4723 2238//4723
f 2237//4724 2238//4724 2239//4724
f 2237//4725 2236//4725 2235//4725
f 2240//4726 2237//4726 2239//4726
f 2241//4727 2239//4727 2242//4727
f 2241//4728 2240//4728 2239//4728
f 2243//4729 2242//4729 2244//4729
f 2243//4730 2241//4730 2242//4730
f 2245//4731 2244//4731 2246//4731
f 2245//4732 2243//4732 2244//4732
f 2247//4733 2246//4733 2248//4733
f 2247//4734 2248//4734 2249//4734
f 2247//4735 2245//4735 2246//4735
f 2250//4736 2249//4736 2251//4736
f 2250//4737 2247//4737 2249//4737
f 2252//4738 2250//4738 2251//4738
f 2253//4739 2251//4739 2254//4739
f 2253//4740 2254//4740 2255//4740
f 2253//4741 2252//4741 2251//4741
f 2256//4742 2253//4742 2255//4742
f 2257//4743 2256//4743 2255//4743
f 2257//4744 2255//4744 2258//4744
f 2259//4745 2257//4745 2258//4745
f 2259//4746 2258//4746 2260//4746
f 2261//4747 2259//4747 2260//4747
f 2261//4748 2260//4748 2262//4748
f 2263//4749 2261//4749 2262//4749
f 2263//4750 2262//4750 2264//4750
f 2265//4751 2263//4751 2264//4751
f 2265//4752 2264//4752 2266//4752
f 2267//4753 2265//4753 2266//4753
f 2267//4754 2266//4754 2268//4754
f 2269//4755 2267//4755 2268//4755
f 2269//4756 2268//4756 2270//4756
f 2269//4757 2270//4757 2271//4757
f 2272//4758 2269//4758 2271//4758
f 2273//4759 2272//4759 2271//4759
f 2273//4760 2271//4760 2274//4760
f 2273//4761 2274//4761 2275//4761
f 2276//4762 2273//4762 2275//4762
f 2026//4763 2275//4763 2027//4763
f 2026//4764 2276//4764 2275//4764
f 2189//4765 2183//4765 2185//4765
f 2189//4766 2185//4766 2187//4766
f 2175//4767 2177//4767 2179//4767
f 2196//4768 2189//4768 2191//4768
f 2196//4769 2191//4769 2193//4769
f 2167//4770 2175//4770 2179//4770
f 2167//4771 2169//4771 2171//4771
f 2167//4772 2171//4772 2173//4772
f 2167//4773 2173//4773 2175//4773
f 2167//4774 2179//4774 2181//4774
f 2201//4775 2183//4775 2189//4775
f 2201//4776 2189//4776 2196//4776
f 2201//4777 2181//4777 2183//4777
f 2201//4778 2196//4778 2197//4778
f 2201//4779 2197//4779 2199//4779
f 2161//4780 2163//4780 2165//4780
f 2161//4781 2165//4781 2167//4781
f 2205//4782 2201//4782 2203//4782
f 2207//4783 2201//4783 2205//4783
f 2157//4784 2159//4784 2161//4784
f 2211//4785 2207//4785 2209//4785
f 2215//4786 2201//4786 2207//4786
f 2215//4787 2207//4787 2211//4787
f 2215//4788 2211//4788 2213//4788
f 2147//4789 2149//4789 2151//4789
f 2147//4790 2151//4790 2153//4790
f 2219//4791 2215//4791 2217//4791
f 2221//4792 2215//4792 2219//4792
f 2223//4793 2215//4793 2221//4793
f 2139//4794 2141//4794 2143//4794
f 2139//4795 2143//4795 2145//4795
f 2139//4796 2145//4796 2147//4796
f 2139//4797 2153//4797 2155//4797
f 2139//4798 2155//4798 2157//4798
f 2139//4799 2161//4799 2167//4799
f 2139//4800 2157//4800 2161//4800
f 2139//4801 2147//4801 2153//4801
f 2231//4802 2225//4802 2227//4802
f 2231//4803 2227//4803 2229//4803
f 2231//4804 2223//4804 2225//4804
f 2131//4805 2133//4805 2135//4805
f 2131//4806 2135//4806 2137//4806
f 2131//4807 2137//4807 2139//4807
f 2127//4808 2129//4808 2131//4808
f 2240//4809 2231//4809 2234//4809
f 2240//4810 2234//4810 2236//4810
f 2240//4811 2236//4811 2237//4811
f 2241//4812 2231//4812 2240//4812
f 2241//4813 2223//4813 2231//4813
f 2121//4814 2123//4814 2125//4814
f 2121//4815 2125//4815 2127//4815
f 2245//4816 2241//4816 2243//4816
f 2245//4817 2223//4817 2241//4817
f 2245//4818 2215//4818 2223//4818
f 2117//4819 2121//4819 2127//4819
f 2117//4820 2119//4820 2121//4820
f 2252//4821 2245//4821 2247//4821
f 2252//4822 2247//4822 2250//4822
f 2253//4823 2245//4823 2252//4823
f 2111//4824 2113//4824 2115//4824
f 2111//4825 2115//4825 2117//4825
f 2259//4826 2253//4826 2256//4826
f 2259//4827 2256//4827 2257//4827
f 2105//4828 2107//4828 2109//4828
f 2105//4829 2109//4829 2111//4829
f 2105//4830 2117//4830 2127//4830
f 2105//4831 2111//4831 2117//4831
f 2263//4832 2259//4832 2261//4832
f 2265//4833 2139//4833 2167//4833
f 2265//4834 2215//4834 2245//4834
f 2265//4835 2167//4835 2181//4835
f 2265//4836 2253//4836 2259//4836
f 2265//4837 2181//4837 2201//4837
f 2265//4838 2245//4838 2253//4838
f 2265//4839 2259//4839 2263//4839
f 2265//4840 2201//4840 2215//4840
f 2099//4841 2101//4841 2103//4841
f 2099//4842 2103//4842 2105//4842
f 2099//4843 2127//4843 2131//4843
f 2099//4844 2105//4844 2127//4844
f 2098//4845 2099//4845 2131//4845
f 2095//4846 2098//4846 2131//4846
f 2273//4847 2265//4847 2267//4847
f 2273//4848 2267//4848 2269//4848
f 2273//4849 2269//4849 2272//4849
f 2276//4850 2265//4850 2273//4850
f 2090//4851 2095//4851 2131//4851
f 2090//4852 2092//4852 2093//4852
f 2090//4853 2093//4853 2095//4853
f 2026//4854 2265//4854 2276//4854
f 2085//4855 2087//4855 2090//4855
f 2082//4856 2083//4856 2085//4856
f 2033//4857 2029//4857 2031//4857
f 2079//4858 2085//4858 2090//4858
f 2079//4859 2082//4859 2085//4859
f 2036//4860 2025//4860 2029//4860
f 2036//4861 2029//4861 2033//4861
f 2037//4862 2026//4862 2025//4862
f 2037//4863 2025//4863 2036//4863
f 2039//4864 2026//4864 2037//4864
f 2073//4865 2075//4865 2078//4865
f 2073//4866 2078//4866 2079//4866
f 2044//4867 2039//4867 2041//4867
f 2067//4868 2069//4868 2071//4868
f 2067//4869 2071//4869 2073//4869
f 2067//4870 2073//4870 2079//4870
f 2051//4871 2044//4871 2045//4871
f 2051//4872 2045//4872 2048//4872
f 2051//4873 2048//4873 2049//4873
f 2051//4874 2131//4874 2139//4874
f 2051//4875 2039//4875 2044//4875
f 2051//4876 2026//4876 2039//4876
f 2051//4877 2139//4877 2265//4877
f 2051//4878 2265//4878 2026//4878
f 2062//4879 2064//4879 2065//4879
f 2055//4880 2090//4880 2131//4880
f 2055//4881 2051//4881 2054//4881
f 2055//4882 2079//4882 2090//4882
f 2055//4883 2131//4883 2051//4883
f 2057//4884 2059//4884 2062//4884
f 2057//4885 2065//4885 2067//4885
f 2057//4886 2062//4886 2065//4886
f 2057//4887 2067//4887 2079//4887
f 2057//4888 2079//4888 2055//4888
f 2184//4889 2190//4889 2186//4889
f 2186//4890 2190//4890 2188//4890
f 2178//4891 2176//4891 2180//4891
f 2190//4892 2195//4892 2192//4892
f 2192//4893 2195//4893 2194//4893
f 2176//4894 2168//4894 2180//4894
f 2170//4895 2168//4895 2172//4895
f 2172//4896 2168//4896 2174//4896
f 2174//4897 2168//4897 2176//4897
f 2180//4898 2168//4898 2182//4898
f 2184//4899 2202//4899 2190//4899
f 2190//4900 2202//4900 2195//4900
f 2182//4901 2202//4901 2184//4901
f 2195//4902 2202//4902 2198//4902
f 2198//4903 2202//4903 2200//4903
f 2164//4904 2162//4904 2166//4904
f 2166//4905 2162//4905 2168//4905
f 2202//4906 2206//4906 2204//4906
f 2202//4907 2208//4907 2206//4907
f 2160//4908 2158//4908 2162//4908
f 2208//4909 2212//4909 2210//4909
f 2202//4910 2216//4910 2208//4910
f 2208//4911 2216//4911 2212//4911
f 2212//4912 2216//4912 2214//4912
f 2150//4913 2148//4913 2152//4913
f 2152//4914 2148//4914 2154//4914
f 2216//4915 2220//4915 2218//4915
f 2216//4916 2222//4916 2220//4916
f 2216//4917 2224//4917 2222//4917
f 2142//4918 2140//4918 2144//4918
f 2144//4919 2140//4919 2146//4919
f 2146//4920 2140//4920 2148//4920
f 2154//4921 2140//4921 2156//4921
f 2156//4922 2140//4922 2158//4922
f 2162//4923 2140//4923 2168//4923
f 2158//4924 2140//4924 2162//4924
f 2148//4925 2140//4925 2154//4925
f 2226//4926 2232//4926 2228//4926
f 2228//4927 2232//4927 2230//4927
f 2224//4928 2232//4928 2226//4928
f 2134//4929 2132//4929 2136//4929
f 2136//4930 2132//4930 2138//4930
f 2138//4931 2132//4931 2140//4931
f 2130//4932 2128//4932 2132//4932
f 2232//4933 2239//4933 2233//4933
f 2233//4934 2239//4934 2235//4934
f 2235//4935 2239//4935 2238//4935
f 2232//4936 2242//4936 2239//4936
f 2224//4937 2242//4937 2232//4937
f 2124//4938 2122//4938 2126//4938
f 2126//4939 2122//4939 2128//4939
f 2242//4940 2246//4940 2244//4940
f 2224//4941 2246//4941 2242//4941
f 2216//4942 2246//4942 2224//4942
f 2122//4943 2118//4943 2128//4943
f 2120//4944 2118//4944 2122//4944
f 2246//4945 2251//4945 2248//4945
f 2248//4946 2251//4946 2249//4946
f 2246//4947 2254//4947 2251//4947
f 2114//4948 2112//4948 2116//4948
f 2116//4949 2112//4949 2118//4949
f 2254//4950 2260//4950 2255//4950
f 2255//4951 2260//4951 2258//4951
f 2108//4952 2106//4952 2110//4952
f 2110//4953 2106//4953 2112//4953
f 2118//4954 2106//4954 2128//4954
f 2112//4955 2106//4955 2118//4955
f 2260//4956 2264//4956 2262//4956
f 2140//4957 2266//4957 2168//4957
f 2216//4958 2266//4958 2246//4958
f 2168//4959 2266//4959 2182//4959
f 2254//4960 2266//4960 2260//4960
f 2182//4961 2266//4961 2202//4961
f 2246//4962 2266//4962 2254//4962
f 2260//4963 2266//4963 2264//4963
f 2202//4964 2266//4964 2216//4964
f 2102//4965 2100//4965 2104//4965
f 2104//4966 2100//4966 2106//4966
f 2128//4967 2100//4967 2132//4967
f 2106//4968 2100//4968 2128//4968
f 2100//4969 2097//4969 2132//4969
f 2097//4970 2096//4970 2132//4970
f 2266//4971 2274//4971 2268//4971
f 2268//4972 2274//4972 2270//4972
f 2270//4973 2274//4973 2271//4973
f 2266//4974 2275//4974 2274//4974
f 2096//4975 2089//4975 2132//4975
f 2091//4976 2089//4976 2094//4976
f 2094//4977 2089//4977 2096//4977
f 2266//4978 2027//4978 2275//4978
f 2088//4979 2086//4979 2089//4979
f 2084//4980 2081//4980 2086//4980
f 2030//4981 2034//4981 2032//4981
f 2086//4982 2080//4982 2089//4982
f 2081//4983 2080//4983 2086//4983
f 2028//4984 2035//4984 2030//4984
f 2030//4985 2035//4985 2034//4985
f 2027//4986 2038//4986 2028//4986
f 2028//4987 2038//4987 2035//4987
f 2027//4988 2040//4988 2038//4988
f 2076//4989 2074//4989 2077//4989
f 2077//4990 2074//4990 2080//4990
f 2040//4991 2043//4991 2042//4991
f 2070//4992 2068//4992 2072//4992
f 2072//4993 2068//4993 2074//4993
f 2074//4994 2068//4994 2080//4994
f 2043//4995 2052//4995 2046//4995
f 2046//4996 2052//4996 2047//4996
f 2047//4997 2052//4997 2050//4997
f 2132//4998 2052//4998 2140//4998
f 2040//4999 2052//4999 2043//4999
f 2027//5000 2052//5000 2040//5000
f 2140//5001 2052//5001 2266//5001
f 2266//5002 2052//5002 2027//5002
f 2063//5003 2061//5003 2066//5003
f 2089//5004 2056//5004 2132//5004
f 2052//5005 2056//5005 2053//5005
f 2080//5006 2056//5006 2089//5006
f 2132//5007 2056//5007 2052//5007
f 2060//5008 2058//5008 2061//5008
f 2066//5009 2058//5009 2068//5009
f 2061//5010 2058//5010 2066//5010
f 2068//5011 2058//5011 2080//5011
f 2080//5012 2058//5012 2056//5012
f 2277//5013 2278//5013 2279//5013
f 2277//5014 2279//5014 2280//5014
f 2281//5015 2280//5015 2282//5015
f 2281//5016 2277//5016 2280//5016
f 2283//5017 2282//5017 2284//5017
f 2283//5018 2281//5018 2282//5018
f 2285//5019 2284//5019 2286//5019
f 2285//5020 2286//5020 2287//5020
f 2285//5021 2283//5021 2284//5021
f 2288//5022 2285//5022 2287//5022
f 2289//5023 2287//5023 2290//5023
f 2289//5024 2288//5024 2287//5024
f 2291//5025 2290//5025 2292//5025
f 2291//5026 2289//5026 2290//5026
f 2293//5027 2292//5027 2294//5027
f 2293//5028 2294//5028 2295//5028
f 2293//5029 2291//5029 2292//5029
f 2296//5030 2293//5030 2295//5030
f 2297//5031 2295//5031 2298//5031
f 2297//5032 2298//5032 2299//5032
f 2297//5033 2296//5033 2295//5033
f 2300//5034 2297//5034 2299//5034
f 2301//5035 2300//5035 2299//5035
f 2301//5036 2299//5036 2302//5036
f 2303//5037 2301//5037 2302//5037
f 2303//5038 2302//5038 2304//5038
f 2303//5039 2304//5039 2305//5039
f 2306//5040 2303//5040 2305//5040
f 2307//5041 2306//5041 2305//5041
f 2307//5042 2305//5042 2308//5042
f 2309//5043 2307//5043 2308//5043
f 2309//5044 2308//5044 2310//5044
f 2311//5045 2309//5045 2310//5045
f 2311//5046 2310//5046 2312//5046
f 2311//5047 2312//5047 2313//5047
f 2314//5048 2311//5048 2313//5048
f 2314//5049 2313//5049 2315//5049
f 2316//5050 2314//5050 2315//5050
f 2317//5051 2316//5051 2315//5051
f 2317//5052 2315//5052 2318//5052
f 2319//5053 2317//5053 2318//5053
f 2319//5054 2318//5054 2320//5054
f 2321//5055 2319//5055 2320//5055
f 2321//5056 2320//5056 2322//5056
f 2323//5057 2322//5057 2324//5057
f 2323//5058 2321//5058 2322//5058
f 2325//5059 2324//5059 2326//5059
f 2325//5060 2323//5060 2324//5060
f 2327//5061 2326//5061 2328//5061
f 2327//5062 2328//5062 2329//5062
f 2327//5063 2325//5063 2326//5063
f 2330//5064 2327//5064 2329//5064
f 2331//5065 2329//5065 2332//5065
f 2331//5066 2332//5066 2333//5066
f 2331//5067 2330//5067 2329//5067
f 2334//5068 2331//5068 2333//5068
f 2335//5069 2333//5069 2336//5069
f 2335//5070 2334//5070 2333//5070
f 2337//5071 2336//5071 2338//5071
f 2337//5072 2335//5072 2336//5072
f 2339//5073 2338//5073 2340//5073
f 2339//5074 2340//5074 2341//5074
f 2339//5075 2337//5075 2338//5075
f 2342//5076 2341//5076 2343//5076
f 2342//5077 2339//5077 2341//5077
f 2344//5078 2342//5078 2343//5078
f 2345//5079 2343//5079 2346//5079
f 2345//5080 2344//5080 2343//5080
f 2347//5081 2346//5081 2348//5081
f 2347//5082 2348//5082 2349//5082
f 2347//5083 2345//5083 2346//5083
f 2350//5084 2347//5084 2349//5084
f 2351//5085 2350//5085 2349//5085
f 2351//5086 2349//5086 2352//5086
f 2353//5087 2351//5087 2352//5087
f 2353//5088 2352//5088 2354//5088
f 2355//5089 2353//5089 2354//5089
f 2355//5090 2354//5090 2356//5090
f 2357//5091 2355//5091 2356//5091
f 2357//5092 2356//5092 2358//5092
f 2359//5093 2357//5093 2358//5093
f 2359//5094 2358//5094 2360//5094
f 2361//5095 2359//5095 2360//5095
f 2361//5096 2360//5096 2362//5096
f 2363//5097 2361//5097 2362//5097
f 2363//5098 2362//5098 2364//5098
f 2365//5099 2363//5099 2364//5099
f 2365//5100 2364//5100 2366//5100
f 2367//5101 2365//5101 2366//5101
f 2367//5102 2366//5102 2368//5102
f 2369//5103 2367//5103 2368//5103
f 2369//5104 2368//5104 2370//5104
f 2371//5105 2369//5105 2370//5105
f 2371//5106 2370//5106 2372//5106
f 2373//5107 2371//5107 2372//5107
f 2373//5108 2372//5108 2374//5108
f 2375//5109 2373//5109 2374//5109
f 2375//5110 2374//5110 2376//5110
f 2377//5111 2375//5111 2376//5111
f 2377//5112 2376//5112 2378//5112
f 2379//5113 2377//5113 2378//5113
f 2379//5114 2378//5114 2380//5114
f 2381//5115 2379//5115 2380//5115
f 2381//5116 2380//5116 2382//5116
f 2383//5117 2381//5117 2382//5117
f 2383//5118 2382//5118 2384//5118
f 2385//5119 2383//5119 2384//5119
f 2385//5120 2384//5120 2386//5120
f 2387//5121 2385//5121 2386//5121
f 2387//5122 2386//5122 2388//5122
f 2389//5123 2387//5123 2388//5123
f 2389//5124 2388//5124 2390//5124
f 2391//5125 2389//5125 2390//5125
f 2391//5126 2390//5126 2392//5126
f 2393//5127 2392//5127 2394//5127
f 2393//5128 2391//5128 2392//5128
f 2395//5129 2394//5129 2396//5129
f 2395//5130 2393//5130 2394//5130
f 2397//5131 2396//5131 2398//5131
f 2397//5132 2395//5132 2396//5132
f 2399//5133 2398//5133 2400//5133
f 2399//5134 2397//5134 2398//5134
f 2401//5135 2399//5135 2400//5135
f 2401//5136 2400//5136 2402//5136
f 2403//5137 2401//5137 2402//5137
f 2403//5138 2402//5138 2404//5138
f 2405//5139 2403//5139 2404//5139
f 2405//5140 2404//5140 2406//5140
f 2407//5141 2405//5141 2406//5141
f 2407//5142 2406//5142 2408//5142
f 2409//5143 2407//5143 2408//5143
f 2409//5144 2408//5144 2410//5144
f 2411//5145 2409//5145 2410//5145
f 2411//5146 2410//5146 2412//5146
f 2413//5147 2411//5147 2412//5147
f 2413//5148 2412//5148 2414//5148
f 2415//5149 2413//5149 2414//5149
f 2415//5150 2414//5150 2416//5150
f 2417//5151 2415//5151 2416//5151
f 2417//5152 2416//5152 2418//5152
f 2419//5153 2417//5153 2418//5153
f 2419//5154 2418//5154 2420//5154
f 2421//5155 2419//5155 2420//5155
f 2421//5156 2420//5156 2422//5156
f 2423//5157 2421//5157 2422//5157
f 2423//5158 2422//5158 2424//5158
f 2425//5159 2423//5159 2424//5159
f 2425//5160 2424//5160 2426//5160
f 2427//5161 2426//5161 2428//5161
f 2427//5162 2425//5162 2426//5162
f 2429//5163 2428//5163 2430//5163
f 2429//5164 2427//5164 2428//5164
f 2431//5165 2430//5165 2432//5165
f 2431//5166 2429//5166 2430//5166
f 2433//5167 2432//5167 2434//5167
f 2433//5168 2431//5168 2432//5168
f 2435//5169 2434//5169 2436//5169
f 2435//5170 2433//5170 2434//5170
f 2437//5171 2436//5171 2438//5171
f 2437//5172 2435//5172 2436//5172
f 2439//5173 2438//5173 2440//5173
f 2439//5174 2437//5174 2438//5174
f 2441//5175 2440//5175 2442//5175
f 2441//5176 2439//5176 2440//5176
f 2443//5177 2442//5177 2444//5177
f 2443//5178 2441//5178 2442//5178
f 2445//5179 2444//5179 2446//5179
f 2445//5180 2446//5180 2447//5180
f 2445//5181 2443//5181 2444//5181
f 2448//5182 2445//5182 2447//5182
f 2449//5183 2447//5183 2450//5183
f 2449//5184 2448//5184 2447//5184
f 2451//5185 2450//5185 2452//5185
f 2451//5186 2449//5186 2450//5186
f 2453//5187 2451//5187 2452//5187
f 2453//5188 2452//5188 2454//5188
f 2455//5189 2453//5189 2454//5189
f 2455//5190 2454//5190 2456//5190
f 2457//5191 2455//5191 2456//5191
f 2457//5192 2456//5192 2458//5192
f 2459//5193 2457//5193 2458//5193
f 2459//5194 2458//5194 2460//5194
f 2461//5195 2460//5195 2462//5195
f 2461//5196 2459//5196 2460//5196
f 2463//5197 2462//5197 2464//5197
f 2463//5198 2461//5198 2462//5198
f 2465//5199 2464//5199 2466//5199
f 2465//5200 2463//5200 2464//5200
f 2467//5201 2466//5201 2468//5201
f 2467//5202 2465//5202 2466//5202
f 2469//5203 2468//5203 2470//5203
f 2469//5204 2467//5204 2468//5204
f 2471//5205 2470//5205 2472//5205
f 2471//5206 2469//5206 2470//5206
f 2473//5207 2472//5207 2474//5207
f 2473//5208 2471//5208 2472//5208
f 2475//5209 2474//5209 2476//5209
f 2475//5210 2473//5210 2474//5210
f 2477//5211 2476//5211 2478//5211
f 2477//5212 2475//5212 2476//5212
f 2479//5213 2478//5213 2480//5213
f 2479//5214 2477//5214 2478//5214
f 2481//5215 2480//5215 2482//5215
f 2481//5216 2479//5216 2480//5216
f 2483//5217 2482//5217 2484//5217
f 2483//5218 2484//5218 2485//5218
f 2483//5219 2481//5219 2482//5219
f 2486//5220 2483//5220 2485//5220
f 2486//5221 2485//5221 2487//5221
f 2488//5222 2486//5222 2487//5222
f 2489//5223 2487//5223 2490//5223
f 2489//5224 2490//5224 2491//5224
f 2489//5225 2488//5225 2487//5225
f 2492//5226 2489//5226 2491//5226
f 2493//5227 2491//5227 2494//5227
f 2493//5228 2492//5228 2491//5228
f 2495//5229 2494//5229 2496//5229
f 2495//5230 2493//5230 2494//5230
f 2497//5231 2496//5231 2498//5231
f 2497//5232 2495//5232 2496//5232
f 2499//5233 2498//5233 2500//5233
f 2499//5234 2500//5234 2501//5234
f 2499//5235 2497//5235 2498//5235
f 2502//5236 2501//5236 2503//5236
f 2502//5237 2499//5237 2501//5237
f 2504//5238 2502//5238 2503//5238
f 2505//5239 2503//5239 2506//5239
f 2505//5240 2506//5240 2507//5240
f 2505//5241 2504//5241 2503//5241
f 2508//5242 2505//5242 2507//5242
f 2509//5243 2508//5243 2507//5243
f 2509//5244 2507//5244 2510//5244
f 2511//5245 2509//5245 2510//5245
f 2511//5246 2510//5246 2512//5246
f 2513//5247 2511//5247 2512//5247
f 2513//5248 2512//5248 2514//5248
f 2515//5249 2513//5249 2514//5249
f 2515//5250 2514//5250 2516//5250
f 2517//5251 2515//5251 2516//5251
f 2517//5252 2516//5252 2518//5252
f 2519//5253 2517//5253 2518//5253
f 2519//5254 2518//5254 2520//5254
f 2521//5255 2519//5255 2520//5255
f 2521//5256 2520//5256 2522//5256
f 2521//5257 2522//5257 2523//5257
f 2524//5258 2521//5258 2523//5258
f 2525//5259 2524//5259 2523//5259
f 2525//5260 2523//5260 2526//5260
f 2525//5261 2526//5261 2527//5261
f 2528//5262 2525//5262 2527//5262
f 2278//5263 2527//5263 2279//5263
f 2278//5264 2528//5264 2527//5264
f 2441//5265 2435//5265 2437//5265
f 2441//5266 2437//5266 2439//5266
f 2427//5267 2429//5267 2431//5267
f 2448//5268 2441//5268 2443//5268
f 2448//5269 2443//5269 2445//5269
f 2419//5270 2427//5270 2431//5270
f 2419//5271 2421//5271 2423//5271
f 2419//5272 2423//5272 2425//5272
f 2419//5273 2425//5273 2427//5273
f 2419//5274 2431//5274 2433//5274
f 2453//5275 2435//5275 2441//5275
f 2453//5276 2441//5276 2448//5276
f 2453//5277 2433//5277 2435//5277
f 2453//5278 2448//5278 2449//5278
f 2453//5279 2449//5279 2451//5279
f 2413//5280 2415//5280 2417//5280
f 2413//5281 2417//5281 2419//5281
f 2457//5282 2453//5282 2455//5282
f 2459//5283 2453//5283 2457//5283
f 2409//5284 2411//5284 2413//5284
f 2463//5285 2459//5285 2461//5285
f 2467//5286 2453//5286 2459//5286
f 2467//5287 2459//5287 2463//5287
f 2467//5288 2463//5288 2465//5288
f 2399//5289 2401//5289 2403//5289
f 2399//5290 2403//5290 2405//5290
f 2471//5291 2467//5291 2469//5291
f 2473//5292 2467//5292 2471//5292
f 2475//5293 2467//5293 2473//5293
f 2391//5294 2393//5294 2395//5294
f 2391//5295 2395//5295 2397//5295
f 2391//5296 2397//5296 2399//5296
f 2391//5297 2405//5297 2407//5297
f 2391//5298 2407//5298 2409//5298
f 2391//5299 2413//5299 2419//5299
f 2391//5300 2409//5300 2413//5300
f 2391//5301 2399//5301 2405//5301
f 2483//5302 2477//5302 2479//5302
f 2483//5303 2479//5303 2481//5303
f 2483//5304 2475//5304 2477//5304
f 2383//5305 2385//5305 2387//5305
f 2383//5306 2387//5306 2389//5306
f 2383//5307 2389//5307 2391//5307
f 2379//5308 2381//5308 2383//5308
f 2492//5309 2483//5309 2486//5309
f 2492//5310 2486//5310 2488//5310
f 2492//5311 2488//5311 2489//5311
f 2493//5312 2483//5312 2492//5312
f 2493//5313 2475//5313 2483//5313
f 2373//5314 2375//5314 2377//5314
f 2373//5315 2377//5315 2379//5315
f 2497//5316 2493//5316 2495//5316
f 2497//5317 2475//5317 2493//5317
f 2497//5318 2467//5318 2475//5318
f 2369//5319 2373//5319 2379//5319
f 2369//5320 2371//5320 2373//5320
f 2504//5321 2497//5321 2499//5321
f 2504//5322 2499//5322 2502//5322
f 2505//5323 2497//5323 2504//5323
f 2363//5324 2365//5324 2367//5324
f 2363//5325 2367//5325 2369//5325
f 2511//5326 2505//5326 2508//5326
f 2511//5327 2508//5327 2509//5327
f 2357//5328 2359//5328 2361//5328
f 2357//5329 2361//5329 2363//5329
f 2357//5330 2369//5330 2379//5330
f 2357//5331 2363//5331 2369//5331
f 2515//5332 2511//5332 2513//5332
f 2517//5333 2391//5333 2419//5333
f 2517//5334 2467//5334 2497//5334
f 2517//5335 2419//5335 2433//5335
f 2517//5336 2505//5336 2511//5336
f 2517//5337 2433//5337 2453//5337
f 2517//5338 2497//5338 2505//5338
f 2517//5339 2511//5339 2515//5339
f 2517//5340 2453//5340 2467//5340
f 2351//5341 2353//5341 2355//5341
f 2351//5342 2355//5342 2357//5342
f 2351//5343 2379//5343 2383//5343
f 2351//5344 2357//5344 2379//5344
f 2350//5345 2351//5345 2383//5345
f 2347//5346 2350//5346 2383//5346
f 2525//5347 2517//5347 2519//5347
f 2525//5348 2519//5348 2521//5348
f 2525//5349 2521//5349 2524//5349
f 2528//5350 2517//5350 2525//5350
f 2342//5351 2347//5351 2383//5351
f 2342//5352 2344//5352 2345//5352
f 2342//5353 2345//5353 2347//5353
f 2278//5354 2517//5354 2528//5354
f 2337//5355 2339//5355 2342//5355
f 2334//5356 2335//5356 2337//5356
f 2285//5357 2281//5357 2283//5357
f 2331//5358 2337//5358 2342//5358
f 2331//5359 2334//5359 2337//5359
f 2288//5360 2277//5360 2281//5360
f 2288//5361 2281//5361 2285//5361
f 2289//5362 2278//5362 2277//5362
f 2289//5363 2277//5363 2288//5363
f 2291//5364 2278//5364 2289//5364
f 2325//5365 2327//5365 2330//5365
f 2325//5366 2330//5366 2331//5366
f 2296//5367 2291//5367 2293//5367
f 2319//5368 2321//5368 2323//5368
f 2319//5369 2323//5369 2325//5369
f 2319//5370 2325//5370 2331//5370
f 2303//5371 2296//5371 2297//5371
f 2303//5372 2297//5372 2300//5372
f 2303//5373 2300//5373 2301//5373
f 2303//5374 2383//5374 2391//5374
f 2303//5375 2291//5375 2296//5375
f 2303//5376 2278//5376 2291//5376
f 2303//5377 2391//5377 2517//5377
f 2303//5378 2517//5378 2278//5378
f 2314//5379 2316//5379 2317//5379
f 2307//5380 2342//5380 2383//5380
f 2307//5381 2303//5381 2306//5381
f 2307//5382 2331//5382 2342//5382
f 2307//5383 2383//5383 2303//5383
f 2309//5384 2311//5384 2314//5384
f 2309//5385 2317//5385 2319//5385
f 2309//5386 2314//5386 2317//5386
f 2309//5387 2319//5387 2331//5387
f 2309//5388 2331//5388 2307//5388
f 2436//5389 2442//5389 2438//5389
f 2438//5390 2442//5390 2440//5390
f 2430//5391 2428//5391 2432//5391
f 2442//5392 2447//5392 2444//5392
f 2444//5393 2447//5393 2446//5393
f 2428//5394 2420//5394 2432//5394
f 2422//5395 2420//5395 2424//5395
f 2424//5396 2420//5396 2426//5396
f 2426//5397 2420//5397 2428//5397
f 2432//5398 2420//5398 2434//5398
f 2436//5399 2454//5399 2442//5399
f 2442//5400 2454//5400 2447//5400
f 2434//5401 2454//5401 2436//5401
f 2447//5402 2454//5402 2450//5402
f 2450//5403 2454//5403 2452//5403
f 2416//5404 2414//5404 2418//5404
f 2418//5405 2414//5405 2420//5405
f 2454//5406 2458//5406 2456//5406
f 2454//5407 2460//5407 2458//5407
f 2412//5408 2410//5408 2414//5408
f 2460//5409 2464//5409 2462//5409
f 2454//5410 2468//5410 2460//5410
f 2460//5411 2468//5411 2464//5411
f 2464//5412 2468//5412 2466//5412
f 2402//5413 2400//5413 2404//5413
f 2404//5414 2400//5414 2406//5414
f 2468//5415 2472//5415 2470//5415
f 2468//5416 2474//5416 2472//5416
f 2468//5417 2476//5417 2474//5417
f 2394//5418 2392//5418 2396//5418
f 2396//5419 2392//5419 2398//5419
f 2398//5420 2392//5420 2400//5420
f 2406//5421 2392//5421 2408//5421
f 2408//5422 2392//5422 2410//5422
f 2414//5423 2392//5423 2420//5423
f 2410//5424 2392//5424 2414//5424
f 2400//5425 2392//5425 2406//5425
f 2478//5426 2484//5426 2480//5426
f 2480//5427 2484//5427 2482//5427
f 2476//5428 2484//5428 2478//5428
f 2386//5429 2384//5429 2388//5429
f 2388//5430 2384//5430 2390//5430
f 2390//5431 2384//5431 2392//5431
f 2382//5432 2380//5432 2384//5432
f 2484//5433 2491//5433 2485//5433
f 2485//5434 2491//5434 2487//5434
f 2487//5435 2491//5435 2490//5435
f 2484//5436 2494//5436 2491//5436
f 2476//5437 2494//5437 2484//5437
f 2376//5438 2374//5438 2378//5438
f 2378//5439 2374//5439 2380//5439
f 2494//5440 2498//5440 2496//5440
f 2476//5441 2498//5441 2494//5441
f 2468//5442 2498//5442 2476//5442
f 2374//5443 2370//5443 2380//5443
f 2372//5444 2370//5444 2374//5444
f 2498//5445 2503//5445 2500//5445
f 2500//5446 2503//5446 2501//5446
f 2498//5447 2506//5447 2503//5447
f 2366//5448 2364//5448 2368//5448
f 2368//5449 2364//5449 2370//5449
f 2506//5450 2512//5450 2507//5450
f 2507//5451 2512//5451 2510//5451
f 2360//5452 2358//5452 2362//5452
f 2362//5453 2358//5453 2364//5453
f 2370//5454 2358//5454 2380//5454
f 2364//5455 2358//5455 2370//5455
f 2512//5456 2516//5456 2514//5456
f 2392//5457 2518//5457 2420//5457
f 2468//5458 2518//5458 2498//5458
f 2420//5459 2518//5459 2434//5459
f 2506//5460 2518//5460 2512//5460
f 2434//5461 2518//5461 2454//5461
f 2498//5462 2518//5462 2506//5462
f 2512//5463 2518//5463 2516//5463
f 2454//5464 2518//5464 2468//5464
f 2354//5465 2352//5465 2356//5465
f 2356//5466 2352//5466 2358//5466
f 2380//5467 2352//5467 2384//5467
f 2358//5468 2352//5468 2380//5468
f 2352//5469 2349//5469 2384//5469
f 2349//5470 2348//5470 2384//5470
f 2518//5471 2526//5471 2520//5471
f 2520//5472 2526//5472 2522//5472
f 2522//5473 2526//5473 2523//5473
f 2518//5474 2527//5474 2526//5474
f 2348//5475 2341//5475 2384//5475
f 2343//5476 2341//5476 2346//5476
f 2346//5477 2341//5477 2348//5477
f 2518//5478 2279//5478 2527//5478
f 2340//5479 2338//5479 2341//5479
f 2336//5480 2333//5480 2338//5480
f 2282//5481 2286//5481 2284//5481
f 2338//5482 2332//5482 2341//5482
f 2333//5483 2332//5483 2338//5483
f 2280//5484 2287//5484 2282//5484
f 2282//5485 2287//5485 2286//5485
f 2279//5486 2290//5486 2280//5486
f 2280//5487 2290//5487 2287//5487
f 2279//5488 2292//5488 2290//5488
f 2328//5489 2326//5489 2329//5489
f 2329//5490 2326//5490 2332//5490
f 2292//5491 2295//5491 2294//5491
f 2322//5492 2320//5492 2324//5492
f 2324//5493 2320//5493 2326//5493
f 2326//5494 2320//5494 2332//5494
f 2295//5495 2304//5495 2298//5495
f 2298//5496 2304//5496 2299//5496
f 2299//5497 2304//5497 2302//5497
f 2384//5498 2304//5498 2392//5498
f 2292//5499 2304//5499 2295//5499
f 2279//5500 2304//5500 2292//5500
f 2392//5501 2304//5501 2518//5501
f 2518//5502 2304//5502 2279//5502
f 2315//5503 2313//5503 2318//5503
f 2341//5504 2308//5504 2384//5504
f 2304//5505 2308//5505 2305//5505
f 2332//5506 2308//5506 2341//5506
f 2384//5507 2308//5507 2304//5507
f 2312//5508 2310//5508 2313//5508
f 2318//5509 2310//5509 2320//5509
f 2313//5510 2310//5510 2318//5510
f 2320//5511 2310//5511 2332//5511
f 2332//5512 2310//5512 2308//5512
f 2529//5513 2530//5513 2531//5513
f 2529//5514 2531//5514 2532//5514
f 2533//5515 2532//5515 2534//5515
f 2533//5516 2534//5516 2535//5516
f 2533//5517 2529//5517 2532//5517
f 2536//5518 2533//5518 2535//5518
f 2537//5519 2535//5519 2538//5519
f 2537//5520 2536//5520 2535//5520
f 2539//5521 2538//5521 2540//5521
f 2539//5522 2540//5522 2541//5522
f 2539//5523 2537//5523 2538//5523
f 2542//5524 2539//5524 2541//5524
f 2543//5525 2541//5525 2544//5525
f 2543//5526 2544//5526 2545//5526
f 2543//5527 2542//5527 2541//5527
f 2546//5528 2543//5528 2545//5528
f 2547//5529 2545//5529 2548//5529
f 2547//5530 2548//5530 2549//5530
f 2547//5531 2546//5531 2545//5531
f 2550//5532 2549//5532 2551//5532
f 2550//5533 2547//5533 2549//5533
f 2552//5534 2550//5534 2551//5534
f 2552//5535 2551//5535 2553//5535
f 2554//5536 2552//5536 2553//5536
f 2555//5537 2554//5537 2553//5537
f 2555//5538 2553//5538 2556//5538
f 2557//5539 2555//5539 2556//5539
f 2557//5540 2556//5540 2558//5540
f 2557//5541 2558//5541 2559//5541
f 2560//5542 2557//5542 2559//5542
f 2561//5543 2560//5543 2559//5543
f 2561//5544 2559//5544 2562//5544
f 2561//5545 2562//5545 2563//5545
f 2564//5546 2561//5546 2563//5546
f 2565//5547 2564//5547 2563//5547
f 2565//5548 2563//5548 2566//5548
f 2567//5549 2565//5549 2566//5549
f 2567//5550 2566//5550 2568//5550
f 2569//5551 2567//5551 2568//5551
f 2569//5552 2568//5552 2570//5552
f 2569//5553 2570//5553 2571//5553
f 2572//5554 2569//5554 2571//5554
f 2573//5555 2572//5555 2571//5555
f 2573//5556 2571//5556 2574//5556
f 2575//5557 2574//5557 2576//5557
f 2575//5558 2573//5558 2574//5558
f 2577//5559 2576//5559 2578//5559
f 2577//5560 2575//5560 2576//5560
f 2579//5561 2578//5561 2580//5561
f 2579//5562 2580//5562 2581//5562
f 2579//5563 2577//5563 2578//5563
f 2582//5564 2579//5564 2581//5564
f 2583//5565 2581//5565 2584//5565
f 2583//5566 2584//5566 2585//5566
f 2583//5567 2582//5567 2581//5567
f 2586//5568 2583//5568 2585//5568
f 2587//5569 2585//5569 2588//5569
f 2587//5570 2588//5570 2589//5570
f 2587//5571 2586//5571 2585//5571
f 2590//5572 2589//5572 2591//5572
f 2590//5573 2587//5573 2589//5573
f 2592//5574 2590//5574 2591//5574
f 2593//5575 2591//5575 2594//5575
f 2593//5576 2592//5576 2591//5576
f 2595//5577 2594//5577 2596//5577
f 2595//5578 2593//5578 2594//5578
f 2597//5579 2596//5579 2598//5579
f 2597//5580 2595//5580 2596//5580
f 2599//5581 2598//5581 2600//5581
f 2599//5582 2597//5582 2598//5582
f 2601//5583 2600//5583 2602//5583
f 2601//5584 2602//5584 2603//5584
f 2601//5585 2599//5585 2600//5585
f 2604//5586 2601//5586 2603//5586
f 2605//5587 2604//5587 2603//5587
f 2605//5588 2603//5588 2606//5588
f 2607//5589 2605//5589 2606//5589
f 2607//5590 2606//5590 2608//5590
f 2609//5591 2607//5591 2608//5591
f 2609//5592 2608//5592 2610//5592
f 2609//5593 2610//5593 2611//5593
f 2612//5594 2609//5594 2611//5594
f 2613//5595 2612//5595 2611//5595
f 2613//5596 2611//5596 2614//5596
f 2615//5597 2613//5597 2614//5597
f 2615//5598 2614//5598 2616//5598
f 2617//5599 2615//5599 2616//5599
f 2617//5600 2616//5600 2618//5600
f 2619//5601 2617//5601 2618//5601
f 2619//5602 2618//5602 2620//5602
f 2621//5603 2619//5603 2620//5603
f 2621//5604 2620//5604 2622//5604
f 2623//5605 2621//5605 2622//5605
f 2623//5606 2622//5606 2624//5606
f 2625//5607 2623//5607 2624//5607
f 2625//5608 2624//5608 2626//5608
f 2625//5609 2626//5609 2627//5609
f 2628//5610 2625//5610 2627//5610
f 2629//5611 2628//5611 2627//5611
f 2629//5612 2627//5612 2630//5612
f 2631//5613 2629//5613 2630//5613
f 2631//5614 2630//5614 2632//5614
f 2633//5615 2631//5615 2632//5615
f 2633//5616 2632//5616 2634//5616
f 2633//5617 2634//5617 2635//5617
f 2636//5618 2633//5618 2635//5618
f 2637//5619 2636//5619 2635//5619
f 2637//5620 2635//5620 2638//5620
f 2639//5621 2637//5621 2638//5621
f 2639//5622 2638//5622 2640//5622
f 2641//5623 2639//5623 2640//5623
f 2641//5624 2640//5624 2642//5624
f 2643//5625 2641//5625 2642//5625
f 2643//5626 2642//5626 2644//5626
f 2645//5627 2644//5627 2646//5627
f 2645//5628 2643//5628 2644//5628
f 2647//5629 2646//5629 2648//5629
f 2647//5630 2648//5630 2649//5630
f 2647//5631 2645//5631 2646//5631
f 2650//5632 2647//5632 2649//5632
f 2651//5633 2649//5633 2652//5633
f 2651//5634 2652//5634 2653//5634
f 2651//5635 2650//5635 2649//5635
f 2654//5636 2651//5636 2653//5636
f 2654//5637 2653//5637 2655//5637
f 2656//5638 2654//5638 2655//5638
f 2657//5639 2656//5639 2655//5639
f 2657//5640 2655//5640 2658//5640
f 2659//5641 2657//5641 2658//5641
f 2659//5642 2658//5642 2660//5642
f 2659//5643 2660//5643 2661//5643
f 2662//5644 2659//5644 2661//5644
f 2663//5645 2662//5645 2661//5645
f 2663//5646 2661//5646 2664//5646
f 2665//5647 2663//5647 2664//5647
f 2665//5648 2664//5648 2666//5648
f 2665//5649 2666//5649 2667//5649
f 2668//5650 2665//5650 2667//5650
f 2669//5651 2668//5651 2667//5651
f 2669//5652 2667//5652 2670//5652
f 2671//5653 2669//5653 2670//5653
f 2671//5654 2670//5654 2672//5654
f 2671//5655 2672//5655 2673//5655
f 2674//5656 2671//5656 2673//5656
f 2674//5657 2673//5657 2675//5657
f 2676//5658 2674//5658 2675//5658
f 2677//5659 2676//5659 2675//5659
f 2677//5660 2675//5660 2678//5660
f 2679//5661 2678//5661 2680//5661
f 2679//5662 2677//5662 2678//5662
f 2681//5663 2680//5663 2682//5663
f 2681//5664 2682//5664 2683//5664
f 2681//5665 2679//5665 2680//5665
f 2684//5666 2681//5666 2683//5666
f 2685//5667 2683//5667 2686//5667
f 2685//5668 2686//5668 2687//5668
f 2685//5669 2684//5669 2683//5669
f 2688//5670 2685//5670 2687//5670
f 2689//5671 2687//5671 2690//5671
f 2689//5672 2688//5672 2687//5672
f 2691//5673 2690//5673 2692//5673
f 2691//5674 2689//5674 2690//5674
f 2693//5675 2692//5675 2694//5675
f 2693//5676 2691//5676 2692//5676
f 2695//5677 2694//5677 2696//5677
f 2695//5678 2693//5678 2694//5678
f 2697//5679 2696//5679 2698//5679
f 2697//5680 2695//5680 2696//5680
f 2699//5681 2698//5681 2700//5681
f 2699//5682 2697//5682 2698//5682
f 2701//5683 2700//5683 2702//5683
f 2701//5684 2699//5684 2700//5684
f 2703//5685 2702//5685 2704//5685
f 2703//5686 2701//5686 2702//5686
f 2705//5687 2703//5687 2704//5687
f 2705//5688 2704//5688 2706//5688
f 2707//5689 2705//5689 2706//5689
f 2707//5690 2706//5690 2708//5690
f 2707//5691 2708//5691 2709//5691
f 2710//5692 2707//5692 2709//5692
f 2711//5693 2710//5693 2709//5693
f 2711//5694 2709//5694 2712//5694
f 2713//5695 2712//5695 2714//5695
f 2713//5696 2711//5696 2712//5696
f 2715//5697 2714//5697 2716//5697
f 2715//5698 2713//5698 2714//5698
f 2717//5699 2716//5699 2718//5699
f 2717//5700 2718//5700 2719//5700
f 2717//5701 2715//5701 2716//5701
f 2720//5702 2717//5702 2719//5702
f 2721//5703 2719//5703 2722//5703
f 2721//5704 2722//5704 2723//5704
f 2721//5705 2720//5705 2719//5705
f 2724//5706 2721//5706 2723//5706
f 2725//5707 2723//5707 2726//5707
f 2725//5708 2724//5708 2723//5708
f 2727//5709 2726//5709 2728//5709
f 2727//5710 2725//5710 2726//5710
f 2729//5711 2728//5711 2730//5711
f 2729//5712 2727//5712 2728//5712
f 2731//5713 2730//5713 2732//5713
f 2731//5714 2729//5714 2730//5714
f 2733//5715 2732//5715 2734//5715
f 2733//5716 2731//5716 2732//5716
f 2735//5717 2734//5717 2736//5717
f 2735//5718 2733//5718 2734//5718
f 2737//5719 2736//5719 2738//5719
f 2737//5720 2735//5720 2736//5720
f 2739//5721 2738//5721 2740//5721
f 2739//5722 2740//5722 2741//5722
f 2739//5723 2737//5723 2738//5723
f 2742//5724 2739//5724 2741//5724
f 2743//5725 2741//5725 2744//5725
f 2743//5726 2742//5726 2741//5726
f 2745//5727 2744//5727 2746//5727
f 2745//5728 2743//5728 2744//5728
f 2747//5729 2746//5729 2748//5729
f 2747//5730 2745//5730 2746//5730
f 2749//5731 2748//5731 2750//5731
f 2749//5732 2747//5732 2748//5732
f 2751//5733 2750//5733 2752//5733
f 2751//5734 2749//5734 2750//5734
f 2753//5735 2752//5735 2754//5735
f 2753//5736 2754//5736 2755//5736
f 2753//5737 2751//5737 2752//5737
f 2756//5738 2753//5738 2755//5738
f 2756//5739 2755//5739 2757//5739
f 2758//5740 2756//5740 2757//5740
f 2759//5741 2758//5741 2757//5741
f 2759//5742 2757//5742 2760//5742
f 2761//5743 2759//5743 2760//5743
f 2761//5744 2760//5744 2762//5744
f 2763//5745 2761//5745 2762//5745
f 2763//5746 2762//5746 2764//5746
f 2765//5747 2763//5747 2764//5747
f 2765//5748 2764//5748 2766//5748
f 2767//5749 2765//5749 2766//5749
f 2767//5750 2766//5750 2768//5750
f 2769//5751 2767//5751 2768//5751
f 2769//5752 2768//5752 2770//5752
f 2771//5753 2769//5753 2770//5753
f 2771//5754 2770//5754 2772//5754
f 2773//5755 2771//5755 2772//5755
f 2773//5756 2772//5756 2774//5756
f 2775//5757 2773//5757 2774//5757
f 2775//5758 2774//5758 2776//5758
f 2777//5759 2775//5759 2776//5759
f 2777//5760 2776//5760 2778//5760
f 2779//5761 2778//5761 2780//5761
f 2779//5762 2777//5762 2778//5762
f 2530//5763 2780//5763 2531//5763
f 2530//5764 2779//5764 2780//5764
f 2693//5765 2688//5765 2689//5765
f 2693//5766 2689//5766 2691//5766
f 2679//5767 2681//5767 2684//5767
f 2699//5768 2693//5768 2695//5768
f 2699//5769 2695//5769 2697//5769
f 2671//5770 2679//5770 2684//5770
f 2671//5771 2674//5771 2676//5771
f 2671//5772 2676//5772 2677//5772
f 2671//5773 2677//5773 2679//5773
f 2671//5774 2684//5774 2685//5774
f 2705//5775 2688//5775 2693//5775
f 2705//5776 2693//5776 2699//5776
f 2705//5777 2685//5777 2688//5777
f 2705//5778 2699//5778 2701//5778
f 2705//5779 2701//5779 2703//5779
f 2665//5780 2668//5780 2669//5780
f 2665//5781 2669//5781 2671//5781
f 2710//5782 2705//5782 2707//5782
f 2711//5783 2705//5783 2710//5783
f 2662//5784 2663//5784 2665//5784
f 2715//5785 2711//5785 2713//5785
f 2720//5786 2705//5786 2711//5786
f 2720//5787 2711//5787 2715//5787
f 2720//5788 2715//5788 2717//5788
f 2651//5789 2654//5789 2656//5789
f 2651//5790 2656//5790 2657//5790
f 2724//5791 2720//5791 2721//5791
f 2725//5792 2720//5792 2724//5792
f 2727//5793 2720//5793 2725//5793
f 2643//5794 2645//5794 2647//5794
f 2643//5795 2647//5795 2650//5795
f 2643//5796 2650//5796 2651//5796
f 2643//5797 2657//5797 2659//5797
f 2643//5798 2659//5798 2662//5798
f 2643//5799 2665//5799 2671//5799
f 2643//5800 2662//5800 2665//5800
f 2643//5801 2651//5801 2657//5801
f 2735//5802 2729//5802 2731//5802
f 2735//5803 2731//5803 2733//5803
f 2735//5804 2727//5804 2729//5804
f 2636//5805 2637//5805 2639//5805
f 2636//5806 2639//5806 2641//5806
f 2636//5807 2641//5807 2643//5807
f 2631//5808 2633//5808 2636//5808
f 2743//5809 2735//5809 2737//5809
f 2743//5810 2737//5810 2739//5810
f 2743//5811 2739//5811 2742//5811
f 2745//5812 2735//5812 2743//5812
f 2745//5813 2727//5813 2735//5813
f 2625//5814 2628//5814 2629//5814
f 2625//5815 2629//5815 2631//5815
f 2749//5816 2745//5816 2747//5816
f 2749//5817 2727//5817 2745//5817
f 2749//5818 2720//5818 2727//5818
f 2621//5819 2625//5819 2631//5819
f 2621//5820 2623//5820 2625//5820
f 2756//5821 2749//5821 2751//5821
f 2756//5822 2751//5822 2753//5822
f 2758//5823 2749//5823 2756//5823
f 2615//5824 2617//5824 2619//5824
f 2615//5825 2619//5825 2621//5825
f 2763//5826 2758//5826 2759//5826
f 2763//5827 2759//5827 2761//5827
f 2609//5828 2612//5828 2613//5828
f 2609//5829 2613//5829 2615//5829
f 2609//5830 2621//5830 2631//5830
f 2609//5831 2615//5831 2621//5831
f 2767//5832 2763//5832 2765//5832
f 2769//5833 2643//5833 2671//5833
f 2769//5834 2720//5834 2749//5834
f 2769//5835 2671//5835 2685//5835
f 2769//5836 2758//5836 2763//5836
f 2769//5837 2685//5837 2705//5837
f 2769//5838 2749//5838 2758//5838
f 2769//5839 2763//5839 2767//5839
f 2769//5840 2705//5840 2720//5840
f 2604//5841 2605//5841 2607//5841
f 2604//5842 2607//5842 2609//5842
f 2604//5843 2631//5843 2636//5843
f 2604//5844 2609//5844 2631//5844
f 2601//5845 2604//5845 2636//5845
f 2599//5846 2601//5846 2636//5846
f 2777//5847 2769//5847 2771//5847
f 2777//5848 2771//5848 2773//5848
f 2777//5849 2773//5849 2775//5849
f 2779//5850 2769//5850 2777//5850
f 2593//5851 2599//5851 2636//5851
f 2593//5852 2595//5852 2597//5852
f 2593//5853 2597//5853 2599//5853
f 2530//5854 2769//5854 2779//5854
f 2590//5855 2592//5855 2593//5855
f 2586//5856 2587//5856 2590//5856
f 2537//5857 2533//5857 2536//5857
f 2583//5858 2590//5858 2593//5858
f 2583//5859 2586//5859 2590//5859
f 2539//5860 2529//5860 2533//5860
f 2539//5861 2533//5861 2537//5861
f 2542//5862 2530//5862 2529//5862
f 2542//5863 2529//5863 2539//5863
f 2543//5864 2530//5864 2542//5864
f 2577//5865 2579//5865 2582//5865
f 2577//5866 2582//5866 2583//5866
f 2547//5867 2543//5867 2546//5867
f 2572//5868 2573//5868 2575//5868
f 2572//5869 2575//5869 2577//5869
f 2572//5870 2577//5870 2583//5870
f 2555//5871 2547//5871 2550//5871
f 2555//5872 2550//5872 2552//5872
f 2555//5873 2552//5873 2554//5873
f 2555//5874 2636//5874 2643//5874
f 2555//5875 2543//5875 2547//5875
f 2555//5876 2530//5876 2543//5876
f 2555//5877 2643//5877 2769//5877
f 2555//5878 2769//5878 2530//5878
f 2565//5879 2567//5879 2569//5879
f 2560//5880 2593//5880 2636//5880
f 2560//5881 2555//5881 2557//5881
f 2560//5882 2583//5882 2593//5882
f 2560//5883 2636//5883 2555//5883
f 2561//5884 2564//5884 2565//5884
f 2561//5885 2569//5885 2572//5885
f 2561//5886 2565//5886 2569//5886
f 2561//5887 2572//5887 2583//5887
f 2561//5888 2583//5888 2560//5888
f 2687//5889 2694//5889 2690//5889
f 2690//5890 2694//5890 2692//5890
f 2682//5891 2680//5891 2683//5891
f 2694//5892 2700//5892 2696//5892
f 2696//5893 2700//5893 2698//5893
f 2680//5894 2672//5894 2683//5894
f 2673//5895 2672//5895 2675//5895
f 2675//5896 2672//5896 2678//5896
f 2678//5897 2672//5897 2680//5897
f 2683//5898 2672//5898 2686//5898
f 2687//5899 2706//5899 2694//5899
f 2694//5900 2706//5900 2700//5900
f 2686//5901 2706//5901 2687//5901
f 2700//5902 2706//5902 2702//5902
f 2702//5903 2706//5903 2704//5903
f 2667//5904 2666//5904 2670//5904
f 2670//5905 2666//5905 2672//5905
f 2706//5906 2709//5906 2708//5906
f 2706//5907 2712//5907 2709//5907
f 2664//5908 2661//5908 2666//5908
f 2712//5909 2716//5909 2714//5909
f 2706//5910 2719//5910 2712//5910
f 2712//5911 2719//5911 2716//5911
f 2716//5912 2719//5912 2718//5912
f 2653//5913 2652//5913 2655//5913
f 2655//5914 2652//5914 2658//5914
f 2719//5915 2723//5915 2722//5915
f 2719//5916 2726//5916 2723//5916
f 2719//5917 2728//5917 2726//5917
f 2646//5918 2644//5918 2648//5918
f 2648//5919 2644//5919 2649//5919
f 2649//5920 2644//5920 2652//5920
f 2658//5921 2644//5921 2660//5921
f 2660//5922 2644//5922 2661//5922
f 2666//5923 2644//5923 2672//5923
f 2661//5924 2644//5924 2666//5924
f 2652//5925 2644//5925 2658//5925
f 2730//5926 2736//5926 2732//5926
f 2732//5927 2736//5927 2734//5927
f 2728//5928 2736//5928 2730//5928
f 2638//5929 2635//5929 2640//5929
f 2640//5930 2635//5930 2642//5930
f 2642//5931 2635//5931 2644//5931
f 2634//5932 2632//5932 2635//5932
f 2736//5933 2744//5933 2738//5933
f 2738//5934 2744//5934 2740//5934
f 2740//5935 2744//5935 2741//5935
f 2736//5936 2746//5936 2744//5936
f 2728//5937 2746//5937 2736//5937
f 2627//5938 2626//5938 2630//5938
f 2630//5939 2626//5939 2632//5939
f 2746//5940 2750//5940 2748//5940
f 2728//5941 2750//5941 2746//5941
f 2719//5942 2750//5942 2728//5942
f 2626//5943 2622//5943 2632//5943
f 2624//5944 2622//5944 2626//5944
f 2750//5945 2755//5945 2752//5945
f 2752//5946 2755//5946 2754//5946
f 2750//5947 2757//5947 2755//5947
f 2618//5948 2616//5948 2620//5948
f 2620//5949 2616//5949 2622//5949
f 2757//5950 2764//5950 2760//5950
f 2760//5951 2764//5951 2762//5951
f 2611//5952 2610//5952 2614//5952
f 2614//5953 2610//5953 2616//5953
f 2622//5954 2610//5954 2632//5954
f 2616//5955 2610//5955 2622//5955
f 2764//5956 2768//5956 2766//5956
f 2644//5957 2770//5957 2672//5957
f 2719//5958 2770//5958 2750//5958
f 2672//5959 2770//5959 2686//5959
f 2757//5960 2770//5960 2764//5960
f 2686//5961 2770//5961 2706//5961
f 2750//5962 2770//5962 2757//5962
f 2764//5963 2770//5963 2768//5963
f 2706//5964 2770//5964 2719//5964
f 2606//5965 2603//5965 2608//5965
f 2608//5966 2603//5966 2610//5966
f 2632//5967 2603//5967 2635//5967
f 2610//5968 2603//5968 2632//5968
f 2603//5969 2602//5969 2635//5969
f 2602//5970 2600//5970 2635//5970
f 2770//5971 2778//5971 2772//5971
f 2772//5972 2778//5972 2774//5972
f 2774//5973 2778//5973 2776//5973
f 2770//5974 2780//5974 2778//5974
f 2600//5975 2594//5975 2635//5975
f 2596//5976 2594//5976 2598//5976
f 2598//5977 2594//5977 2600//5977
f 2770//5978 2531//5978 2780//5978
f 2591//5979 2589//5979 2594//5979
f 2588//5980 2585//5980 2589//5980
f 2534//5981 2538//5981 2535//5981
f 2589//5982 2584//5982 2594//5982
f 2585//5983 2584//5983 2589//5983
f 2532//5984 2540//5984 2534//5984
f 2534//5985 2540//5985 2538//5985
f 2531//5986 2541//5986 2532//5986
f 2532//5987 2541//5987 2540//5987
f 2531//5988 2544//5988 2541//5988
f 2580//5989 2578//5989 2581//5989
f 2581//5990 2578//5990 2584//5990
f 2544//5991 2548//5991 2545//5991
f 2574//5992 2571//5992 2576//5992
f 2576//5993 2571//5993 2578//5993
f 2578//5994 2571//5994 2584//5994
f 2548//5995 2556//5995 2549//5995
f 2549//5996 2556//5996 2551//5996
f 2551//5997 2556//5997 2553//5997
f 2635//5998 2556//5998 2644//5998
f 2544//5999 2556//5999 2548//5999
f 2531//6000 2556//6000 2544//6000
f 2644//6001 2556//6001 2770//6001
f 2770//6002 2556//6002 2531//6002
f 2568//6003 2566//6003 2570//6003
f 2594//6004 2559//6004 2635//6004
f 2556//6005 2559//6005 2558//6005
f 2584//6006 2559//6006 2594//6006
f 2635//6007 2559//6007 2556//6007
f 2563//6008 2562//6008 2566//6008
f 2570//6009 2562//6009 2571//6009
f 2566//6010 2562//6010 2570//6010
f 2571//6011 2562//6011 2584//6011
f 2584//6012 2562//6012 2559//6012
f 2781//6013 2782//6013 2783//6013
f 2781//6014 2783//6014 2784//6014
f 2785//6015 2784//6015 2786//6015
f 2785//6016 2781//6016 2784//6016
f 2787//6017 2786//6017 2788//6017
f 2787//6018 2785//6018 2786//6018
f 2789//6019 2788//6019 2790//6019
f 2789//6020 2790//6020 2791//6020
f 2789//6021 2787//6021 2788//6021
f 2792//6022 2789//6022 2791//6022
f 2793//6023 2791//6023 2794//6023
f 2793//6024 2792//6024 2791//6024
f 2795//6025 2794//6025 2796//6025
f 2795//6026 2793//6026 2794//6026
f 2797//6027 2796//6027 2798//6027
f 2797//6028 2798//6028 2799//6028
f 2797//6029 2795//6029 2796//6029
f 2800//6030 2797//6030 2799//6030
f 2801//6031 2799//6031 2802//6031
f 2801//6032 2802//6032 2803//6032
f 2801//6033 2800//6033 2799//6033
f 2804//6034 2801//6034 2803//6034
f 2805//6035 2804//6035 2803//6035
f 2805//6036 2803//6036 2806//6036
f 2807//6037 2805//6037 2806//6037
f 2807//6038 2806//6038 2808//6038
f 2807//6039 2808//6039 2809//6039
f 2810//6040 2807//6040 2809//6040
f 2811//6041 2810//6041 2809//6041
f 2811//6042 2809//6042 2812//6042
f 2813//6043 2811//6043 2812//6043
f 2813//6044 2812//6044 2814//6044
f 2815//6045 2813//6045 2814//6045
f 2815//6046 2814//6046 2816//6046
f 2815//6047 2816//6047 2817//6047
f 2818//6048 2815//6048 2817//6048
f 2818//6049 2817//6049 2819//6049
f 2820//6050 2818//6050 2819//6050
f 2821//6051 2820//6051 2819//6051
f 2821//6052 2819//6052 2822//6052
f 2823//6053 2821//6053 2822//6053
f 2823//6054 2822//6054 2824//6054
f 2825//6055 2823//6055 2824//6055
f 2825//6056 2824//6056 2826//6056
f 2827//6057 2826//6057 2828//6057
f 2827//6058 2825//6058 2826//6058
f 2829//6059 2828//6059 2830//6059
f 2829//6060 2827//6060 2828//6060
f 2831//6061 2830//6061 2832//6061
f 2831//6062 2832//6062 2833//6062
f 2831//6063 2829//6063 2830//6063
f 2834//6064 2831//6064 2833//6064
f 2835//6065 2833//6065 2836//6065
f 2835//6066 2836//6066 2837//6066
f 2835//6067 2834//6067 2833//6067
f 2838//6068 2835//6068 2837//6068
f 2839//6069 2837//6069 2840//6069
f 2839//6070 2838//6070 2837//6070
f 2841//6071 2840//6071 2842//6071
f 2841//6072 2839//6072 2840//6072
f 2843//6073 2842//6073 2844//6073
f 2843//6074 2844//6074 2845//6074
f 2843//6075 2841//6075 2842//6075
f 2846//6076 2845//6076 2847//6076
f 2846//6077 2843//6077 2845//6077
f 2848//6078 2846//6078 2847//6078
f 2849//6079 2847//6079 2850//6079
f 2849//6080 2848//6080 2847//6080
f 2851//6081 2850//6081 2852//6081
f 2851//6082 2852//6082 2853//6082
f 2851//6083 2849//6083 2850//6083
f 2854//6084 2851//6084 2853//6084
f 2855//6085 2854//6085 2853//6085
f 2855//6086 2853//6086 2856//6086
f 2857//6087 2855//6087 2856//6087
f 2857//6088 2856//6088 2858//6088
f 2859//6089 2857//6089 2858//6089
f 2859//6090 2858//6090 2860//6090
f 2861//6091 2859//6091 2860//6091
f 2861//6092 2860//6092 2862//6092
f 2863//6093 2861//6093 2862//6093
f 2863//6094 2862//6094 2864//6094
f 2865//6095 2863//6095 2864//6095
f 2865//6096 2864//6096 2866//6096
f 2867//6097 2865//6097 2866//6097
f 2867//6098 2866//6098 2868//6098
f 2869//6099 2867//6099 2868//6099
f 2869//6100 2868//6100 2870//6100
f 2871//6101 2869//6101 2870//6101
f 2871//6102 2870//6102 2872//6102
f 2873//6103 2871//6103 2872//6103
f 2873//6104 2872//6104 2874//6104
f 2875//6105 2873//6105 2874//6105
f 2875//6106 2874//6106 2876//6106
f 2877//6107 2875//6107 2876//6107
f 2877//6108 2876//6108 2878//6108
f 2879//6109 2877//6109 2878//6109
f 2879//6110 2878//6110 2880//6110
f 2881//6111 2879//6111 2880//6111
f 2881//6112 2880//6112 2882//6112
f 2883//6113 2881//6113 2882//6113
f 2883//6114 2882//6114 2884//6114
f 2885//6115 2883//6115 2884//6115
f 2885//6116 2884//6116 2886//6116
f 2887//6117 2885//6117 2886//6117
f 2887//6118 2886//6118 2888//6118
f 2889//6119 2887//6119 2888//6119
f 2889//6120 2888//6120 2890//6120
f 2891//6121 2889//6121 2890//6121
f 2891//6122 2890//6122 2892//6122
f 2893//6123 2891//6123 2892//6123
f 2893//6124 2892//6124 2894//6124
f 2895//6125 2893//6125 2894//6125
f 2895//6126 2894//6126 2896//6126
f 2897//6127 2896//6127 2898//6127
f 2897//6128 2895//6128 2896//6128
f 2899//6129 2898//6129 2900//6129
f 2899//6130 2897//6130 2898//6130
f 2901//6131 2900//6131 2902//6131
f 2901//6132 2899//6132 2900//6132
f 2903//6133 2902//6133 2904//6133
f 2903//6134 2901//6134 2902//6134
f 2905//6135 2903//6135 2904//6135
f 2905//6136 2904//6136 2906//6136
f 2907//6137 2905//6137 2906//6137
f 2907//6138 2906//6138 2908//6138
f 2909//6139 2907//6139 2908//6139
f 2909//6140 2908//6140 2910//6140
f 2911//6141 2909//6141 2910//6141
f 2911//6142 2910//6142 2912//6142
f 2913//6143 2911//6143 2912//6143
f 2913//6144 2912//6144 2914//6144
f 2915//6145 2913//6145 2914//6145
f 2915//6146 2914//6146 2916//6146
f 2917//6147 2915//6147 2916//6147
f 2917//6148 2916//6148 2918//6148
f 2919//6149 2917//6149 2918//6149
f 2919//6150 2918//6150 2920//6150
f 2921//6151 2919//6151 2920//6151
f 2921//6152 2920//6152 2922//6152
f 2923//6153 2921//6153 2922//6153
f 2923//6154 2922//6154 2924//6154
f 2925//6155 2923//6155 2924//6155
f 2925//6156 2924//6156 2926//6156
f 2927//6157 2925//6157 2926//6157
f 2927//6158 2926//6158 2928//6158
f 2929//6159 2927//6159 2928//6159
f 2929//6160 2928//6160 2930//6160
f 2931//6161 2930//6161 2932//6161
f 2931//6162 2929//6162 2930//6162
f 2933//6163 2932//6163 2934//6163
f 2933//6164 2931//6164 2932//6164
f 2935//6165 2934//6165 2936//6165
f 2935//6166 2933//6166 2934//6166
f 2937//6167 2936//6167 2938//6167
f 2937//6168 2935//6168 2936//6168
f 2939//6169 2938//6169 2940//6169
f 2939//6170 2937//6170 2938//6170
f 2941//6171 2940//6171 2942//6171
f 2941//6172 2939//6172 2940//6172
f 2943//6173 2942//6173 2944//6173
f 2943//6174 2941//6174 2942//6174
f 2945//6175 2944//6175 2946//6175
f 2945//6176 2943//6176 2944//6176
f 2947//6177 2946//6177 2948//6177
f 2947//6178 2945//6178 2946//6178
f 2949//6179 2948//6179 2950//6179
f 2949//6180 2950//6180 2951//6180
f 2949//6181 2947//6181 2948//6181
f 2952//6182 2949//6182 2951//6182
f 2953//6183 2951//6183 2954//6183
f 2953//6184 2952//6184 2951//6184
f 2955//6185 2954//6185 2956//6185
f 2955//6186 2953//6186 2954//6186
f 2957//6187 2955//6187 2956//6187
f 2957//6188 2956//6188 2958//6188
f 2959//6189 2957//6189 2958//6189
f 2959//6190 2958//6190 2960//6190
f 2961//6191 2959//6191 2960//6191
f 2961//6192 2960//6192 2962//6192
f 2963//6193 2961//6193 2962//6193
f 2963//6194 2962//6194 2964//6194
f 2965//6195 2964//6195 2966//6195
f 2965//6196 2963//6196 2964//6196
f 2967//6197 2966//6197 2968//6197
f 2967//6198 2965//6198 2966//6198
f 2969//6199 2968//6199 2970//6199
f 2969//6200 2967//6200 2968//6200
f 2971//6201 2970//6201 2972//6201
f 2971//6202 2969//6202 2970//6202
f 2973//6203 2972//6203 2974//6203
f 2973//6204 2971//6204 2972//6204
f 2975//6205 2974//6205 2976//6205
f 2975//6206 2973//6206 2974//6206
f 2977//6207 2976//6207 2978//6207
f 2977//6208 2975//6208 2976//6208
f 2979//6209 2978//6209 2980//6209
f 2979//6210 2977//6210 2978//6210
f 2981//6211 2980//6211 2982//6211
f 2981//6212 2979//6212 2980//6212
f 2983//6213 2982//6213 2984//6213
f 2983//6214 2981//6214 2982//6214
f 2985//6215 2984//6215 2986//6215
f 2985//6216 2983//6216 2984//6216
f 2987//6217 2986//6217 2988//6217
f 2987//6218 2988//6218 2989//6218
f 2987//6219 2985//6219 2986//6219
f 2990//6220 2987//6220 2989//6220
f 2990//6221 2989//6221 2991//6221
f 2992//6222 2990//6222 2991//6222
f 2993//6223 2991//6223 2994//6223
f 2993//6224 2994//6224 2995//6224
f 2993//6225 2992//6225 2991//6225
f 2996//6226 2993//6226 2995//6226
f 2997//6227 2995//6227 2998//6227
f 2997//6228 2996//6228 2995//6228
f 2999//6229 2998//6229 3000//6229
f 2999//6230 2997//6230 2998//6230
f 3001//6231 3000//6231 3002//6231
f 3001//6232 2999//6232 3000//6232
f 3003//6233 3002//6233 3004//6233
f 3003//6234 3004//6234 3005//6234
f 3003//6235 3001//6235 3002//6235
f 3006//6236 3005//6236 3007//6236
f 3006//6237 3003//6237 3005//6237
f 3008//6238 3006//6238 3007//6238
f 3009//6239 3007//6239 3010//6239
f 3009//6240 3010//6240 3011//6240
f 3009//6241 3008//6241 3007//6241
f 3012//6242 3009//6242 3011//6242
f 3013//6243 3012//6243 3011//6243
f 3013//6244 3011//6244 3014//6244
f 3015//6245 3013//6245 3014//6245
f 3015//6246 3014//6246 3016//6246
f 3017//6247 3015//6247 3016//6247
f 3017//6248 3016//6248 3018//6248
f 3019//6249 3017//6249 3018//6249
f 3019//6250 3018//6250 3020//6250
f 3021//6251 3019//6251 3020//6251
f 3021//6252 3020//6252 3022//6252
f 3023//6253 3021//6253 3022//6253
f 3023//6254 3022//6254 3024//6254
f 3025//6255 3023//6255 3024//6255
f 3025//6256 3024//6256 3026//6256
f 3025//6257 3026//6257 3027//6257
f 3028//6258 3025//6258 3027//6258
f 3029//6259 3028//6259 3027//6259
f 3029//6260 3027//6260 3030//6260
f 3029//6261 3030//6261 3031//6261
f 3032//6262 3029//6262 3031//6262
f 2782//6263 3031//6263 2783//6263
f 2782//6264 3032//6264 3031//6264
f 2945//6265 2939//6265 2941//6265
f 2945//6266 2941//6266 2943//6266
f 2931//6267 2933//6267 2935//6267
f 2952//6268 2945//6268 2947//6268
f 2952//6269 2947//6269 2949//6269
f 2923//6270 2931//6270 2935//6270
f 2923//6271 2925//6271 2927//6271
f 2923//6272 2927//6272 2929//6272
f 2923//6273 2929//6273 2931//6273
f 2923//6274 2935//6274 2937//6274
f 2957//6275 2939//6275 2945//6275
f 2957//6276 2945//6276 2952//6276
f 2957//6277 2937//6277 2939//6277
f 2957//6278 2952//6278 2953//6278
f 2957//6279 2953//6279 2955//6279
f 2917//6280 2919//6280 2921//6280
f 2917//6281 2921//6281 2923//6281
f 2961//6282 2957//6282 2959//6282
f 2963//6283 2957//6283 2961//6283
f 2913//6284 2915//6284 2917//6284
f 2967//6285 2963//6285 2965//6285
f 2971//6286 2957//6286 2963//6286
f 2971//6287 2963//6287 2967//6287
f 2971//6288 2967//6288 2969//6288
f 2903//6289 2905//6289 2907//6289
f 2903//6290 2907//6290 2909//6290
f 2975//6291 2971//6291 2973//6291
f 2977//6292 2971//6292 2975//6292
f 2979//6293 2971//6293 2977//6293
f 2895//6294 2897//6294 2899//6294
f 2895//6295 2899//6295 2901//6295
f 2895//6296 2901//6296 2903//6296
f 2895//6297 2909//6297 2911//6297
f 2895//6298 2911//6298 2913//6298
f 2895//6299 2917//6299 2923//6299
f 2895//6300 2913//6300 2917//6300
f 2895//6301 2903//6301 2909//6301
f 2987//6302 2981//6302 2983//6302
f 2987//6303 2983//6303 2985//6303
f 2987//6304 2979//6304 2981//6304
f 2887//6305 2889//6305 2891//6305
f 2887//6306 2891//6306 2893//6306
f 2887//6307 2893//6307 2895//6307
f 2883//6308 2885//6308 2887//6308
f 2996//6309 2987//6309 2990//6309
f 2996//6310 2990//6310 2992//6310
f 2996//6311 2992//6311 2993//6311
f 2997//6312 2987//6312 2996//6312
f 2997//6313 2979//6313 2987//6313
f 2877//6314 2879//6314 2881//6314
f 2877//6315 2881//6315 2883//6315
f 3001//6316 2997//6316 2999//6316
f 3001//6317 2979//6317 2997//6317
f 3001//6318 2971//6318 2979//6318
f 2873//6319 2877//6319 2883//6319
f 2873//6320 2875//6320 2877//6320
f 3008//6321 3001//6321 3003//6321
f 3008//6322 3003//6322 3006//6322
f 3009//6323 3001//6323 3008//6323
f 2867//6324 2869//6324 2871//6324
f 2867//6325 2871//6325 2873//6325
f 3015//6326 3009//6326 3012//6326
f 3015//6327 3012//6327 3013//6327
f 2861//6328 2863//6328 2865//6328
f 2861//6329 2865//6329 2867//6329
f 2861//6330 2873//6330 2883//6330
f 2861//6331 2867//6331 2873//6331
f 3019//6332 3015//6332 3017//6332
f 3021//6333 2895//6333 2923//6333
f 3021//6334 2971//6334 3001//6334
f 3021//6335 2923//6335 2937//6335
f 3021//6336 3009//6336 3015//6336
f 3021//6337 2937//6337 2957//6337
f 3021//6338 3001//6338 3009//6338
f 3021//6339 3015//6339 3019//6339
f 3021//6340 2957//6340 2971//6340
f 2855//6341 2857//6341 2859//6341
f 2855//6342 2859//6342 2861//6342
f 2855//6343 2883//6343 2887//6343
f 2855//6344 2861//6344 2883//6344
f 2854//6345 2855//6345 2887//6345
f 2851//6346 2854//6346 2887//6346
f 3029//6347 3021//6347 3023//6347
f 3029//6348 3023//6348 3025//6348
f 3029//6349 3025//6349 3028//6349
f 3032//6350 3021//6350 3029//6350
f 2846//6351 2851//6351 2887//6351
f 2846//6352 2848//6352 2849//6352
f 2846//6353 2849//6353 2851//6353
f 2782//6354 3021//6354 3032//6354
f 2841//6355 2843//6355 2846//6355
f 2838//6356 2839//6356 2841//6356
f 2789//6357 2785//6357 2787//6357
f 2835//6358 2841//6358 2846//6358
f 2835//6359 2838//6359 2841//6359
f 2792//6360 2781//6360 2785//6360
f 2792//6361 2785//6361 2789//6361
f 2793//6362 2782//6362 2781//6362
f 2793//6363 2781//6363 2792//6363
f 2795//6364 2782//6364 2793//6364
f 2829//6365 2831//6365 2834//6365
f 2829//6366 2834//6366 2835//6366
f 2800//6367 2795//6367 2797//6367
f 2823//6368 2825//6368 2827//6368
f 2823//6369 2827//6369 2829//6369
f 2823//6370 2829//6370 2835//6370
f 2807//6371 2800//6371 2801//6371
f 2807//6372 2801//6372 2804//6372
f 2807//6373 2804//6373 2805//6373
f 2807//6374 2887//6374 2895//6374
f 2807//6375 2795//6375 2800//6375
f 2807//6376 2782//6376 2795//6376
f 2807//6377 2895//6377 3021//6377
f 2807//6378 3021//6378 2782//6378
f 2818//6379 2820//6379 2821//6379
f 2811//6380 2846//6380 2887//6380
f 2811//6381 2807//6381 2810//6381
f 2811//6382 2835//6382 2846//6382
f 2811//6383 2887//6383 2807//6383
f 2813//6384 2815//6384 2818//6384
f 2813//6385 2821//6385 2823//6385
f 2813//6386 2818//6386 2821//6386
f 2813//6387 2823//6387 2835//6387
f 2813//6388 2835//6388 2811//6388
f 2940//6389 2946//6389 2942//6389
f 2942//6390 2946//6390 2944//6390
f 2934//6391 2932//6391 2936//6391
f 2946//6392 2951//6392 2948//6392
f 2948//6393 2951//6393 2950//6393
f 2932//6394 2924//6394 2936//6394
f 2926//6395 2924//6395 2928//6395
f 2928//6396 2924//6396 2930//6396
f 2930//6397 2924//6397 2932//6397
f 2936//6398 2924//6398 2938//6398
f 2940//6399 2958//6399 2946//6399
f 2946//6400 2958//6400 2951//6400
f 2938//6401 2958//6401 2940//6401
f 2951//6402 2958//6402 2954//6402
f 2954//6403 2958//6403 2956//6403
f 2920//6404 2918//6404 2922//6404
f 2922//6405 2918//6405 2924//6405
f 2958//6406 2962//6406 2960//6406
f 2958//6407 2964//6407 2962//6407
f 2916//6408 2914//6408 2918//6408
f 2964//6409 2968//6409 2966//6409
f 2958//6410 2972//6410 2964//6410
f 2964//6411 2972//6411 2968//6411
f 2968//6412 2972//6412 2970//6412
f 2906//6413 2904//6413 2908//6413
f 2908//6414 2904//6414 2910//6414
f 2972//6415 2976//6415 2974//6415
f 2972//6416 2978//6416 2976//6416
f 2972//6417 2980//6417 2978//6417
f 2898//6418 2896//6418 2900//6418
f 2900//6419 2896//6419 2902//6419
f 2902//6420 2896//6420 2904//6420
f 2910//6421 2896//6421 2912//6421
f 2912//6422 2896//6422 2914//6422
f 2918//6423 2896//6423 2924//6423
f 2914//6424 2896//6424 2918//6424
f 2904//6425 2896//6425 2910//6425
f 2982//6426 2988//6426 2984//6426
f 2984//6427 2988//6427 2986//6427
f 2980//6428 2988//6428 2982//6428
f 2890//6429 2888//6429 2892//6429
f 2892//6430 2888//6430 2894//6430
f 2894//6431 2888//6431 2896//6431
f 2886//6432 2884//6432 2888//6432
f 2988//6433 2995//6433 2989//6433
f 2989//6434 2995//6434 2991//6434
f 2991//6435 2995//6435 2994//6435
f 2988//6436 2998//6436 2995//6436
f 2980//6437 2998//6437 2988//6437
f 2880//6438 2878//6438 2882//6438
f 2882//6439 2878//6439 2884//6439
f 2998//6440 3002//6440 3000//6440
f 2980//6441 3002//6441 2998//6441
f 2972//6442 3002//6442 2980//6442
f 2878//6443 2874//6443 2884//6443
f 2876//6444 2874//6444 2878//6444
f 3002//6445 3007//6445 3004//6445
f 3004//6446 3007//6446 3005//6446
f 3002//6447 3010//6447 3007//6447
f 2870//6448 2868//6448 2872//6448
f 2872//6449 2868//6449 2874//6449
f 3010//6450 3016//6450 3011//6450
f 3011//6451 3016//6451 3014//6451
f 2864//6452 2862//6452 2866//6452
f 2866//6453 2862//6453 2868//6453
f 2874//6454 2862//6454 2884//6454
f 2868//6455 2862//6455 2874//6455
f 3016//6456 3020//6456 3018//6456
f 2896//6457 3022//6457 2924//6457
f 2972//6458 3022//6458 3002//6458
f 2924//6459 3022//6459 2938//6459
f 3010//6460 3022//6460 3016//6460
f 2938//6461 3022//6461 2958//6461
f 3002//6462 3022//6462 3010//6462
f 3016//6463 3022//6463 3020//6463
f 2958//6464 3022//6464 2972//6464
f 2858//6465 2856//6465 2860//6465
f 2860//6466 2856//6466 2862//6466
f 2884//6467 2856//6467 2888//6467
f 2862//6468 2856//6468 2884//6468
f 2856//6469 2853//6469 2888//6469
f 2853//6470 2852//6470 2888//6470
f 3022//6471 3030//6471 3024//6471
f 3024//6472 3030//6472 3026//6472
f 3026//6473 3030//6473 3027//6473
f 3022//6474 3031//6474 3030//6474
f 2852//6475 2845//6475 2888//6475
f 2847//6476 2845//6476 2850//6476
f 2850//6477 2845//6477 2852//6477
f 3022//6478 2783//6478 3031//6478
f 2844//6479 2842//6479 2845//6479
f 2840//6480 2837//6480 2842//6480
f 2786//6481 2790//6481 2788//6481
f 2842//6482 2836//6482 2845//6482
f 2837//6483 2836//6483 2842//6483
f 2784//6484 2791//6484 2786//6484
f 2786//6485 2791//6485 2790//6485
f 2783//6486 2794//6486 2784//6486
f 2784//6487 2794//6487 2791//6487
f 2783//6488 2796//6488 2794//6488
f 2832//6489 2830//6489 2833//6489
f 2833//6490 2830//6490 2836//6490
f 2796//6491 2799//6491 2798//6491
f 2826//6492 2824//6492 2828//6492
f 2828//6493 2824//6493 2830//6493
f 2830//6494 2824//6494 2836//6494
f 2799//6495 2808//6495 2802//6495
f 2802//6496 2808//6496 2803//6496
f 2803//6497 2808//6497 2806//6497
f 2888//6498 2808//6498 2896//6498
f 2796//6499 2808//6499 2799//6499
f 2783//6500 2808//6500 2796//6500
f 2896//6501 2808//6501 3022//6501
f 3022//6502 2808//6502 2783//6502
f 2819//6503 2817//6503 2822//6503
f 2845//6504 2812//6504 2888//6504
f 2808//6505 2812//6505 2809//6505
f 2836//6506 2812//6506 2845//6506
f 2888//6507 2812//6507 2808//6507
f 2816//6508 2814//6508 2817//6508
f 2822//6509 2814//6509 2824//6509
f 2817//6510 2814//6510 2822//6510
f 2824//6511 2814//6511 2836//6511
f 2836//6512 2814//6512 2812//6512
f 3033//6513 3034//6513 3035//6513
f 3033//6514 3035//6514 3036//6514
f 3037//6515 3036//6515 3038//6515
f 3037//6516 3033//6516 3036//6516
f 3039//6517 3038//6517 3040//6517
f 3039//6518 3037//6518 3038//6518
f 3041//6519 3040//6519 3042//6519
f 3041//6520 3042//6520 3043//6520
f 3041//6521 3039//6521 3040//6521
f 3044//6522 3041//6522 3043//6522
f 3045//6523 3043//6523 3046//6523
f 3045//6524 3044//6524 3043//6524
f 3047//6525 3046//6525 3048//6525
f 3047//6526 3045//6526 3046//6526
f 3049//6527 3048//6527 3050//6527
f 3049//6528 3050//6528 3051//6528
f 3049//6529 3047//6529 3048//6529
f 3052//6530 3049//6530 3051//6530
f 3053//6531 3051//6531 3054//6531
f 3053//6532 3054//6532 3055//6532
f 3053//6533 3052//6533 3051//6533
f 3056//6534 3053//6534 3055//6534
f 3057//6535 3056//6535 3055//6535
f 3057//6536 3055//6536 3058//6536
f 3059//6537 3057//6537 3058//6537
f 3059//6538 3058//6538 3060//6538
f 3059//6539 3060//6539 3061//6539
f 3062//6540 3059//6540 3061//6540
f 3063//6541 3062//6541 3061//6541
f 3063//6542 3061//6542 3064//6542
f 3065//6543 3063//6543 3064//6543
f 3065//6544 3064//6544 3066//6544
f 3067//6545 3065//6545 3066//6545
f 3067//6546 3066//6546 3068//6546
f 3067//6547 3068//6547 3069//6547
f 3070//6548 3067//6548 3069//6548
f 3070//6549 3069//6549 3071//6549
f 3072//6550 3070//6550 3071//6550
f 3073//6551 3072//6551 3071//6551
f 3073//6552 3071//6552 3074//6552
f 3075//6553 3073//6553 3074//6553
f 3075//6554 3074//6554 3076//6554
f 3077//6555 3075//6555 3076//6555
f 3077//6556 3076//6556 3078//6556
f 3079//6557 3078//6557 3080//6557
f 3079//6558 3077//6558 3078//6558
f 3081//6559 3080//6559 3082//6559
f 3081//6560 3079//6560 3080//6560
f 3083//6561 3082//6561 3084//6561
f 3083//6562 3084//6562 3085//6562
f 3083//6563 3081//6563 3082//6563
f 3086//6564 3083//6564 3085//6564
f 3087//6565 3085//6565 3088//6565
f 3087//6566 3088//6566 3089//6566
f 3087//6567 3086//6567 3085//6567
f 3090//6568 3087//6568 3089//6568
f 3091//6569 3089//6569 3092//6569
f 3091//6570 3090//6570 3089//6570
f 3093//6571 3092//6571 3094//6571
f 3093//6572 3091//6572 3092//6572
f 3095//6573 3094//6573 3096//6573
f 3095//6574 3096//6574 3097//6574
f 3095//6575 3093//6575 3094//6575
f 3098//6576 3097//6576 3099//6576
f 3098//6577 3095//6577 3097//6577
f 3100//6578 3098//6578 3099//6578
f 3101//6579 3099//6579 3102//6579
f 3101//6580 3100//6580 3099//6580
f 3103//6581 3102//6581 3104//6581
f 3103//6582 3104//6582 3105//6582
f 3103//6583 3101//6583 3102//6583
f 3106//6584 3103//6584 3105//6584
f 3107//6585 3106//6585 3105//6585
f 3107//6586 3105//6586 3108//6586
f 3109//6587 3107//6587 3108//6587
f 3109//6588 3108//6588 3110//6588
f 3111//6589 3109//6589 3110//6589
f 3111//6590 3110//6590 3112//6590
f 3113//6591 3111//6591 3112//6591
f 3113//6592 3112//6592 3114//6592
f 3115//6593 3113//6593 3114//6593
f 3115//6594 3114//6594 3116//6594
f 3117//6595 3115//6595 3116//6595
f 3117//6596 3116//6596 3118//6596
f 3119//6597 3117//6597 3118//6597
f 3119//6598 3118//6598 3120//6598
f 3121//6599 3119//6599 3120//6599
f 3121//6600 3120//6600 3122//6600
f 3123//6601 3121//6601 3122//6601
f 3123//6602 3122//6602 3124//6602
f 3125//6603 3123//6603 3124//6603
f 3125//6604 3124//6604 3126//6604
f 3127//6605 3125//6605 3126//6605
f 3127//6606 3126//6606 3128//6606
f 3129//6607 3127//6607 3128//6607
f 3129//6608 3128//6608 3130//6608
f 3131//6609 3129//6609 3130//6609
f 3131//6610 3130//6610 3132//6610
f 3133//6611 3131//6611 3132//6611
f 3133//6612 3132//6612 3134//6612
f 3135//6613 3133//6613 3134//6613
f 3135//6614 3134//6614 3136//6614
f 3137//6615 3135//6615 3136//6615
f 3137//6616 3136//6616 3138//6616
f 3139//6617 3137//6617 3138//6617
f 3139//6618 3138//6618 3140//6618
f 3141//6619 3139//6619 3140//6619
f 3141//6620 3140//6620 3142//6620
f 3143//6621 3141//6621 3142//6621
f 3143//6622 3142//6622 3144//6622
f 3145//6623 3143//6623 3144//6623
f 3145//6624 3144//6624 3146//6624
f 3147//6625 3145//6625 3146//6625
f 3147//6626 3146//6626 3148//6626
f 3149//6627 3148//6627 3150//6627
f 3149//6628 3147//6628 3148//6628
f 3151//6629 3150//6629 3152//6629
f 3151//6630 3149//6630 3150//6630
f 3153//6631 3152//6631 3154//6631
f 3153//6632 3151//6632 3152//6632
f 3155//6633 3154//6633 3156//6633
f 3155//6634 3153//6634 3154//6634
f 3157//6635 3155//6635 3156//6635
f 3157//6636 3156//6636 3158//6636
f 3159//6637 3157//6637 3158//6637
f 3159//6638 3158//6638 3160//6638
f 3161//6639 3159//6639 3160//6639
f 3161//6640 3160//6640 3162//6640
f 3163//6641 3161//6641 3162//6641
f 3163//6642 3162//6642 3164//6642
f 3165//6643 3163//6643 3164//6643
f 3165//6644 3164//6644 3166//6644
f 3167//6645 3165//6645 3166//6645
f 3167//6646 3166//6646 3168//6646
f 3169//6647 3167//6647 3168//6647
f 3169//6648 3168//6648 3170//6648
f 3171//6649 3169//6649 3170//6649
f 3171//6650 3170//6650 3172//6650
f 3173//6651 3171//6651 3172//6651
f 3173//6652 3172//6652 3174//6652
f 3175//6653 3173//6653 3174//6653
f 3175//6654 3174//6654 3176//6654
f 3177//6655 3175//6655 3176//6655
f 3177//6656 3176//6656 3178//6656
f 3179//6657 3177//6657 3178//6657
f 3179//6658 3178//6658 3180//6658
f 3181//6659 3179//6659 3180//6659
f 3181//6660 3180//6660 3182//6660
f 3183//6661 3182//6661 3184//6661
f 3183//6662 3181//6662 3182//6662
f 3185//6663 3184//6663 3186//6663
f 3185//6664 3183//6664 3184//6664
f 3187//6665 3186//6665 3188//6665
f 3187//6666 3185//6666 3186//6666
f 3189//6667 3188//6667 3190//6667
f 3189//6668 3187//6668 3188//6668
f 3191//6669 3190//6669 3192//6669
f 3191//6670 3189//6670 3190//6670
f 3193//6671 3192//6671 3194//6671
f 3193//6672 3191//6672 3192//6672
f 3195//6673 3194//6673 3196//6673
f 3195//6674 3193//6674 3194//6674
f 3197//6675 3196//6675 3198//6675
f 3197//6676 3195//6676 3196//6676
f 3199//6677 3198//6677 3200//6677
f 3199//6678 3197//6678 3198//6678
f 3201//6679 3200//6679 3202//6679
f 3201//6680 3202//6680 3203//6680
f 3201//6681 3199//6681 3200//6681
f 3204//6682 3201//6682 3203//6682
f 3205//6683 3203//6683 3206//6683
f 3205//6684 3204//6684 3203//6684
f 3207//6685 3206//6685 3208//6685
f 3207//6686 3205//6686 3206//6686
f 3209//6687 3207//6687 3208//6687
f 3209//6688 3208//6688 3210//6688
f 3211//6689 3209//6689 3210//6689
f 3211//6690 3210//6690 3212//6690
f 3213//6691 3211//6691 3212//6691
f 3213//6692 3212//6692 3214//6692
f 3215//6693 3213//6693 3214//6693
f 3215//6694 3214//6694 3216//6694
f 3217//6695 3216//6695 3218//6695
f 3217//6696 3215//6696 3216//6696
f 3219//6697 3218//6697 3220//6697
f 3219//6698 3217//6698 3218//6698
f 3221//6699 3220//6699 3222//6699
f 3221//6700 3219//6700 3220//6700
f 3223//6701 3222//6701 3224//6701
f 3223//6702 3221//6702 3222//6702
f 3225//6703 3224//6703 3226//6703
f 3225//6704 3223//6704 3224//6704
f 3227//6705 3226//6705 3228//6705
f 3227//6706 3225//6706 3226//6706
f 3229//6707 3228//6707 3230//6707
f 3229//6708 3227//6708 3228//6708
f 3231//6709 3230//6709 3232//6709
f 3231//6710 3229//6710 3230//6710
f 3233//6711 3232//6711 3234//6711
f 3233//6712 3231//6712 3232//6712
f 3235//6713 3234//6713 3236//6713
f 3235//6714 3233//6714 3234//6714
f 3237//6715 3236//6715 3238//6715
f 3237//6716 3235//6716 3236//6716
f 3239//6717 3238//6717 3240//6717
f 3239//6718 3240//6718 3241//6718
f 3239//6719 3237//6719 3238//6719
f 3242//6720 3239//6720 3241//6720
f 3242//6721 3241//6721 3243//6721
f 3244//6722 3242//6722 3243//6722
f 3245//6723 3243//6723 3246//6723
f 3245//6724 3246//6724 3247//6724
f 3245//6725 3244//6725 3243//6725
f 3248//6726 3245//6726 3247//6726
f 3249//6727 3247//6727 3250//6727
f 3249//6728 3248//6728 3247//6728
f 3251//6729 3250//6729 3252//6729
f 3251//6730 3249//6730 3250//6730
f 3253//6731 3252//6731 3254//6731
f 3253//6732 3251//6732 3252//6732
f 3255//6733 3254//6733 3256//6733
f 3255//6734 3256//6734 3257//6734
f 3255//6735 3253//6735 3254//6735
f 3258//6736 3257//6736 3259//6736
f 3258//6737 3255//6737 3257//6737
f 3260//6738 3258//6738 3259//6738
f 3261//6739 3259//6739 3262//6739
f 3261//6740 3262//6740 3263//6740
f 3261//6741 3260//6741 3259//6741
f 3264//6742 3261//6742 3263//6742
f 3265//6743 3264//6743 3263//6743
f 3265//6744 3263//6744 3266//6744
f 3267//6745 3265//6745 3266//6745
f 3267//6746 3266//6746 3268//6746
f 3269//6747 3267//6747 3268//6747
f 3269//6748 3268//6748 3270//6748
f 3271//6749 3269//6749 3270//6749
f 3271//6750 3270//6750 3272//6750
f 3273//6751 3271//6751 3272//6751
f 3273//6752 3272//6752 3274//6752
f 3275//6753 3273//6753 3274//6753
f 3275//6754 3274//6754 3276//6754
f 3277//6755 3275//6755 3276//6755
f 3277//6756 3276//6756 3278//6756
f 3277//6757 3278//6757 3279//6757
f 3280//6758 3277//6758 3279//6758
f 3281//6759 3280//6759 3279//6759
f 3281//6760 3279//6760 3282//6760
f 3281//6761 3282//6761 3283//6761
f 3284//6762 3281//6762 3283//6762
f 3034//6763 3283//6763 3035//6763
f 3034//6764 3284//6764 3283//6764
f 3197//6765 3191//6765 3193//6765
f 3197//6766 3193//6766 3195//6766
f 3183//6767 3185//6767 3187//6767
f 3204//6768 3197//6768 3199//6768
f 3204//6769 3199//6769 3201//6769
f 3175//6770 3183//6770 3187//6770
f 3175//6771 3177//6771 3179//6771
f 3175//6772 3179//6772 3181//6772
f 3175//6773 3181//6773 3183//6773
f 3175//6774 3187//6774 3189//6774
f 3209//6775 3191//6775 3197//6775
f 3209//6776 3197//6776 3204//6776
f 3209//6777 3189//6777 3191//6777
f 3209//6778 3204//6778 3205//6778
f 3209//6779 3205//6779 3207//6779
f 3169//6780 3171//6780 3173//6780
f 3169//6781 3173//6781 3175//6781
f 3213//6782 3209//6782 3211//6782
f 3215//6783 3209//6783 3213//6783
f 3165//6784 3167//6784 3169//6784
f 3219//6785 3215//6785 3217//6785
f 3223//6786 3209//6786 3215//6786
f 3223//6787 3215//6787 3219//6787
f 3223//6788 3219//6788 3221//6788
f 3155//6789 3157//6789 3159//6789
f 3155//6790 3159//6790 3161//6790
f 3227//6791 3223//6791 3225//6791
f 3229//6792 3223//6792 3227//6792
f 3231//6793 3223//6793 3229//6793
f 3147//6794 3149//6794 3151//6794
f 3147//6795 3151//6795 3153//6795
f 3147//6796 3153//6796 3155//6796
f 3147//6797 3161//6797 3163//6797
f 3147//6798 3163//6798 3165//6798
f 3147//6799 3169//6799 3175//6799
f 3147//6800 3165//6800 3169//6800
f 3147//6801 3155//6801 3161//6801
f 3239//6802 3233//6802 3235//6802
f 3239//6803 3235//6803 3237//6803
f 3239//6804 3231//6804 3233//6804
f 3139//6805 3141//6805 3143//6805
f 3139//6806 3143//6806 3145//6806
f 3139//6807 3145//6807 3147//6807
f 3135//6808 3137//6808 3139//6808
f 3248//6809 3239//6809 3242//6809
f 3248//6810 3242//6810 3244//6810
f 3248//6811 3244//6811 3245//6811
f 3249//6812 3239//6812 3248//6812
f 3249//6813 3231//6813 3239//6813
f 3129//6814 3131//6814 3133//6814
f 3129//6815 3133//6815 3135//6815
f 3253//6816 3249//6816 3251//6816
f 3253//6817 3231//6817 3249//6817
f 3253//6818 3223//6818 3231//6818
f 3125//6819 3129//6819 3135//6819
f 3125//6820 3127//6820 3129//6820
f 3260//6821 3253//6821 3255//6821
f 3260//6822 3255//6822 3258//6822
f 3261//6823 3253//6823 3260//6823
f 3119//6824 3121//6824 3123//6824
f 3119//6825 3123//6825 3125//6825
f 3267//6826 3261//6826 3264//6826
f 3267//6827 3264//6827 3265//6827
f 3113//6828 3115//6828 3117//6828
f 3113//6829 3117//6829 3119//6829
f 3113//6830 3125//6830 3135//6830
f 3113//6831 3119//6831 3125//6831
f 3271//6832 3267//6832 3269//6832
f 3273//6833 3147//6833 3175//6833
f 3273//6834 3223//6834 3253//6834
f 3273//6835 3175//6835 3189//6835
f 3273//6836 3261//6836 3267//6836
f 3273//6837 3189//6837 3209//6837
f 3273//6838 3253//6838 3261//6838
f 3273//6839 3267//6839 3271//6839
f 3273//6840 3209//6840 3223//6840
f 3107//6841 3109//6841 3111//6841
f 3107//6842 3111//6842 3113//6842
f 3107//6843 3135//6843 3139//6843
f 3107//6844 3113//6844 3135//6844
f 3106//6845 3107//6845 3139//6845
f 3103//6846 3106//6846 3139//6846
f 3281//6847 3273//6847 3275//6847
f 3281//6848 3275//6848 3277//6848
f 3281//6849 3277//6849 3280//6849
f 3284//6850 3273//6850 3281//6850
f 3098//6851 3103//6851 3139//6851
f 3098//6852 3100//6852 3101//6852
f 3098//6853 3101//6853 3103//6853
f 3034//6854 3273//6854 3284//6854
f 3093//6855 3095//6855 3098//6855
f 3090//6856 3091//6856 3093//6856
f 3041//6857 3037//6857 3039//6857
f 3087//6858 3093//6858 3098//6858
f 3087//6859 3090//6859 3093//6859
f 3044//6860 3033//6860 3037//6860
f 3044//6861 3037//6861 3041//6861
f 3045//6862 3034//6862 3033//6862
f 3045//6863 3033//6863 3044//6863
f 3047//6864 3034//6864 3045//6864
f 3081//6865 3083//6865 3086//6865
f 3081//6866 3086//6866 3087//6866
f 3052//6867 3047//6867 3049//6867
f 3075//6868 3077//6868 3079//6868
f 3075//6869 3079//6869 3081//6869
f 3075//6870 3081//6870 3087//6870
f 3059//6871 3052//6871 3053//6871
f 3059//6872 3053//6872 3056//6872
f 3059//6873 3056//6873 3057//6873
f 3059//6874 3139//6874 3147//6874
f 3059//6875 3047//6875 3052//6875
f 3059//6876 3034//6876 3047//6876
f 3059//6877 3147//6877 3273//6877
f 3059//6878 3273//6878 3034//6878
f 3070//6879 3072//6879 3073//6879
f 3063//6880 3098//6880 3139//6880
f 3063//6881 3059//6881 3062//6881
f 3063//6882 3087//6882 3098//6882
f 3063//6883 3139//6883 3059//6883
f 3065//6884 3067//6884 3070//6884
f 3065//6885 3073//6885 3075//6885
f 3065//6886 3070//6886 3073//6886
f 3065//6887 3075//6887 3087//6887
f 3065//6888 3087//6888 3063//6888
f 3192//6889 3198//6889 3194//6889
f 3194//6890 3198//6890 3196//6890
f 3186//6891 3184//6891 3188//6891
f 3198//6892 3203//6892 3200//6892
f 3200//6893 3203//6893 3202//6893
f 3184//6894 3176//6894 3188//6894
f 3178//6895 3176//6895 3180//6895
f 3180//6896 3176//6896 3182//6896
f 3182//6897 3176//6897 3184//6897
f 3188//6898 3176//6898 3190//6898
f 3192//6899 3210//6899 3198//6899
f 3198//6900 3210//6900 3203//6900
f 3190//6901 3210//6901 3192//6901
f 3203//6902 3210//6902 3206//6902
f 3206//6903 3210//6903 3208//6903
f 3172//6904 3170//6904 3174//6904
f 3174//6905 3170//6905 3176//6905
f 3210//6906 3214//6906 3212//6906
f 3210//6907 3216//6907 3214//6907
f 3168//6908 3166//6908 3170//6908
f 3216//6909 3220//6909 3218//6909
f 3210//6910 3224//6910 3216//6910
f 3216//6911 3224//6911 3220//6911
f 3220//6912 3224//6912 3222//6912
f 3158//6913 3156//6913 3160//6913
f 3160//6914 3156//6914 3162//6914
f 3224//6915 3228//6915 3226//6915
f 3224//6916 3230//6916 3228//6916
f 3224//6917 3232//6917 3230//6917
f 3150//6918 3148//6918 3152//6918
f 3152//6919 3148//6919 3154//6919
f 3154//6920 3148//6920 3156//6920
f 3162//6921 3148//6921 3164//6921
f 3164//6922 3148//6922 3166//6922
f 3170//6923 3148//6923 3176//6923
f 3166//6924 3148//6924 3170//6924
f 3156//6925 3148//6925 3162//6925
f 3234//6926 3240//6926 3236//6926
f 3236//6927 3240//6927 3238//6927
f 3232//6928 3240//6928 3234//6928
f 3142//6929 3140//6929 3144//6929
f 3144//6930 3140//6930 3146//6930
f 3146//6931 3140//6931 3148//6931
f 3138//6932 3136//6932 3140//6932
f 3240//6933 3247//6933 3241//6933
f 3241//6934 3247//6934 3243//6934
f 3243//6935 3247//6935 3246//6935
f 3240//6936 3250//6936 3247//6936
f 3232//6937 3250//6937 3240//6937
f 3132//6938 3130//6938 3134//6938
f 3134//6939 3130//6939 3136//6939
f 3250//6940 3254//6940 3252//6940
f 3232//6941 3254//6941 3250//6941
f 3224//6942 3254//6942 3232//6942
f 3130//6943 3126//6943 3136//6943
f 3128//6944 3126//6944 3130//6944
f 3254//6945 3259//6945 3256//6945
f 3256//6946 3259//6946 3257//6946
f 3254//6947 3262//6947 3259//6947
f 3122//6948 3120//6948 3124//6948
f 3124//6949 3120//6949 3126//6949
f 3262//6950 3268//6950 3263//6950
f 3263//6951 3268//6951 3266//6951
f 3116//6952 3114//6952 3118//6952
f 3118//6953 3114//6953 3120//6953
f 3126//6954 3114//6954 3136//6954
f 3120//6955 3114//6955 3126//6955
f 3268//6956 3272//6956 3270//6956
f 3148//6957 3274//6957 3176//6957
f 3224//6958 3274//6958 3254//6958
f 3176//6959 3274//6959 3190//6959
f 3262//6960 3274//6960 3268//6960
f 3190//6961 3274//6961 3210//6961
f 3254//6962 3274//6962 3262//6962
f 3268//6963 3274//6963 3272//6963
f 3210//6964 3274//6964 3224//6964
f 3110//6965 3108//6965 3112//6965
f 3112//6966 3108//6966 3114//6966
f 3136//6967 3108//6967 3140//6967
f 3114//6968 3108//6968 3136//6968
f 3108//6969 3105//6969 3140//6969
f 3105//6970 3104//6970 3140//6970
f 3274//6971 3282//6971 3276//6971
f 3276//6972 3282//6972 3278//6972
f 3278//6973 3282//6973 3279//6973
f 3274//6974 3283//6974 3282//6974
f 3104//6975 3097//6975 3140//6975
f 3099//6976 3097//6976 3102//6976
f 3102//6977 3097//6977 3104//6977
f 3274//6978 3035//6978 3283//6978
f 3096//6979 3094//6979 3097//6979
f 3092//6980 3089//6980 3094//6980
f 3038//6981 3042//6981 3040//6981
f 3094//6982 3088//6982 3097//6982
f 3089//6983 3088//6983 3094//6983
f 3036//6984 3043//6984 3038//6984
f 3038//6985 3043//6985 3042//6985
f 3035//6986 3046//6986 3036//6986
f 3036//6987 3046//6987 3043//6987
f 3035//6988 3048//6988 3046//6988
f 3084//6989 3082//6989 3085//6989
f 3085//6990 3082//6990 3088//6990
f 3048//6991 3051//6991 3050//6991
f 3078//6992 3076//6992 3080//6992
f 3080//6993 3076//6993 3082//6993
f 3082//6994 3076//6994 3088//6994
f 3051//6995 3060//6995 3054//6995
f 3054//6996 3060//6996 3055//6996
f 3055//6997 3060//6997 3058//6997
f 3140//6998 3060//6998 3148//6998
f 3048//6999 3060//6999 3051//6999
f 3035//7000 3060//7000 3048//7000
f 3148//7001 3060//7001 3274//7001
f 3274//7002 3060//7002 3035//7002
f 3071//7003 3069//7003 3074//7003
f 3097//7004 3064//7004 3140//7004
f 3060//7005 3064//7005 3061//7005
f 3088//7006 3064//7006 3097//7006
f 3140//7007 3064//7007 3060//7007
f 3068//7008 3066//7008 3069//7008
f 3074//7009 3066//7009 3076//7009
f 3069//7010 3066//7010 3074//7010
f 3076//7011 3066//7011 3088//7011
f 3088//7012 3066//7012 3064//7012
